Report ID,Report Version,Reporting Entity,Report Type,Report Month,Report Year,Report Submission Date,VIN,VIN - Unknown,Serial Number,Make,Model,Model - Unknown,Model Year,Model Year - Unknown,Same Vehicle ID,Mileage,Mileage - Unknown,Driver / Operator Type,ADAS/ADS System Version,ADAS/ADS System Version - Unk,ADAS/ADS System Version CBI,ADAS/ADS Hardware Version,ADAS/ADS Hardware Version - Unk,ADAS/ADS Hardware Version CBI,ADAS/ADS Software Version,ADAS/ADS Software Version - Unk,ADAS/ADS Software Version CBI,Other Reporting Entities?,Other Reporting Entities? - Unk,Other Reporting Entities? - NA,Federal Regulatory Exemption?,Other Federal Reg. Exemption,Federal Reg. Exemption - Unk,Federal Reg. Exemption - No,State or Local Permit?,State or Local Permit,ADS Equipped?,Automation System Engaged?,Operating Entity,Operating Entity - Unknown,Source - Complaint/Claim,Source - Telematics,Source - Law Enforcement,Source - Field Report,Source - Testing,Source - Media,Source - Other,Source - Other Text,Incident Date,Incident Date - Unknown,Notice Received Date,Incident Time (24:00),Incident Time - Unknown,Same Incident ID,Latitude,Latitude - Unknown,Longitude,Longitude - Unknown,Address,Address - Unknown,City,City - Unknown,State,Zip Code,Zip Code - Unknown,Roadway Type,Roadway Surface,Roadway Description,Posted Speed Limit (MPH),Posted Speed Limit - Unknown,Lighting,Weather - Clear,Weather - Snow,Weather - Cloudy,Weather - Fog/Smoke,Weather - Rain,Weather - Severe Wind,Weather - Unknown,Weather - Other,Weather - Other Text,Crash With,Highest Injury Severity Alleged,Property Damage?,CP Pre-Crash Movement,CP Any Air Bags Deployed?,CP Was Vehicle Towed?,CP Contact Area - Rear Left,CP Contact Area - Left,CP Contact Area - Front Left,CP Contact Area - Rear,CP Contact Area - Top,CP Contact Area - Front,CP Contact Area - Rear Right,CP Contact Area - Right,CP Contact Area - Front Right,CP Contact Area - Bottom,CP Contact Area - Unknown,SV Pre-Crash Movement,SV Any Air Bags Deployed?,SV Was Vehicle Towed?,SV Were All Passengers Belted?,SV Precrash Speed (MPH),SV Pre-crash Speed - Unknown,SV Contact Area - Rear Left,SV Contact Area - Left,SV Contact Area - Front Left,SV Contact Area - Rear,SV Contact Area - Top,SV Contact Area - Front,SV Contact Area - Rear Right,SV Contact Area - Right,SV Contact Area - Front Right,SV Contact Area - Bottom,SV Contact Area - Unknown,Data Availability - EDR,Data Availability - Police Rpt,Data Availability - Telematics,Data Availability - Complaints,Data Availability - Video,Data Availability - Other,Data Availability - No Data,Data Availability - Unknown,Law Enforcement Investigating?,Investigating Agency,Investigating Agency - Unknown,Rep Ent Or Mfr Investigating?,Investigating Officer Name,Inv. Officer Name - Unknown,Investigating Officer Phone,Inv. Officer Phone - Unknown,Investigating Officer Email,Inv. Officer Email - Unknown,Within ODD?,Within ODD? - CBI,Narrative,Narrative - CBI?
842-6348,1,Mazda North American Operations,No New or Updated Incident Reports,9,2023,SEP-2023,, ,,,, ,, , ,, ,,, , ,, , ,, , ,,,,,,,,,,,,, , , , , , , , ,,, ,,, , ,, ,, ,, ,, ,,, ,,,,, ,, , , , , , , , ,,,,,,,, , , , , , , , , , , ,,,,,, , , , , , , , , , , , , , , , , , ,, ,,, ,,, ,, ,, ,, ,,
753-6345,1,"Kia America, Inc.",No New or Updated Incident Reports,9,2023,SEP-2023,, ,,,, ,, , ,, ,,, , ,, , ,, , ,,,,,,,,,,,,, , , , , , , , ,,, ,,, , ,, ,, ,, ,, ,,, ,,,,, ,, , , , , , , , ,,,,,,,, , , , , , , , , , , ,,,,,, , , , , , , , , , , , , , , , , , ,, ,,, ,,, ,, ,, ,, ,,
30792-6334,1,WeRide Corp,No New or Updated Incident Reports,9,2023,SEP-2023,, ,,,, ,, , ,, ,,, , ,, , ,, , ,,,,,,,,,,,,, , , , , , , , ,,, ,,, , ,, ,, ,, ,, ,,, ,,,,, ,, , , , , , , , ,,,,,,,, , , , , , , , , , , ,,,,,, , , , , , , , , , , , , , , , , , ,, ,,, ,,, ,, ,, ,, ,,
30690-6333,1,Robotic Research,No New or Updated Incident Reports,8,2023,SEP-2023,, ,,,, ,, , ,, ,,, , ,, , ,, , ,,,,,,,,,,,,, , , , , , , , ,,, ,,, , ,, ,, ,, ,, ,,, ,,,,, ,, , , , , , , , ,,,,,,,, , , , , , , , , , , ,,,,,, , , , , , , , , , , , , , , , , , ,, ,,, ,,, ,, ,, ,, ,,
30350-6332,1,AImotive Inc,No New or Updated Incident Reports,9,2023,SEP-2023,, ,,,, ,, , ,, ,,, , ,, , ,, , ,,,,,,,,,,,,, , , , , , , , ,,, ,,, , ,, ,, ,, ,, ,,, ,,,,, ,, , , , , , , , ,,,,,,,, , , , , , , , , , , ,,,,,, , , , , , , , , , , , , , , , , , ,, ,,, ,,, ,, ,, ,, ,,
502-6331,1,Ford Motor Company,No New or Updated Incident Reports,8,2023,SEP-2023,, ,,,, ,, , ,, ,,, , ,, , ,, , ,,,,,,,,,,,,, , , , , , , , ,,, ,,, , ,, ,, ,, ,, ,,, ,,,,, ,, , , , , , , , ,,,,,,,, , , , , , , , , , , ,,,,,, , , , , , , , , , , , , , , , , , ,, ,,, ,,, ,, ,, ,, ,,
30632-6330,1,Deeproute.ai Ltd.,No New or Updated Incident Reports,8,2023,SEP-2023,, ,,,, ,, , ,, ,,, , ,, , ,, , ,,,,,,,,,,,,, , , , , , , , ,,, ,,, , ,, ,, ,, ,, ,,, ,,,,, ,, , , , , , , , ,,,,,,,, , , , , , , , , , , ,,,,,, , , , , , , , , , , , , , , , , , ,, ,,, ,,, ,, ,, ,, ,,
30571-6329,1,NVIDIA CORP,No New or Updated Incident Reports,9,2023,SEP-2023,, ,,,, ,, , ,, ,,, , ,, , ,, , ,,,,,,,,,,,,, , , , , , , , ,,, ,,, , ,, ,, ,, ,, ,,, ,,,,, ,, , , , , , , , ,,,,,,,, , , , , , , , , , , ,,,,,, , , , , , , , , , , , , , , , , , ,, ,,, ,,, ,, ,, ,, ,,
28349-6328,1,"Lucid USA, Inc.",No New or Updated Incident Reports,9,2023,SEP-2023,, ,,,, ,, , ,, ,,, , ,, , ,, , ,,,,,,,,,,,,, , , , , , , , ,,, ,,, , ,, ,, ,, ,, ,,, ,,,,, ,, , , , , , , , ,,,,,,,, , , , , , , , , , , ,,,,,, , , , , , , , , , , , , , , , , , ,, ,,, ,,, ,, ,, ,, ,,
30351-6327,1,comma.ai,No New or Updated Incident Reports,9,2023,SEP-2023,, ,,,, ,, , ,, ,,, , ,, , ,, , ,,,,,,,,,,,,, , , , , , , , ,,, ,,, , ,, ,, ,, ,, ,,, ,,,,, ,, , , , , , , , ,,,,,,,, , , , , , , , , , , ,,,,,, , , , , , , , , , , , , , , , , , ,, ,,, ,,, ,, ,, ,, ,,
30310-6326,1,First Transit,No New or Updated Incident Reports,9,2023,SEP-2023,, ,,,, ,, , ,, ,,, , ,, , ,, , ,,,,,,,,,,,,, , , , , , , , ,,, ,,, , ,, ,, ,, ,, ,,, ,,,,, ,, , , , , , , , ,,,,,,,, , , , , , , , , , , ,,,,,, , , , , , , , , , , , , , , , , , ,, ,,, ,,, ,, ,, ,, ,,
1420-6325,1,"Volkswagen Group of America, Inc.",No New or Updated Incident Reports,9,2023,SEP-2023,, ,,,, ,, , ,, ,,, , ,, , ,, , ,,,,,,,,,,,,, , , , , , , , ,,, ,,, , ,, ,, ,, ,, ,,, ,,,,, ,, , , , , , , , ,,,,,,,, , , , , , , , , , , ,,,,,, , , , , , , , , , , , , , , , , , ,, ,,, ,,, ,, ,, ,, ,,
669-6324,1,Hyundai Motor America,No New or Updated Incident Reports,9,2023,SEP-2023,, ,,,, ,, , ,, ,,, , ,, , ,, , ,,,,,,,,,,,,, , , , , , , , ,,, ,,, , ,, ,, ,, ,, ,,, ,,,,, ,, , , , , , , , ,,,,,,,, , , , , , , , , , , ,,,,,, , , , , , , , , , , , , , , , , , ,, ,,, ,,, ,, ,, ,, ,,
30490-6323,1,"Beep, Inc.",No New or Updated Incident Reports,8,2023,SEP-2023,, ,,,, ,, , ,, ,,, , ,, , ,, , ,,,,,,,,,,,,, , , , , , , , ,,, ,,, , ,, ,, ,, ,, ,,, ,,,,, ,, , , , , , , , ,,,,,,,, , , , , , , , , , , ,,,,,, , , , , , , , , , , , , , , , , , ,, ,,, ,,, ,, ,, ,, ,,
1042-6322,1,"Porsche Cars North America, Inc.",No New or Updated Incident Reports,9,2023,SEP-2023,, ,,,, ,, , ,, ,,, , ,, , ,, , ,,,,,,,,,,,,, , , , , , , , ,,, ,,, , ,, ,, ,, ,, ,,, ,,,,, ,, , , , , , , , ,,,,,,,, , , , , , , , , , , ,,,,,, , , , , , , , , , , , , , , , , , ,, ,,, ,,, ,, ,, ,, ,,
19901-6321,1,Valeo,No New or Updated Incident Reports,8,2023,SEP-2023,, ,,,, ,, , ,, ,,, , ,, , ,, , ,,,,,,,,,,,,, , , , , , , , ,,, ,,, , ,, ,, ,, ,, ,,, ,,,,, ,, , , , , , , , ,,,,,,,, , , , , , , , , , , ,,,,,, , , , , , , , , , , , , , , , , , ,, ,,, ,,, ,, ,, ,, ,,
273-6320,1,"Chrysler (FCA US, LLC)",No New or Updated Incident Reports,9,2023,SEP-2023,, ,,,, ,, , ,, ,,, , ,, , ,, , ,,,,,,,,,,,,, , , , , , , , ,,, ,,, , ,, ,, ,, ,, ,,, ,,,,, ,, , , , , , , , ,,,,,,,, , , , , , , , , , , ,,,,,, , , , , , , , , , , , , , , , , , ,, ,,, ,,, ,, ,, ,, ,,
540-6319,1,"General Motors, LLC",No New or Updated Incident Reports,8,2023,SEP-2023,, ,,,, ,, , ,, ,,, , ,, , ,, , ,,,,,,,,,,,,, , , , , , , , ,,, ,,, , ,, ,, ,, ,, ,,, ,,,,, ,, , , , , , , , ,,,,,,,, , , , , , , , , , , ,,,,,, , , , , , , , , , , , , , , , , , ,, ,,, ,,, ,, ,, ,, ,,
855-6314,1,"Mercedes-Benz USA, LLC",No New or Updated Incident Reports,9,2023,SEP-2023,, ,,,, ,, , ,, ,,, , ,, , ,, , ,,,,,,,,,,,,, , , , , , , , ,,, ,,, , ,, ,, ,, ,, ,,, ,,,,, ,, , , , , , , , ,,,,,,,, , , , , , , , , , , ,,,,,, , , , , , , , , , , , , , , , , , ,, ,,, ,,, ,, ,, ,, ,,
33500-6312,1,Latitude AI,No New or Updated Incident Reports,8,2023,SEP-2023,, ,,,, ,, , ,, ,,, , ,, , ,, , ,,,,,,,,,,,,, , , , , , , , ,,, ,,, , ,, ,, ,, ,, ,,, ,,,,, ,, , , , , , , , ,,,,,,,, , , , , , , , , , , ,,,,,, , , , , , , , , , , , , , , , , , ,, ,,, ,,, ,, ,, ,, ,,
30291-6309,1,Nuro,No New or Updated Incident Reports,8,2023,SEP-2023,, ,,,, ,, , ,, ,,, , ,, , ,, , ,,,,,,,,,,,,, , , , , , , , ,,, ,,, , ,, ,, ,, ,, ,,, ,,,,, ,, , , , , , , , ,,,,,,,, , , , , , , , , , , ,,,,,, , , , , , , , , , , , , , , , , , ,, ,,, ,,, ,, ,, ,, ,,
883-6303,1,"Mitsubishi Motors North America, Inc.",No New or Updated Incident Reports,9,2023,SEP-2023,, ,,,, ,, , ,, ,,, , ,, , ,, , ,,,,,,,,,,,,, , , , , , , , ,,, ,,, , ,, ,, ,, ,, ,,, ,,,,, ,, , , , , , , , ,,,,,,,, , , , , , , , , , , ,,,,,, , , , , , , , , , , , , , , , , , ,, ,,, ,,, ,, ,, ,, ,,
31092-6301,1,"Einride AB, Nordic Innovation House",No New or Updated Incident Reports,8,2023,SEP-2023,, ,,,, ,, , ,, ,,, , ,, , ,, , ,,,,,,,,,,,,, , , , , , , , ,,, ,,, , ,, ,, ,, ,, ,,, ,,,,, ,, , , , , , , , ,,,,,,,, , , , , , , , , , , ,,,,,, , , , , , , , , , , , , , , , , , ,, ,,, ,,, ,, ,, ,, ,,
10767-6300,1,"Bentley Motors, Inc.",No New or Updated Incident Reports,8,2023,SEP-2023,, ,,,, ,, , ,, ,,, , ,, , ,, , ,,,,,,,,,,,,, , , , , , , , ,,, ,,, , ,, ,, ,, ,, ,,, ,,,,, ,, , , , , , , , ,,,,,,,, , , , , , , , , , , ,,,,,, , , , , , , , , , , , , , , , , , ,, ,,, ,,, ,, ,, ,, ,,
1712-6299,1,"Robert Bosch, LLC",No New or Updated Incident Reports,9,2023,SEP-2023,, ,,,, ,, , ,, ,,, , ,, , ,, , ,,,,,,,,,,,,, , , , , , , , ,,, ,,, , ,, ,, ,, ,, ,,, ,,,,, ,, , , , , , , , ,,,,,,,, , , , , , , , , , , ,,,,,, , , , , , , , , , , , , , , , , , ,, ,,, ,,, ,, ,, ,, ,,
540-6294,1,"General Motors, LLC",Monthly,8,2023,SEP-2023,5G21A6P03P4, ,N/A,Cruise,AV, ,2023, ,076842eb87a311d,1975, ,Remote (Commercial / Test),,Y, ,,Y, ,,Y, ,Cruise LLC, , ,,, ,Y,Yes (specify below),CA,Yes,ADS,Cruise LLC, , ,Y, ,Y, , , ,,AUG-2023, ,SEP-2023,16:06, ,e96092613d9dd35,[MAY CONTAIN PERSONALLY IDENTIFIABLE INFORMATION], ,[MAY CONTAIN PERSONALLY IDENTIFIABLE INFORMATION], ,[MAY CONTAIN PERSONALLY IDENTIFIABLE INFORMATION], ,San Francisco, ,CA ,[MAY CONTAIN PERSONALLY IDENTIFIABLE INFORMATION], ,Intersection,Dry,No Unusual Conditions,25, ,Daylight,Y, , , , , , , ,,Passenger Car,Minor,Yes,Proceeding Straight,No,No, , , , , , , , ,Y, , ,Making Right Turn,No,No,Yes,1, ,Y, , , , , , , , , , ,Y, ,Y, ,Y,Y, , ,No,, ,Yes,, ,, ,, ,"Unknown, see Narrative", ,"On September 15, 2023, GM Cruise Holdings LLC (""Cruise"") filed an Incident Report (the ""Report"") under the Second Amended Standing General Order 2021-01, dated April 5, 2023 (the ""Order"") General Motors LLC (GM) manufactured the Cruise-operated motor vehicle involved in the incident summarized in the Incident Report. Because GM is also a Reporting Entity under the Order, GM is submitting a duplicate of the redacted public copy of the Report. GM has selected ""Unknown"" in the ""ADS version"" and ""ODD time"" fields solely to avoid a second submission of nonpublic Cruise CBI GM is in possession of Cruise's responses to these fields, and incorporates Cruise's responses into this submission by reference. GM's submission is based on facts supplied to GM by Cruise. GM has not investigated the alleged incident and currently believes, based on a reasonable inquiry, that it has no independent knowledge of the facts in the Report. (Reference file: 30412-6270-1)",
540-6293,1,"General Motors, LLC",Monthly,8,2023,SEP-2023,5G21A6P00P4, ,N/A,Cruise,AV, ,2023, ,855beb2ad4ea0c6,8236, ,Remote (Commercial / Test),,Y, ,,Y, ,,Y, ,Cruise LLC, , ,,, ,Y,Yes (specify below),CA,Yes,ADS,Cruise LLC, , ,Y, ,Y, , , ,,AUG-2023, ,SEP-2023,14:53, ,a1a3b76299c95c4,[MAY CONTAIN PERSONALLY IDENTIFIABLE INFORMATION], ,[MAY CONTAIN PERSONALLY IDENTIFIABLE INFORMATION], ,[MAY CONTAIN PERSONALLY IDENTIFIABLE INFORMATION], ,San Francisco, ,CA ,[MAY CONTAIN PERSONALLY IDENTIFIABLE INFORMATION], ,Intersection,Dry,No Unusual Conditions,25, ,Daylight,Y, , , , , , , ,,Pickup Truck,No Injuries Reported,Yes,Proceeding Straight,No,No, , , , , , , , ,Y, , ,Stopped,No,No,No Passengers in Vehicle,0, ,Y, , , , , , , , , , ,Y, ,Y, ,Y,Y, , ,No,, ,Yes,, ,, ,, ,"Unknown, see Narrative", ,"On September 15, 2023, GM Cruise Holdings LLC (""Cruise"") filed an Incident Report (the ""Report"") under the Second Amended Standing General Order 2021-01, dated April 5, 2023 (the ""Order"") General Motors LLC (GM) manufactured the Cruise-operated motor vehicle involved in the incident summarized in the Incident Report. Because GM is also a Reporting Entity under the Order, GM is submitting a duplicate of the redacted public copy of the Report. GM has selected ""Unknown"" in the ""ADS version"" and ""ODD time"" fields solely to avoid a second submission of nonpublic Cruise CBI GM is in possession of Cruise's responses to these fields, and incorporates Cruise's responses into this submission by reference. GM's submission is based on facts supplied to GM by Cruise. GM has not investigated the alleged incident and currently believes, based on a reasonable inquiry, that it has no independent knowledge of the facts in the Report. (Reference file: 30412-6271-1)",
28509-6292,1,"Polestar Automotive USA, Inc.",No New or Updated Incident Reports,9,2023,SEP-2023,, ,,,, ,, , ,, ,,, , ,, , ,, , ,,,,,,,,,,,,, , , , , , , , ,,, ,,, , ,, ,, ,, ,, ,,, ,,,,, ,, , , , , , , , ,,,,,,,, , , , , , , , , , , ,,,,,, , , , , , , , , , , , , , , , , , ,, ,,, ,,, ,, ,, ,, ,,
1422-6291,1,"Volvo Car USA, LLC",No New or Updated Incident Reports,9,2023,SEP-2023,, ,,,, ,, , ,, ,,, , ,, , ,, , ,,,,,,,,,,,,, , , , , , , , ,,, ,,, , ,, ,, ,, ,, ,,, ,,,,, ,, , , , , , , , ,,,,,,,, , , , , , , , , , , ,,,,,, , , , , , , , , , , , , , , , , , ,, ,,, ,,, ,, ,, ,, ,,
1243-6285,1,"Subaru of America, Inc.",No New or Updated Incident Reports,9,2023,SEP-2023,, ,,,, ,, , ,, ,,, , ,, , ,, , ,,,,,,,,,,,,, , , , , , , , ,,, ,,, , ,, ,, ,, ,, ,,, ,,,,, ,, , , , , , , , ,,,,,,,, , , , , , , , , , , ,,,,,, , , , , , , , , , , , , , , , , , ,, ,,, ,,, ,, ,, ,, ,,
837-6284,1,"Maserati North America, Inc.",No New or Updated Incident Reports,9,2023,SEP-2023,, ,,,, ,, , ,, ,,, , ,, , ,, , ,,,,,,,,,,,,, , , , , , , , ,,, ,,, , ,, ,, ,, ,, ,,, ,,,,, ,, , , , , , , , ,,,,,,,, , , , , , , , , , , ,,,,,, , , , , , , , , , , , , , , , , , ,, ,,, ,,, ,, ,, ,, ,,
30451-6283,1,Gatik AI Inc.,No New or Updated Incident Reports,9,2023,SEP-2023,, ,,,, ,, , ,, ,,, , ,, , ,, , ,,,,,,,,,,,,, , , , , , , , ,,, ,,, , ,, ,, ,, ,, ,,, ,,,,, ,, , , , , , , , ,,,,,,,, , , , , , , , , , , ,,,,,, , , , , , , , , , , , , , , , , , ,, ,,, ,,, ,, ,, ,, ,,
11196-6261,1,"Denso International America, Inc.",No New or Updated Incident Reports,8,2023,SEP-2023,, ,,,, ,, , ,, ,,, , ,, , ,, , ,,,,,,,,,,,,, , , , , , , , ,,, ,,, , ,, ,, ,, ,, ,,, ,,,,, ,, , , , , , , , ,,,,,,,, , , , , , , , , , , ,,,,,, , , , , , , , , , , , , , , , , , ,, ,,, ,,, ,, ,, ,, ,,
30510-6260,1,"Cyngn, Inc",No New or Updated Incident Reports,9,2023,SEP-2023,, ,,,, ,, , ,, ,,, , ,, , ,, , ,,,,,,,,,,,,, , , , , , , , ,,, ,,, , ,, ,, ,, ,, ,,, ,,,,, ,, , , , , , , , ,,,,,,,, , , , , , , , , , , ,,,,,, , , , , , , , , , , , , , , , , , ,, ,,, ,,, ,, ,, ,, ,,
30590-6259,1,Apple Inc.,No New or Updated Incident Reports,8,2023,SEP-2023,, ,,,, ,, , ,, ,,, , ,, , ,, , ,,,,,,,,,,,,, , , , , , , , ,,, ,,, , ,, ,, ,, ,, ,,, ,,,,, ,, , , , , , , , ,,,,,,,, , , , , , , , , , , ,,,,,, , , , , , , , , , , , , , , , , , ,, ,,, ,,, ,, ,, ,, ,,
30634-6258,1,PlusAI Inc,No New or Updated Incident Reports,9,2023,SEP-2023,, ,,,, ,, , ,, ,,, , ,, , ,, , ,,,,,,,,,,,,, , , , , , , , ,,, ,,, , ,, ,, ,, ,, ,,, ,,,,, ,, , , , , , , , ,,,,,,,, , , , , , , , , , , ,,,,,, , , , , , , , , , , , , , , , , , ,, ,,, ,,, ,, ,, ,, ,,
14961-6256,1,"Jaguar Land Rover North America, LLC",No New or Updated Incident Reports,9,2023,SEP-2023,, ,,,, ,, , ,, ,,, , ,, , ,, , ,,,,,,,,,,,,, , , , , , , , ,,, ,,, , ,, ,, ,, ,, ,,, ,,,,, ,, , , , , , , , ,,,,,,,, , , , , , , , , , , ,,,,,, , , , , , , , , , , , , , , , , , ,, ,,, ,,, ,, ,, ,, ,,
5341-6255,1,WABCO USA LLC,No New or Updated Incident Reports,9,2023,SEP-2023,, ,,,, ,, , ,, ,,, , ,, , ,, , ,,,,,,,,,,,,, , , , , , , , ,,, ,,, , ,, ,, ,, ,, ,,, ,,,,, ,, , , , , , , , ,,,,,,,, , , , , , , , , , , ,,,,,, , , , , , , , , , , , , , , , , , ,, ,,, ,,, ,, ,, ,, ,,
10516-6254,1,"ZF North America, Inc.",No New or Updated Incident Reports,9,2023,SEP-2023,, ,,,, ,, , ,, ,,, , ,, , ,, , ,,,,,,,,,,,,, , , , , , , , ,,, ,,, , ,, ,, ,, ,, ,,, ,,,,, ,, , , , , , , , ,,,,,,,, , , , , , , , , , , ,,,,,, , , , , , , , , , , , , , , , , , ,, ,,, ,,, ,, ,, ,, ,,
30610-6253,1,"Zoox, Inc.",No New or Updated Incident Reports,8,2023,SEP-2023,, ,,,, ,, , ,, ,,, , ,, , ,, , ,,,,,,,,,,,,, , , , , , , , ,,, ,,, , ,, ,, ,, ,, ,,, ,,,,, ,, , , , , , , , ,,,,,,,, , , , , , , , , , , ,,,,,, , , , , , , , , , , , , , , , , , ,, ,,, ,,, ,, ,, ,, ,,
30533-6250,1,STEER Tech,No New or Updated Incident Reports,8,2023,SEP-2023,, ,,,, ,, , ,, ,,, , ,, , ,, , ,,,,,,,,,,,,, , , , , , , , ,,, ,,, , ,, ,, ,, ,, ,,, ,,,,, ,, , , , , , , , ,,,,,,,, , , , , , , , , , , ,,,,,, , , , , , , , , , , , , , , , , , ,, ,,, ,,, ,, ,, ,, ,,
988-6249,1,PACCAR Incorporated,No New or Updated Incident Reports,8,2023,SEP-2023,, ,,,, ,, , ,, ,,, , ,, , ,, , ,,,,,,,,,,,,, , , , , , , , ,,, ,,, , ,, ,, ,, ,, ,,, ,,,,, ,, , , , , , , , ,,,,,,,, , , , , , , , , , , ,,,,,, , , , , , , , , , , , , , , , , , ,, ,,, ,,, ,, ,, ,, ,,
30650-6248,1,"Qualcomm Technlogies, Inc",No New or Updated Incident Reports,9,2023,SEP-2023,, ,,,, ,, , ,, ,,, , ,, , ,, , ,,,,,,,,,,,,, , , , , , , , ,,, ,,, , ,, ,, ,, ,, ,,, ,,,,, ,, , , , , , , , ,,,,,,,, , , , , , , , , , , ,,,,,, , , , , , , , , , , , , , , , , , ,, ,,, ,,, ,, ,, ,, ,,
30711-6247,1,Pony.ai,No New or Updated Incident Reports,9,2023,SEP-2023,, ,,,, ,, , ,, ,,, , ,, , ,, , ,,,,,,,,,,,,, , , , , , , , ,,, ,,, , ,, ,, ,, ,, ,,, ,,,,, ,, , , , , , , , ,,,,,,,, , , , , , , , , , , ,,,,,, , , , , , , , , , , , , , , , , , ,, ,,, ,,, ,, ,, ,, ,,
30793-6246,1,"Woven Planet North America, Inc.",No New or Updated Incident Reports,8,2023,SEP-2023,, ,,,, ,, , ,, ,,, , ,, , ,, , ,,,,,,,,,,,,, , , , , , , , ,,, ,,, , ,, ,, ,, ,, ,,, ,,,,, ,, , , , , , , , ,,,,,,,, , , , , , , , , , , ,,,,,, , , , , , , , , , , , , , , , , , ,, ,,, ,,, ,, ,, ,, ,,
690-6245,1,Isuzu Motors Limited,No New or Updated Incident Reports,8,2023,SEP-2023,, ,,,, ,, , ,, ,,, , ,, , ,, , ,,,,,,,,,,,,, , , , , , , , ,,, ,,, , ,, ,, ,, ,, ,,, ,,,,, ,, , , , , , , , ,,,,,,,, , , , , , , , , , , ,,,,,, , , , , , , , , , , , , , , , , , ,, ,,, ,,, ,, ,, ,, ,,
30370-6243,1,TuSimple,No New or Updated Incident Reports,8,2023,SEP-2023,, ,,,, ,, , ,, ,,, , ,, , ,, , ,,,,,,,,,,,,, , , , , , , , ,,, ,,, , ,, ,, ,, ,, ,,, ,,,,, ,, , , , , , , , ,,,,,,,, , , , , , , , , , , ,,,,,, , , , , , , , , , , , , , , , , , ,, ,,, ,,, ,, ,, ,, ,,
33257-6240,1,"VinFast Auto, LLC",No New or Updated Incident Reports,9,2023,SEP-2023,, ,,,, ,, , ,, ,,, , ,, , ,, , ,,,,,,,,,,,,, , , , , , , , ,,, ,,, , ,, ,, ,, ,, ,,, ,,,,, ,, , , , , , , , ,,,,,,,, , , , , , , , , , , ,,,,,, , , , , , , , , , , , , , , , , , ,, ,,, ,,, ,, ,, ,, ,,
33475-6238,1,Oxbotica,No New or Updated Incident Reports,8,2023,SEP-2023,, ,,,, ,, , ,, ,,, , ,, , ,, , ,,,,,,,,,,,,, , , , , , , , ,,, ,,, , ,, ,, ,, ,, ,,, ,,,,, ,, , , , , , , , ,,,,,,,, , , , , , , , , , , ,,,,,, , , , , , , , , , , , , , , , , , ,, ,,, ,,, ,, ,, ,, ,,
30330-6237,1,"TORC Robotics, Inc.",No New or Updated Incident Reports,9,2023,SEP-2023,, ,,,, ,, , ,, ,,, , ,, , ,, , ,,,,,,,,,,,,, , , , , , , , ,,, ,,, , ,, ,, ,, ,, ,,, ,,,,, ,, , , , , , , , ,,,,,,,, , , , , , , , , , , ,,,,,, , , , , , , , , , , , , , , , , , ,, ,,, ,,, ,, ,, ,, ,,
472-6236,1,"Ferrari North America, Inc.",No New or Updated Incident Reports,8,2023,SEP-2023,, ,,,, ,, , ,, ,,, , ,, , ,, , ,,,,,,,,,,,,, , , , , , , , ,,, ,,, , ,, ,, ,, ,, ,,, ,,,,, ,, , , , , , , , ,,,,,,,, , , , , , , , , , , ,,,,,, , , , , , , , , , , , , , , , , , ,, ,,, ,,, ,, ,, ,, ,,
29990-6235,1,"Rivian Automotive, LLC",No New or Updated Incident Reports,8,2023,SEP-2023,, ,,,, ,, , ,, ,,, , ,, , ,, , ,,,,,,,,,,,,, , , , , , , , ,,, ,,, , ,, ,, ,, ,, ,,, ,,,,, ,, , , , , , , , ,,,,,,,, , , , , , , , , , , ,,,,,, , , , , , , , , , , , , , , , , , ,, ,,, ,,, ,, ,, ,, ,,
30411-6234,1,Pronto AI,No New or Updated Incident Reports,8,2023,SEP-2023,, ,,,, ,, , ,, ,,, , ,, , ,, , ,,,,,,,,,,,,, , , , , , , , ,,, ,,, , ,, ,, ,, ,, ,,, ,,,,, ,, , , , , , , , ,,,,,,,, , , , , , , , , , , ,,,,,, , , , , , , , , , , , , , , , , , ,, ,,, ,,, ,, ,, ,, ,,
1421-6233,1,Volvo Trucks North America,No New or Updated Incident Reports,9,2023,SEP-2023,, ,,,, ,, , ,, ,,, , ,, , ,, , ,,,,,,,,,,,,, , , , , , , , ,,, ,,, , ,, ,, ,, ,, ,,, ,,,,, ,, , , , , , , , ,,,,,,,, , , , , , , , , , , ,,,,,, , , , , , , , , , , , , , , , , , ,, ,,, ,,, ,, ,, ,, ,,
30410-6232,1,Motional,No New or Updated Incident Reports,8,2023,SEP-2023,, ,,,, ,, , ,, ,,, , ,, , ,, , ,,,,,,,,,,,,, , , , , , , , ,,, ,,, , ,, ,, ,, ,, ,,, ,,,,, ,, , , , , , , , ,,,,,,,, , , , , , , , , , , ,,,,,, , , , , , , , , , , , , , , , , , ,, ,,, ,,, ,, ,, ,, ,,
30630-6231,1,Ambarella,No New or Updated Incident Reports,8,2023,SEP-2023,, ,,,, ,, , ,, ,,, , ,, , ,, , ,,,,,,,,,,,,, , , , , , , , ,,, ,,, , ,, ,, ,, ,, ,,, ,,,,, ,, , , , , , , , ,,,,,,,, , , , , , , , , , , ,,,,,, , , , , , , , , , , , , , , , , , ,, ,,, ,,, ,, ,, ,, ,,