Report ID,Report Version,Reporting Entity,Report Type,Report Month,Report Year,Report Submission Date,VIN,VIN - Unknown,Serial Number,Make,Model,Model - Unknown,Model Year,Model Year - Unknown,Same Vehicle ID,Mileage,Mileage - Unknown,Driver / Operator Type,ADAS/ADS System Version,ADAS/ADS System Version - Unk,ADAS/ADS System Version CBI,ADAS/ADS Hardware Version,ADAS/ADS Hardware Version - Unk,ADAS/ADS Hardware Version CBI,ADAS/ADS Software Version,ADAS/ADS Software Version - Unk,ADAS/ADS Software Version CBI,Other Reporting Entities?,Other Reporting Entities? - Unk,Other Reporting Entities? - NA,Federal Regulatory Exemption?,Other Federal Reg. Exemption,Federal Reg. Exemption - Unk,Federal Reg. Exemption - No,State or Local Permit?,State or Local Permit,ADS Equipped?,Automation System Engaged?,Operating Entity,Operating Entity - Unknown,Source - Complaint/Claim,Source - Telematics,Source - Law Enforcement,Source - Field Report,Source - Testing,Source - Media,Source - Other,Source - Other Text,Incident Date,Incident Date - Unknown,Notice Received Date,Incident Time (24:00),Incident Time - Unknown,Same Incident ID,Latitude,Latitude - Unknown,Longitude,Longitude - Unknown,Address,Address - Unknown,City,City - Unknown,State,Zip Code,Zip Code - Unknown,Roadway Type,Roadway Surface,Roadway Description,Posted Speed Limit (MPH),Posted Speed Limit - Unknown,Lighting,Weather - Clear,Weather - Snow,Weather - Cloudy,Weather - Fog/Smoke,Weather - Rain,Weather - Severe Wind,Weather - Unknown,Weather - Other,Weather - Other Text,Crash With,Highest Injury Severity Alleged,Property Damage?,CP Pre-Crash Movement,CP Any Air Bags Deployed?,CP Was Vehicle Towed?,CP Contact Area - Rear Left,CP Contact Area - Left,CP Contact Area - Front Left,CP Contact Area - Rear,CP Contact Area - Top,CP Contact Area - Front,CP Contact Area - Rear Right,CP Contact Area - Right,CP Contact Area - Front Right,CP Contact Area - Bottom,CP Contact Area - Unknown,SV Pre-Crash Movement,SV Any Air Bags Deployed?,SV Was Vehicle Towed?,SV Were All Passengers Belted?,SV Precrash Speed (MPH),SV Pre-crash Speed - Unknown,SV Contact Area - Rear Left,SV Contact Area - Left,SV Contact Area - Front Left,SV Contact Area - Rear,SV Contact Area - Top,SV Contact Area - Front,SV Contact Area - Rear Right,SV Contact Area - Right,SV Contact Area - Front Right,SV Contact Area - Bottom,SV Contact Area - Unknown,Data Availability - EDR,Data Availability - Police Rpt,Data Availability - Telematics,Data Availability - Complaints,Data Availability - Video,Data Availability - Other,Data Availability - No Data,Data Availability - Unknown,Law Enforcement Investigating?,Investigating Agency,Investigating Agency - Unknown,Rep Ent Or Mfr Investigating?,Investigating Officer Name,Inv. Officer Name - Unknown,Investigating Officer Phone,Inv. Officer Phone - Unknown,Investigating Officer Email,Inv. Officer Email - Unknown,Within ODD?,Within ODD? - CBI,Narrative,Narrative - CBI?
540-5987,1,"General Motors, LLC",1-Day,,,JUL-2023,5G21A6P05P4, ,N/A,Cruise,AV, ,2023, ,0af0cbfd9f52fc7,9014, ,Remote (Commercial / Test),,Y, ,,Y, ,,Y, ,Cruise LLC, , ,,, ,Y,Yes (specify below),CA,Yes,ADS,Cruise LLC, , ,Y, ,Y, , , ,,JUL-2023, ,JUL-2023,06:41, ,0cc9d9a746d8ae5,[MAY CONTAIN PERSONALLY IDENTIFIABLE INFORMATION], ,[MAY CONTAIN PERSONALLY IDENTIFIABLE INFORMATION], ,[MAY CONTAIN PERSONALLY IDENTIFIABLE INFORMATION], ,San Francisco, ,CA ,[MAY CONTAIN PERSONALLY IDENTIFIABLE INFORMATION], ,Intersection,Dry,No Unusual Conditions,25, ,Daylight,Y, , , , , , , ,,Passenger Car,Unknown,Yes,Proceeding Straight,No,Unknown, , ,Y, , ,Y, , , , , ,Stopped,No,No,No Passengers in Vehicle,0, , , , , , ,Y, , ,Y, , ,Y, ,Y, ,Y,Y, , ,Yes,California Highway Patrol, ,Yes,[MAY CONTAIN PERSONALLY IDENTIFIABLE INFORMATION], ,,Y,,Y,"Unknown, see Narrative", ,"On July 24, 2023, GM Cruise Holdings LLC (""Cruise"") filed an Incident Report (the ""Report"") under the Second Amended Standing General Order 2021-01, dated April 5, 2023 (the Order). General Motors LLC (GM) manufactured the Cruise-operated motor vehicle involved in the incident summarized in the Incident Report. Because GM is also a Reporting Entity under the Order, GM is submitting a duplicate of the redacted public copy of the Report. GM has selected ""Unknown"" in the ""ADS version"" and ""ODD time"" fields solely to avoid a second submission of nonpublic Cruise CBI GM is in possession of Cruise's responses to these fields, and incorporates Cruise's responses into this submission by reference. GM's submission is based on facts supplied to GM by Cruise. GM has not investigated the alleged incident and currently believes, based on a reasonable inquiry, that it has no independent knowledge of the facts in the Report. (Reference file: 30412-5982-1)",
13781-5986,1,"Tesla, Inc.",1-Day,,,JUL-2023,5YJ3E1EA2MF, ,N/A,Tesla,Model 3, ,2021, ,542922146b47409,48570, ,Consumer,"[REDACTED, MAY CONTAIN CONFIDENTIAL BUSINESS INFORMATION]",Y,Y,"[REDACTED, MAY CONTAIN CONFIDENTIAL BUSINESS INFORMATION]", ,Y,"[REDACTED, MAY CONTAIN CONFIDENTIAL BUSINESS INFORMATION]", ,Y,,Y, ,,, ,Y,No,,No,"Unknown, see Narrative",, ,Y, , , , , , ,,APR-2023, ,JUL-2023,,Y,bee279c62450c14,,Y,,Y,,Y,,Y,UNK,,Y,Unknown,Unknown,Unknown,,Y,Unknown, , , , , , ,Y, ,,Non-Motorist: Pedestrian,Moderate,Yes,Unknown,,, , , , , , , , , , , ,Unknown,No,Yes,Unknown,,Y, , , , , , , , , , ,Y, , , , , ,Y, , ,Yes,,Y,Unknown,,Y,,Y,,Y,"[REDACTED, MAY CONTAIN CONFIDENTIAL BUSINESS INFORMATION]",Y,"[REDACTED, MAY CONTAIN CONFIDENTIAL BUSINESS INFORMATION]",Y
30412-5982,1,Cruise LLC,1-Day,,,JUL-2023,5G21A6P05P4, ,N/A,Cruise,AV, ,2023, ,0af0cbfd9f52fc7,9014, ,Remote (Commercial / Test),"[REDACTED, MAY CONTAIN CONFIDENTIAL BUSINESS INFORMATION]", ,Y,"[REDACTED, MAY CONTAIN CONFIDENTIAL BUSINESS INFORMATION]", ,Y,"[REDACTED, MAY CONTAIN CONFIDENTIAL BUSINESS INFORMATION]", ,Y,"General Motors, LLC", , ,,, ,Y,Yes (specify below),CA,Yes,ADS,Cruise LLC, , ,Y, ,Y, , , ,,JUL-2023, ,JUL-2023,06:41, ,0cc9d9a746d8ae5,[MAY CONTAIN PERSONALLY IDENTIFIABLE INFORMATION], ,[MAY CONTAIN PERSONALLY IDENTIFIABLE INFORMATION], ,[MAY CONTAIN PERSONALLY IDENTIFIABLE INFORMATION], ,San Francisco, ,CA ,[MAY CONTAIN PERSONALLY IDENTIFIABLE INFORMATION], ,Intersection,Dry,No Unusual Conditions,25, ,Daylight,Y, , , , , , , ,,Passenger Car,Unknown,Yes,Proceeding Straight,No,Unknown, , ,Y, , ,Y, , , , , ,Stopped,No,No,No Passengers in Vehicle,0, , , , , , ,Y, , ,Y, , ,Y, ,Y, ,Y,Y, , ,Yes,California Highway Patrol, ,Yes,[MAY CONTAIN PERSONALLY IDENTIFIABLE INFORMATION], ,,Y,,Y,"[REDACTED, MAY CONTAIN CONFIDENTIAL BUSINESS INFORMATION]",Y,"A Cruise autonomous vehicle (""Cruise AV""), operating in driverless autonomous mode, was at a complete stop in response to a red light on eastbound [XXX] at the intersection with [XXX]. While the Cruise AV was fully stopped, a multi-vehicle collision occurred on westbound [XXX] on the opposite side of the intersection from the Cruise AV. This caused one of the vehicles, a Toyota Camry, to continue forward across the intersection into the Cruise AV, damaging the front bumper fascia, front parking sensor and front surround camera of the Cruise AV. Police and Emergency Medical Services (EMS) were called to the scene. The passenger of the Toyota Camry was transported by EMS for further evaluation. Several involved vehicles were towed from the scene. [REDACTED, MAY CONTAIN CONFIDENTIAL BUSINESS INFORMATION]",Y
31099-5972,1,"Telenav, Inc.",No New or Updated Incident Reports,7,2023,JUL-2023,, ,,,, ,, , ,, ,,, , ,, , ,, , ,,,,,,,,,,,,, , , , , , , , ,,, ,,, , ,, ,, ,, ,, ,,, ,,,,, ,, , , , , , , , ,,,,,,,, , , , , , , , , , , ,,,,,, , , , , , , , , , , , , , , , , , ,, ,,, ,,, ,, ,, ,, ,,
29229-5970,1,"Lyft, Inc.",No New or Updated Incident Reports,6,2023,JUL-2023,, ,,,, ,, , ,, ,,, , ,, , ,, , ,,,,,,,,,,,,, , , , , , , , ,,, ,,, , ,, ,, ,, ,, ,,, ,,,,, ,, , , , , , , , ,,,,,,,, , , , , , , , , , , ,,,,,, , , , , , , , , , , , , , , , , , ,, ,,, ,,, ,, ,, ,, ,,
30350-5965,1,AImotive Inc,No New or Updated Incident Reports,7,2023,JUL-2023,, ,,,, ,, , ,, ,,, , ,, , ,, , ,,,,,,,,,,,,, , , , , , , , ,,, ,,, , ,, ,, ,, ,, ,,, ,,,,, ,, , , , , , , , ,,,,,,,, , , , , , , , , , , ,,,,,, , , , , , , , , , , , , , , , , , ,, ,,, ,,, ,, ,, ,, ,,
28349-5956,1,"Lucid USA, Inc.",No New or Updated Incident Reports,7,2023,JUL-2023,, ,,,, ,, , ,, ,,, , ,, , ,, , ,,,,,,,,,,,,, , , , , , , , ,,, ,,, , ,, ,, ,, ,, ,,, ,,,,, ,, , , , , , , , ,,,,,,,, , , , , , , , , , , ,,,,,, , , , , , , , , , , , , , , , , , ,, ,,, ,,, ,, ,, ,, ,,
30351-5955,1,comma.ai,No New or Updated Incident Reports,7,2023,JUL-2023,, ,,,, ,, , ,, ,,, , ,, , ,, , ,,,,,,,,,,,,, , , , , , , , ,,, ,,, , ,, ,, ,, ,, ,,, ,,,,, ,, , , , , , , , ,,,,,,,, , , , , , , , , , , ,,,,,, , , , , , , , , , , , , , , , , , ,, ,,, ,,, ,, ,, ,, ,,
1042-5954,1,"Porsche Cars North America, Inc.",No New or Updated Incident Reports,7,2023,JUL-2023,, ,,,, ,, , ,, ,,, , ,, , ,, , ,,,,,,,,,,,,, , , , , , , , ,,, ,,, , ,, ,, ,, ,, ,,, ,,,,, ,, , , , , , , , ,,,,,,,, , , , , , , , , , , ,,,,,, , , , , , , , , , , , , , , , , , ,, ,,, ,,, ,, ,, ,, ,,
540-5953,1,"General Motors, LLC",No New or Updated Incident Reports,6,2023,JUL-2023,, ,,,, ,, , ,, ,,, , ,, , ,, , ,,,,,,,,,,,,, , , , , , , , ,,, ,,, , ,, ,, ,, ,, ,,, ,,,,, ,, , , , , , , , ,,,,,,,, , , , , , , , , , , ,,,,,, , , , , , , , , , , , , , , , , , ,, ,,, ,,, ,, ,, ,, ,,
33475-5952,1,Oxbotica,No New or Updated Incident Reports,6,2023,JUL-2023,, ,,,, ,, , ,, ,,, , ,, , ,, , ,,,,,,,,,,,,, , , , , , , , ,,, ,,, , ,, ,, ,, ,, ,,, ,,,,, ,, , , , , , , , ,,,,,,,, , , , , , , , , , , ,,,,,, , , , , , , , , , , , , , , , , , ,, ,,, ,,, ,, ,, ,, ,,
31030-5949,1,Dominion Energy,No New or Updated Incident Reports,6,2023,JUL-2023,, ,,,, ,, , ,, ,,, , ,, , ,, , ,,,,,,,,,,,,, , , , , , , , ,,, ,,, , ,, ,, ,, ,, ,,, ,,,,, ,, , , , , , , , ,,,,,,,, , , , , , , , , , , ,,,,,, , , , , , , , , , , , , , , , , , ,, ,,, ,,, ,, ,, ,, ,,
273-5947,1,"Chrysler (FCA US, LLC)",No New or Updated Incident Reports,7,2023,JUL-2023,, ,,,, ,, , ,, ,,, , ,, , ,, , ,,,,,,,,,,,,, , , , , , , , ,,, ,,, , ,, ,, ,, ,, ,,, ,,,,, ,, , , , , , , , ,,,,,,,, , , , , , , , , , , ,,,,,, , , , , , , , , , , , , , , , , , ,, ,,, ,,, ,, ,, ,, ,,
883-5946,1,"Mitsubishi Motors North America, Inc.",No New or Updated Incident Reports,7,2023,JUL-2023,, ,,,, ,, , ,, ,,, , ,, , ,, , ,,,,,,,,,,,,, , , , , , , , ,,, ,,, , ,, ,, ,, ,, ,,, ,,,,, ,, , , , , , , , ,,,,,,,, , , , , , , , , , , ,,,,,, , , , , , , , , , , , , , , , , , ,, ,,, ,,, ,, ,, ,, ,,
855-5945,1,"Mercedes-Benz USA, LLC",No New or Updated Incident Reports,7,2023,JUL-2023,, ,,,, ,, , ,, ,,, , ,, , ,, , ,,,,,,,,,,,,, , , , , , , , ,,, ,,, , ,, ,, ,, ,, ,,, ,,,,, ,, , , , , , , , ,,,,,,,, , , , , , , , , , , ,,,,,, , , , , , , , , , , , , , , , , , ,, ,,, ,,, ,, ,, ,, ,,
28509-5944,1,"Polestar Automotive USA, Inc.",No New or Updated Incident Reports,7,2023,JUL-2023,, ,,,, ,, , ,, ,,, , ,, , ,, , ,,,,,,,,,,,,, , , , , , , , ,,, ,,, , ,, ,, ,, ,, ,,, ,,,,, ,, , , , , , , , ,,,,,,,, , , , , , , , , , , ,,,,,, , , , , , , , , , , , , , , , , , ,, ,,, ,,, ,, ,, ,, ,,
1422-5943,1,"Volvo Car USA, LLC",No New or Updated Incident Reports,7,2023,JUL-2023,, ,,,, ,, , ,, ,,, , ,, , ,, , ,,,,,,,,,,,,, , , , , , , , ,,, ,,, , ,, ,, ,, ,, ,,, ,,,,, ,, , , , , , , , ,,,,,,,, , , , , , , , , , , ,,,,,, , , , , , , , , , , , , , , , , , ,, ,,, ,,, ,, ,, ,, ,,
30451-5938,1,Gatik AI Inc.,No New or Updated Incident Reports,7,2023,JUL-2023,, ,,,, ,, , ,, ,,, , ,, , ,, , ,,,,,,,,,,,,, , , , , , , , ,,, ,,, , ,, ,, ,, ,, ,,, ,,,,, ,, , , , , , , , ,,,,,,,, , , , , , , , , , , ,,,,,, , , , , , , , , , , , , , , , , , ,, ,,, ,,, ,, ,, ,, ,,
5341-5937,1,WABCO USA LLC,No New or Updated Incident Reports,7,2023,JUL-2023,, ,,,, ,, , ,, ,,, , ,, , ,, , ,,,,,,,,,,,,, , , , , , , , ,,, ,,, , ,, ,, ,, ,, ,,, ,,,,, ,, , , , , , , , ,,,,,,,, , , , , , , , , , , ,,,,,, , , , , , , , , , , , , , , , , , ,, ,,, ,,, ,, ,, ,, ,,
10516-5936,1,"ZF North America, Inc.",No New or Updated Incident Reports,7,2023,JUL-2023,, ,,,, ,, , ,, ,,, , ,, , ,, , ,,,,,,,,,,,,, , , , , , , , ,,, ,,, , ,, ,, ,, ,, ,,, ,,,,, ,, , , , , , , , ,,,,,,,, , , , , , , , , , , ,,,,,, , , , , , , , , , , , , , , , , , ,, ,,, ,,, ,, ,, ,, ,,
30690-5935,1,Robotic Research,No New or Updated Incident Reports,6,2023,JUL-2023,, ,,,, ,, , ,, ,,, , ,, , ,, , ,,,,,,,,,,,,, , , , , , , , ,,, ,,, , ,, ,, ,, ,, ,,, ,,,,, ,, , , , , , , , ,,,,,,,, , , , , , , , , , , ,,,,,, , , , , , , , , , , , , , , , , , ,, ,,, ,,, ,, ,, ,, ,,
31092-5934,1,"Einride AB, Nordic Innovation House",No New or Updated Incident Reports,6,2023,JUL-2023,, ,,,, ,, , ,, ,,, , ,, , ,, , ,,,,,,,,,,,,, , , , , , , , ,,, ,,, , ,, ,, ,, ,, ,,, ,,,,, ,, , , , , , , , ,,,,,,,, , , , , , , , , , , ,,,,,, , , , , , , , , , , , , , , , , , ,, ,,, ,,, ,, ,, ,, ,,
33504-5933,1,Waabi,No New or Updated Incident Reports,7,2023,JUL-2023,, ,,,, ,, , ,, ,,, , ,, , ,, , ,,,,,,,,,,,,, , , , , , , , ,,, ,,, , ,, ,, ,, ,, ,,, ,,,,, ,, , , , , , , , ,,,,,,,, , , , , , , , , , , ,,,,,, , , , , , , , , , , , , , , , , , ,, ,,, ,,, ,, ,, ,, ,,
30792-5932,1,WeRide Corp,No New or Updated Incident Reports,7,2023,JUL-2023,, ,,,, ,, , ,, ,,, , ,, , ,, , ,,,,,,,,,,,,, , , , , , , , ,,, ,,, , ,, ,, ,, ,, ,,, ,,,,, ,, , , , , , , , ,,,,,,,, , , , , , , , , , , ,,,,,, , , , , , , , , , , , , , , , , , ,, ,,, ,,, ,, ,, ,, ,,
30571-5931,1,NVIDIA CORP,No New or Updated Incident Reports,7,2023,JUL-2023,, ,,,, ,, , ,, ,,, , ,, , ,, , ,,,,,,,,,,,,, , , , , , , , ,,, ,,, , ,, ,, ,, ,, ,,, ,,,,, ,, , , , , , , , ,,,,,,,, , , , , , , , , , , ,,,,,, , , , , , , , , , , , , , , , , , ,, ,,, ,,, ,, ,, ,, ,,
30510-5930,1,"Cyngn, Inc",No New or Updated Incident Reports,6,2023,JUL-2023,, ,,,, ,, , ,, ,,, , ,, , ,, , ,,,,,,,,,,,,, , , , , , , , ,,, ,,, , ,, ,, ,, ,, ,,, ,,,,, ,, , , , , , , , ,,,,,,,, , , , , , , , , , , ,,,,,, , , , , , , , , , , , , , , , , , ,, ,,, ,,, ,, ,, ,, ,,
30510-5929,1,"Cyngn, Inc",No New or Updated Incident Reports,7,2023,JUL-2023,, ,,,, ,, , ,, ,,, , ,, , ,, , ,,,,,,,,,,,,, , , , , , , , ,,, ,,, , ,, ,, ,, ,, ,,, ,,,,, ,, , , , , , , , ,,,,,,,, , , , , , , , , , , ,,,,,, , , , , , , , , , , , , , , , , , ,, ,,, ,,, ,, ,, ,, ,,
30530-5928,1,"Aurora Operations, Inc.",No New or Updated Incident Reports,7,2023,JUL-2023,, ,,,, ,, , ,, ,,, , ,, , ,, , ,,,,,,,,,,,,, , , , , , , , ,,, ,,, , ,, ,, ,, ,, ,,, ,,,,, ,, , , , , , , , ,,,,,,,, , , , , , , , , , , ,,,,,, , , , , , , , , , , , , , , , , , ,, ,,, ,,, ,, ,, ,, ,,
10767-5927,1,"Bentley Motors, Inc.",No New or Updated Incident Reports,6,2023,JUL-2023,, ,,,, ,, , ,, ,,, , ,, , ,, , ,,,,,,,,,,,,, , , , , , , , ,,, ,,, , ,, ,, ,, ,, ,,, ,,,,, ,, , , , , , , , ,,,,,,,, , , , , , , , , , , ,,,,,, , , , , , , , , , , , , , , , , , ,, ,,, ,,, ,, ,, ,, ,,
30411-5926,1,Pronto AI,No New or Updated Incident Reports,6,2023,JUL-2023,, ,,,, ,, , ,, ,,, , ,, , ,, , ,,,,,,,,,,,,, , , , , , , , ,,, ,,, , ,, ,, ,, ,, ,,, ,,,,, ,, , , , , , , , ,,,,,,,, , , , , , , , , , , ,,,,,, , , , , , , , , , , , , , , , , , ,, ,,, ,,, ,, ,, ,, ,,
30490-5925,1,"Beep, Inc.",No New or Updated Incident Reports,6,2023,JUL-2023,, ,,,, ,, , ,, ,,, , ,, , ,, , ,,,,,,,,,,,,, , , , , , , , ,,, ,,, , ,, ,, ,, ,, ,,, ,,,,, ,, , , , , , , , ,,,,,,,, , , , , , , , , , , ,,,,,, , , , , , , , , , , , , , , , , , ,, ,,, ,,, ,, ,, ,, ,,
62-5923,1,Honda (American Honda Motor Co.),No New or Updated Incident Reports,7,2023,JUL-2023,, ,,,, ,, , ,, ,,, , ,, , ,, , ,,,,,,,,,,,,, , , , , , , , ,,, ,,, , ,, ,, ,, ,, ,,, ,,,,, ,, , , , , , , , ,,,,,,,, , , , , , , , , , , ,,,,,, , , , , , , , , , , , , , , , , , ,, ,,, ,,, ,, ,, ,, ,,
30414-5921,1,Easymile Inc.,No New or Updated Incident Reports,6,2023,JUL-2023,, ,,,, ,, , ,, ,,, , ,, , ,, , ,,,,,,,,,,,,, , , , , , , , ,,, ,,, , ,, ,, ,, ,, ,,, ,,,,, ,, , , , , , , , ,,,,,,,, , , , , , , , , , , ,,,,,, , , , , , , , , , , , , , , , , , ,, ,,, ,,, ,, ,, ,, ,,
10003-5913,1,"Navistar, Inc.",No New or Updated Incident Reports,7,2023,JUL-2023,, ,,,, ,, , ,, ,,, , ,, , ,, , ,,,,,,,,,,,,, , , , , , , , ,,, ,,, , ,, ,, ,, ,, ,,, ,,,,, ,, , , , , , , , ,,,,,,,, , , , , , , , , , , ,,,,,, , , , , , , , , , , , , , , , , , ,, ,,, ,,, ,, ,, ,, ,,
30533-5912,1,STEER Tech,No New or Updated Incident Reports,6,2023,JUL-2023,, ,,,, ,, , ,, ,,, , ,, , ,, , ,,,,,,,,,,,,, , , , , , , , ,,, ,,, , ,, ,, ,, ,, ,,, ,,,,, ,, , , , , , , , ,,,,,,,, , , , , , , , , , , ,,,,,, , , , , , , , , , , , , , , , , , ,, ,,, ,,, ,, ,, ,, ,,
30450-5911,1,Ghost Autonomy Inc.,No New or Updated Incident Reports,7,2023,JUL-2023,, ,,,, ,, , ,, ,,, , ,, , ,, , ,,,,,,,,,,,,, , , , , , , , ,,, ,,, , ,, ,, ,, ,, ,,, ,,,,, ,, , , , , , , , ,,,,,,,, , , , , , , , , , , ,,,,,, , , , , , , , , , , , , , , , , , ,, ,,, ,,, ,, ,, ,, ,,
855-5908,1,"Mercedes-Benz USA, LLC",5-Day,,,JUL-2023,W1N0G8EB1NV, ,[MAY CONTAIN PERSONALLY IDENTIFIABLE INFORMATION],Mercedes-Benz,GLC 300, ,2022, ,8425905bf5454aa,19160, ,Consumer,DISTRONIC with Active Steering Assist, , ,,Y, ,,Y, ,,Y, ,,, ,Y,No,,No,ADAS,, ,Y, , , , , , ,,JUN-2023, ,JUL-2023,23:30, ,89ea0379b21dccd,,Y,,Y,[MAY CONTAIN PERSONALLY IDENTIFIABLE INFORMATION], ,Bedford, ,PA ,,Y,Unknown,Dry,Unknown,,Y,Unknown,Y, , , , , , , ,,Pole / Tree,No Injuries Reported,Yes,,,, , , , , , , , , , , ,"Other, see Narrative",Yes,Yes,Unknown,,Y, , , , , ,Y, , ,Y, , , , , ,Y, , , , ,Unknown,,Y,Yes,,Y,,Y,,Y,"Unknown, see Narrative", ,"The driver of the vehicle initially contacted the MBUSA Customer Assistance Center (""CAC"") on June [XXX], 2023, stating that he was driving his MY2022 GLC300 in Pennsylvania using ""driver assistance"" and the vehicle drove to the roadside and hit a power pole on the right-hand side of the vehicle. No injuries were reported. The CAC requested additional information from the customer, who responded on July 11, 2023, providing additional information regarding the incident. The customer alleges he was driving to Johnstown, Pennsylvania from North Carolina at approximately 40 to 50 miles per hour using the driver assist function with steering assist (a Level 2 ADAS, triggering the SGO reporting requirement). He further alleges that at approximately 11:30 pm, while driving on a section of roadway in Bedford, PA that curved to the left, ""all of a sudden, the car was going off the road to the right hand side, hitting a power pole with the front passenger side"". The driver stated he was not injured and that he did not have time to respond to the vehicle's departure from the roadway, CPA (""Collision Prevention Assist"") did not engage, and vehicle airbags deployed. The vehicle was determined to be a total loss by the customer's insurance company. The driver stated that he observed no instrument cluster messages prior to, or after the incident. MBUSA is continuing its investigation of the alleged incident.
In accordance with the requirements of the SGO, MBUSA is submitting this 5-day incident report. This report is based entirely on the customer's description and allegations. MBUSA has not confirmed or verified this account or any of its allegations.",
30432-5909,1,Apex.AI Inc.,No New or Updated Incident Reports,6,2023,JUL-2023,, ,,,, ,, , ,, ,,, , ,, , ,, , ,,,,,,,,,,,,, , , , , , , , ,,, ,,, , ,, ,, ,, ,, ,,, ,,,,, ,, , , , , , , , ,,,,,,,, , , , , , , , , , , ,,,,,, , , , , , , , , , , , , , , , , , ,, ,,, ,,, ,, ,, ,, ,,
33500-5907,1,Latitude AI,No New or Updated Incident Reports,6,2023,JUL-2023,, ,,,, ,, , ,, ,,, , ,, , ,, , ,,,,,,,,,,,,, , , , , , , , ,,, ,,, , ,, ,, ,, ,, ,,, ,,,,, ,, , , , , , , , ,,,,,,,, , , , , , , , , , , ,,,,,, , , , , , , , , , , , , , , , , , ,, ,,, ,,, ,, ,, ,, ,,
30330-5906,1,"TORC Robotics, Inc.",No New or Updated Incident Reports,7,2023,JUL-2023,, ,,,, ,, , ,, ,,, , ,, , ,, , ,,,,,,,,,,,,, , , , , , , , ,,, ,,, , ,, ,, ,, ,, ,,, ,,,,, ,, , , , , , , , ,,,,,,,, , , , , , , , , , , ,,,,,, , , , , , , , , , , , , , , , , , ,, ,,, ,,, ,, ,, ,, ,,
29990-5905,1,"Rivian Automotive, LLC",No New or Updated Incident Reports,6,2023,JUL-2023,, ,,,, ,, , ,, ,,, , ,, , ,, , ,,,,,,,,,,,,, , , , , , , , ,,, ,,, , ,, ,, ,, ,, ,,, ,,,,, ,, , , , , , , , ,,,,,,,, , , , , , , , , , , ,,,,,, , , , , , , , , , , , , , , , , , ,, ,,, ,,, ,, ,, ,, ,,
1420-5904,1,"Volkswagen Group of America, Inc.",No New or Updated Incident Reports,7,2023,JUL-2023,, ,,,, ,, , ,, ,,, , ,, , ,, , ,,,,,,,,,,,,, , , , , , , , ,,, ,,, , ,, ,, ,, ,, ,,, ,,,,, ,, , , , , , , , ,,,,,,,, , , , , , , , , , , ,,,,,, , , , , , , , , , , , , , , , , , ,, ,,, ,,, ,, ,, ,, ,,
11196-5903,1,"Denso International America, Inc.",No New or Updated Incident Reports,6,2023,JUL-2023,, ,,,, ,, , ,, ,,, , ,, , ,, , ,,,,,,,,,,,,, , , , , , , , ,,, ,,, , ,, ,, ,, ,, ,,, ,,,,, ,, , , , , , , , ,,,,,,,, , , , , , , , , , , ,,,,,, , , , , , , , , , , , , , , , , , ,, ,,, ,,, ,, ,, ,, ,,
30711-5902,1,Pony.ai,No New or Updated Incident Reports,7,2023,JUL-2023,, ,,,, ,, , ,, ,,, , ,, , ,, , ,,,,,,,,,,,,, , , , , , , , ,,, ,,, , ,, ,, ,, ,, ,,, ,,,,, ,, , , , , , , , ,,,,,,,, , , , , , , , , , , ,,,,,, , , , , , , , , , , , , , , , , , ,, ,,, ,,, ,, ,, ,, ,,
31096-5901,1,"MV Transportation, Inc",No New or Updated Incident Reports,7,2023,JUL-2023,, ,,,, ,, , ,, ,,, , ,, , ,, , ,,,,,,,,,,,,, , , , , , , , ,,, ,,, , ,, ,, ,, ,, ,,, ,,,,, ,, , , , , , , , ,,,,,,,, , , , , , , , , , , ,,,,,, , , , , , , , , , , , , , , , , , ,, ,,, ,,, ,, ,, ,, ,,
14961-5900,1,"Jaguar Land Rover North America, LLC",No New or Updated Incident Reports,7,2023,JUL-2023,, ,,,, ,, , ,, ,,, , ,, , ,, , ,,,,,,,,,,,,, , , , , , , , ,,, ,,, , ,, ,, ,, ,, ,,, ,,,,, ,, , , , , , , , ,,,,,,,, , , , , , , , , , , ,,,,,, , , , , , , , , , , , , , , , , , ,, ,,, ,,, ,, ,, ,, ,,
10039-5898,1,"BMW of North America, LLC",No New or Updated Incident Reports,7,2023,JUL-2023,, ,,,, ,, , ,, ,,, , ,, , ,, , ,,,,,,,,,,,,, , , , , , , , ,,, ,,, , ,, ,, ,, ,, ,,, ,,,,, ,, , , , , , , , ,,,,,,,, , , , , , , , , , , ,,,,,, , , , , , , , , , , , , , , , , , ,, ,,, ,,, ,, ,, ,, ,,