Report ID,Report Version,Reporting Entity,Report Type,Report Month,Report Year,Report Submission Date,VIN,VIN - Unknown,Serial Number,Make,Model,Model - Unknown,Model Year,Model Year - Unknown,Same Vehicle ID,Mileage,Mileage - Unknown,Driver / Operator Type,ADAS/ADS System Version,ADAS/ADS System Version - Unk,ADAS/ADS System Version CBI,ADAS/ADS Hardware Version,ADAS/ADS Hardware Version - Unk,ADAS/ADS Hardware Version CBI,ADAS/ADS Software Version,ADAS/ADS Software Version - Unk,ADAS/ADS Software Version CBI,Other Reporting Entities?,Other Reporting Entities? - Unk,Other Reporting Entities? - NA,Federal Regulatory Exemption?,Other Federal Reg. Exemption,Federal Reg. Exemption - Unk,Federal Reg. Exemption - No,State or Local Permit?,State or Local Permit,ADS Equipped?,Automation System Engaged?,Operating Entity,Operating Entity - Unknown,Source - Complaint/Claim,Source - Telematics,Source - Law Enforcement,Source - Field Report,Source - Testing,Source - Media,Source - Other,Source - Other Text,Incident Date,Incident Date - Unknown,Notice Received Date,Incident Time (24:00),Incident Time - Unknown,Same Incident ID,Latitude,Latitude - Unknown,Longitude,Longitude - Unknown,Address,Address - Unknown,City,City - Unknown,State,Zip Code,Zip Code - Unknown,Roadway Type,Roadway Surface,Roadway Description,Posted Speed Limit (MPH),Posted Speed Limit - Unknown,Lighting,Weather - Clear,Weather - Snow,Weather - Cloudy,Weather - Fog/Smoke,Weather - Rain,Weather - Severe Wind,Weather - Unknown,Weather - Other,Weather - Other Text,Crash With,Highest Injury Severity Alleged,Property Damage?,CP Pre-Crash Movement,CP Any Air Bags Deployed?,CP Was Vehicle Towed?,CP Contact Area - Rear Left,CP Contact Area - Left,CP Contact Area - Front Left,CP Contact Area - Rear,CP Contact Area - Top,CP Contact Area - Front,CP Contact Area - Rear Right,CP Contact Area - Right,CP Contact Area - Front Right,CP Contact Area - Bottom,CP Contact Area - Unknown,SV Pre-Crash Movement,SV Any Air Bags Deployed?,SV Was Vehicle Towed?,SV Were All Passengers Belted?,SV Precrash Speed (MPH),SV Pre-crash Speed - Unknown,SV Contact Area - Rear Left,SV Contact Area - Left,SV Contact Area - Front Left,SV Contact Area - Rear,SV Contact Area - Top,SV Contact Area - Front,SV Contact Area - Rear Right,SV Contact Area - Right,SV Contact Area - Front Right,SV Contact Area - Bottom,SV Contact Area - Unknown,Data Availability - EDR,Data Availability - Police Rpt,Data Availability - Telematics,Data Availability - Complaints,Data Availability - Video,Data Availability - Other,Data Availability - No Data,Data Availability - Unknown,Law Enforcement Investigating?,Investigating Agency,Investigating Agency - Unknown,Rep Ent Or Mfr Investigating?,Investigating Officer Name,Inv. Officer Name - Unknown,Investigating Officer Phone,Inv. Officer Phone - Unknown,Investigating Officer Email,Inv. Officer Email - Unknown,Within ODD?,Within ODD? - CBI,Narrative,Narrative - CBI?
837-5897,1,"Maserati North America, Inc.",No New or Updated Incident Reports,7,2023,JUL-2023,, ,,,, ,, , ,, ,,, , ,, , ,, , ,,,,,,,,,,,,, , , , , , , , ,,, ,,, , ,, ,, ,, ,, ,,, ,,,,, ,, , , , , , , , ,,,,,,,, , , , , , , , , , , ,,,,,, , , , , , , , , , , , , , , , , , ,, ,,, ,,, ,, ,, ,, ,,
945-5789,3,"Nissan North America, Inc.",Update,,,JUL-2023,JN1BJ1CP9KW, ,N/A,Nissan,Rogue Sport, ,2019, ,6db10dd1d9c5aac,36080, ,Consumer,ProPilot Assist, , ,,Y, ,,Y, ,,Y, ,,, ,Y,No,,No,ADAS,, ,Y, , , , , , ,,JUN-2023, ,JUN-2023,23:40, ,19118d8ffc20fc4,,Y,,Y,,Y,,Y,CA ,,Y,Highway / Freeway,Unknown,"Other, see Narrative",,Y,Dark - Unknown Lighting, , , , , , ,Y, ,,"Other, see Narrative",Unknown,Yes,"Other, see Narrative",Not Applicable,Not Applicable, , , , , , , , , , ,Y,"Other, see Narrative",Yes,Yes,Unknown,65, , , , , , ,Y, ,Y, , , , , , ,Y, , , , ,Unknown,,Y,Yes,,Y,,Y,,Y,"Unknown, see Narrative", ,"The information contained in this report is based solely on Nissan's understanding of the allegations received during customer's discussions with Nissan Consumer Affairs representatives.  Nissan has requested inspection of the subject vehicle and will be investigating further.
On 6/[XXX]/2023, Claimant orally reported that he was driving the subject vehicle with ProPilot Assist (PPA) system on when the vehicle began to veer into the other lanes.  Claimant reportedly attempted to turn the PPA system off but the buttons and brakes stopped working, and the vehicle crashed into a tollbooth.  Claimant reported severe damage to the passenger side and front of the vehicle and airbag deployments. Claimant reported bruising injuries and chest pain but stated he had not seen a doctor yet. 
During a follow-up call on 6/[XXX]/2023, the Claimant stated he was traveling from Sacramento towards San Francisco. Claimant alleges he was stuck in traffic and activated the PPA system at 65 mph, but as he approached the bridge for the tollbooth, he began pressing the button to lower speed.  He alleges the vehicle would not slow down, the steering wheel would not turn, and the brake pedal ""became hard"", and the vehicle continued to accelerate. Claimant alleges the wheel finally let go, but the vehicle hit one side of the tollbooth.  Claimant reported he was transported to the hospital via ambulance.  
Nissan has requested a vehicle inspection. The inspection date is currently being arranged.
As of June 30th, Nissan is continuing to work with the customer for access to inspect the vehicle. Our offices will re-open on July 5th.
As of July 14th, Nissan is awaiting customer's response to a proposed inspection date next week.",
30632-5895,1,Deeproute.ai Ltd.,No New or Updated Incident Reports,6,2023,JUL-2023,, ,,,, ,, , ,, ,,, , ,, , ,, , ,,,,,,,,,,,,, , , , , , , , ,,, ,,, , ,, ,, ,, ,, ,,, ,,,,, ,, , , , , , , , ,,,,,,,, , , , , , , , , , , ,,,,,, , , , , , , , , , , , , , , , , , ,, ,,, ,,, ,, ,, ,, ,,
30650-5894,1,"Qualcomm Technlogies, Inc",No New or Updated Incident Reports,7,2023,JUL-2023,, ,,,, ,, , ,, ,,, , ,, , ,, , ,,,,,,,,,,,,, , , , , , , , ,,, ,,, , ,, ,, ,, ,, ,,, ,,,,, ,, , , , , , , , ,,,,,,,, , , , , , , , , , , ,,,,,, , , , , , , , , , , , , , , , , , ,, ,,, ,,, ,, ,, ,, ,,
33257-5893,1,"VinFast Auto, LLC",No New or Updated Incident Reports,7,2023,JUL-2023,, ,,,, ,, , ,, ,,, , ,, , ,, , ,,,,,,,,,,,,, , , , , , , , ,,, ,,, , ,, ,, ,, ,, ,,, ,,,,, ,, , , , , , , , ,,,,,,,, , , , , , , , , , , ,,,,,, , , , , , , , , , , , , , , , , , ,, ,,, ,,, ,, ,, ,, ,,
1421-5891,1,Volvo Trucks North America,No New or Updated Incident Reports,7,2023,JUL-2023,, ,,,, ,, , ,, ,,, , ,, , ,, , ,,,,,,,,,,,,, , , , , , , , ,,, ,,, , ,, ,, ,, ,, ,,, ,,,,, ,, , , , , , , , ,,,,,,,, , , , , , , , , , , ,,,,,, , , , , , , , , , , , , , , , , , ,, ,,, ,,, ,, ,, ,, ,,
30391-5890,1,Kodiak Robotics,No New or Updated Incident Reports,7,2023,JUL-2023,, ,,,, ,, , ,, ,,, , ,, , ,, , ,,,,,,,,,,,,, , , , , , , , ,,, ,,, , ,, ,, ,, ,, ,,, ,,,,, ,, , , , , , , , ,,,,,,,, , , , , , , , , , , ,,,,,, , , , , , , , , , , , , , , , , , ,, ,,, ,,, ,, ,, ,, ,,
30291-5889,1,Nuro,No New or Updated Incident Reports,6,2023,JUL-2023,, ,,,, ,, , ,, ,,, , ,, , ,, , ,,,,,,,,,,,,, , , , , , , , ,,, ,,, , ,, ,, ,, ,, ,,, ,,,,, ,, , , , , , , , ,,,,,,,, , , , , , , , , , , ,,,,,, , , , , , , , , , , , , , , , , , ,, ,,, ,,, ,, ,, ,, ,,
988-5887,1,PACCAR Incorporated,No New or Updated Incident Reports,6,2023,JUL-2023,, ,,,, ,, , ,, ,,, , ,, , ,, , ,,,,,,,,,,,,, , , , , , , , ,,, ,,, , ,, ,, ,, ,, ,,, ,,,,, ,, , , , , , , , ,,,,,,,, , , , , , , , , , , ,,,,,, , , , , , , , , , , , , , , , , , ,, ,,, ,,, ,, ,, ,, ,,
988-5885,1,PACCAR Incorporated,No New or Updated Incident Reports,7,2023,JUL-2023,, ,,,, ,, , ,, ,,, , ,, , ,, , ,,,,,,,,,,,,, , , , , , , , ,,, ,,, , ,, ,, ,, ,, ,,, ,,,,, ,, , , , , , , , ,,,,,,,, , , , , , , , , , , ,,,,,, , , , , , , , , , , , , , , , , , ,, ,,, ,,, ,, ,, ,, ,,
30410-5786,1,Motional,Monthly,6,2023,JUL-2023,KMHKM4AE9M1, ,N/A,Hyundai,Ioniq 5, ,2020, ,6dbef6b4d4ef3c4,5581, ,In-Vehicle (Commercial / Test),"[REDACTED, MAY CONTAIN CONFIDENTIAL BUSINESS INFORMATION]", ,Y,"[REDACTED, MAY CONTAIN CONFIDENTIAL BUSINESS INFORMATION]", ,Y,"[REDACTED, MAY CONTAIN CONFIDENTIAL BUSINESS INFORMATION]", ,Y,, ,Y,Part 591 Exemption granted by permission letter from NHTSA,, , ,Yes (specify below),Nevada,Yes,ADS,Motional, , , , ,Y, , , ,,JUN-2023, ,JUN-2023,21:42, ,fdceba88754ba36,[MAY CONTAIN PERSONALLY IDENTIFIABLE INFORMATION], ,[MAY CONTAIN PERSONALLY IDENTIFIABLE INFORMATION], ,[MAY CONTAIN PERSONALLY IDENTIFIABLE INFORMATION], ,Las Vegas, ,NV ,[MAY CONTAIN PERSONALLY IDENTIFIABLE INFORMATION], ,Intersection,Dry,Traffic Incident,15, ,Dark - Lighted,Y, , , , , , , ,,Passenger Car,Minor,Yes,Making Left Turn,No,No, , ,Y, , ,Y, , , , , ,Making Left Turn,No,No,Yes,3, ,Y, , ,Y, , , , , , , , , , , ,Y, , , ,No,, ,Yes,, ,, ,, ,"[REDACTED, MAY CONTAIN CONFIDENTIAL BUSINESS INFORMATION]",Y,"On June [XXX], 2023, at 9:42 PM PDT, a Motional Hyundai Ioniq 5 was operating in autonomous mode with a safety driver at the wheel and a safety operator in the front passenger seat.
 
The Motional vehicle was northbound on [XXX], in the left-most of two left turn lanes, turning onto [XXX] at 10 MPH. The Motional vehicle then braked for an approaching taxi in the adjacent turn lane that was perceived to be crossing into the lane of the Motional vehicle and was rear-ended by a silver Toyota traveling behind it.",
690-5884,1,Isuzu Motors Limited,No New or Updated Incident Reports,6,2023,JUL-2023,, ,,,, ,, , ,, ,,, , ,, , ,, , ,,,,,,,,,,,,, , , , , , , , ,,, ,,, , ,, ,, ,, ,, ,,, ,,,,, ,, , , , , , , , ,,,,,,,, , , , , , , , , , , ,,,,,, , , , , , , , , , , , , , , , , , ,, ,,, ,,, ,, ,, ,, ,,
30550-5883,1,Intel Corporation,No New or Updated Incident Reports,6,2023,JUL-2023,, ,,,, ,, , ,, ,,, , ,, , ,, , ,,,,,,,,,,,,, , , , , , , , ,,, ,,, , ,, ,, ,, ,, ,,, ,,,,, ,, , , , , , , , ,,,,,,,, , , , , , , , , , , ,,,,,, , , , , , , , , , , , , , , , , , ,, ,,, ,,, ,, ,, ,, ,,
30610-5882,1,"Zoox, Inc.",No New or Updated Incident Reports,7,2023,JUL-2023,, ,,,, ,, , ,, ,,, , ,, , ,, , ,,,,,,,,,,,,, , , , , , , , ,,, ,,, , ,, ,, ,, ,, ,,, ,,,,, ,, , , , , , , , ,,,,,,,, , , , , , , , , , , ,,,,,, , , , , , , , , , , , , , , , , , ,, ,,, ,,, ,, ,, ,, ,,
30370-5881,1,TuSimple,No New or Updated Incident Reports,6,2023,JUL-2023,, ,,,, ,, , ,, ,,, , ,, , ,, , ,,,,,,,,,,,,, , , , , , , , ,,, ,,, , ,, ,, ,, ,, ,,, ,,,,, ,, , , , , , , , ,,,,,,,, , , , , , , , , , , ,,,,,, , , , , , , , , , , , , , , , , , ,, ,,, ,,, ,, ,, ,, ,,
945-5880,1,"Nissan North America, Inc.",5-Day,,,JUL-2023,JN8BT3BB5NW, ,N/A,Nissan,Rogue, ,2022, ,d2d2d03ac189e4d,10000, ,Consumer,ProPilot Assist, , ,,Y, ,,Y, ,,Y, ,,,Y, ,Unknown,,No,ADAS,, ,Y, , , , , , ,,JUN-2023, ,JUL-2023,06:00, ,a84eef2dfe44978,,Y,,Y,[MAY CONTAIN PERSONALLY IDENTIFIABLE INFORMATION], ,St. Paul, ,MN ,,Y,Intersection,Unknown,Unknown,,Y,Daylight, , , , , , ,Y, ,,Unknown,No Injuries Reported,Yes,Unknown,Unknown,Unknown, , , , , , , , , , ,Y,Unknown,Unknown,Yes,Unknown,,Y, , , , , , , , , , ,Y, , , ,Y, , , , ,Unknown,,Y,Yes,,Y,,Y,,Y,"No, see Narrative", ,"The information contained in this report is based solely on Nissan's understanding of the allegations received during Claimant's discussions with Nissan's Consumer Affairs representatives.  
On 7/[XXX]/2023, Claimant orally reported that she was crossing an intersection while using the ProPilot Assist (PPA) system, the system turned off, she had to apply ""hard brakes,"" but the subject vehicle crashed into another vehicle.  Claimant reported the subject vehicle was towed to a Nissan dealer.
During a follow-up call on 7/[XXX]/2023, Claimant reported that the PPA disengaged automatically after the ""alarm system went off for the brakes"".  The subject vehicle reportedly hit the rear of another vehicle.
During a follow-up call on 7/11/2023, Claimant reported that she is alleging a defect with the engine caused the accident not the PPA.  She reportedly has concerns with the PPA, but not related to this specific accident nor any accident in general.  She reported that the PPA was not in use at the time of this accident.  Nissan requested a vehicle inspection.",
19901-5877,1,Valeo,No New or Updated Incident Reports,6,2023,JUL-2023,, ,,,, ,, , ,, ,,, , ,, , ,, , ,,,,,,,,,,,,, , , , , , , , ,,, ,,, , ,, ,, ,, ,, ,,, ,,,,, ,, , , , , , , , ,,,,,,,, , , , , , , , , , , ,,,,,, , , , , , , , , , , , , , , , , , ,, ,,, ,,, ,, ,, ,, ,,
30433-5876,1,DiDi Labs,No New or Updated Incident Reports,7,2023,JUL-2023,, ,,,, ,, , ,, ,,, , ,, , ,, , ,,,,,,,,,,,,, , , , , , , , ,,, ,,, , ,, ,, ,, ,, ,,, ,,,,, ,, , , , , , , , ,,,,,,,, , , , , , , , , , , ,,,,,, , , , , , , , , , , , , , , , , , ,, ,,, ,,, ,, ,, ,, ,,
30531-5871,1,Transdev Alternative Services,1-Day,,,JUL-2023,SADHW2S14M1, ,N/A,Jaguar,I-Pace, ,2021, ,0f967d0ef305434,39618, ,In-Vehicle (Commercial / Test),5th Generation, , ,5th Generation, , ,Version 8, , ,Waymo LLC, , ,,, ,Y,Yes (specify below),"DMV, CPUC",Yes,ADS,Waymo LLC, , ,Y, , , , , ,,JUL-2023, ,JUL-2023,15:08, ,1255ba62145d6e6,[MAY CONTAIN PERSONALLY IDENTIFIABLE INFORMATION], ,[MAY CONTAIN PERSONALLY IDENTIFIABLE INFORMATION], ,[MAY CONTAIN PERSONALLY IDENTIFIABLE INFORMATION], ,Los Angeles, ,CA ,[MAY CONTAIN PERSONALLY IDENTIFIABLE INFORMATION], ,Intersection,Dry,No Unusual Conditions,35, ,Daylight,Y, , , , , , , ,,Non-Motorist: Cyclist,No Injuries Reported,Yes,Traveling Wrong Way,,, , , , , , , , , , , ,Making Right Turn,No,No,Yes,2, , , , , , , ,Y, , , , , , ,Y, ,Y,Y, , ,No,, ,Yes,, ,, ,, ,Yes, ,"On July [XXX], 2023 at 3:08 PM PT a Waymo Autonomous Vehicle (""Waymo AV"") operating in Los Angeles, California was in a collision involving a cyclist on [XXX] at [XXX].
The Waymo AV was traveling southbound on [XXX] and preparing to make a right turn onto westbound [XXX].  As the Waymo AV was yielding to cross-traffic and preparing to make a right turn, a cyclist was traveling eastbound on [XXX] and heading the wrong way in the bike lane.  The Cyclist then turned left, northbound, onto [XXX], continuing to travel the wrong direction in the bike lane.  As the Waymo AV slowly proceeded forward, the cyclist passed the Waymo AV and made contact with the rear passenger side sensor of the Waymo AV.  At the time of the impact, the Waymo AV's Level 4 ADS was engaged in autonomous mode, and a test driver was present (in the driver's seating position).  The Waymo AV sustained damage and the cyclist did not stop.
Transdev Alternative Services is reporting a duplicate report from report number: 30270-5855-1.",
12381-5869,1,"Daimler Trucks North America, LLC",No New or Updated Incident Reports,6,2023,JUL-2023,, ,,,, ,, , ,, ,,, , ,, , ,, , ,,,,,,,,,,,,, , , , , , , , ,,, ,,, , ,, ,, ,, ,, ,,, ,,,,, ,, , , , , , , , ,,,,,,,, , , , , , , , , , , ,,,,,, , , , , , , , , , , , , , , , , , ,, ,,, ,,, ,, ,, ,, ,,
30270-5855,1,Waymo LLC,1-Day,,,JUL-2023,SADHW2S14M1, ,N/A,Jaguar,I-Pace, ,2021, ,0f967d0ef305434,39618, ,In-Vehicle (Commercial / Test),5th Generation, , ,5th Generation, , ,Version 8, , ,Transdev Alternative Services, , ,,, ,Y,Yes (specify below),"DMV, CPUC",Yes,ADS,Waymo LLC, , ,Y, , , , , ,,JUL-2023, ,JUL-2023,15:08, ,1255ba62145d6e6,[MAY CONTAIN PERSONALLY IDENTIFIABLE INFORMATION], ,[MAY CONTAIN PERSONALLY IDENTIFIABLE INFORMATION], ,[MAY CONTAIN PERSONALLY IDENTIFIABLE INFORMATION], ,Los Angeles, ,CA ,[MAY CONTAIN PERSONALLY IDENTIFIABLE INFORMATION], ,Intersection,Dry,No Unusual Conditions,35, ,Daylight,Y, , , , , , , ,,Non-Motorist: Cyclist,No Injuries Reported,Yes,Traveling Wrong Way,,, , , , , , , , , , , ,Making Right Turn,No,No,Yes,2, , , , , , , ,Y, , , , , , ,Y, ,Y,Y, , ,No,, ,Yes,, ,, ,, ,Yes, ,"On July [XXX], 2023 at 3:08 PM PT a Waymo Autonomous Vehicle (Waymo AV) operating in Los Angeles, California was in a collision involving a cyclist on [XXX] at [XXX].
The Waymo AV was traveling southbound on [XXX] and preparing to make a right turn onto westbound [XXX]. As the Waymo AV was yielding to cross-traffic and preparing to make a right turn, a cyclist was traveling eastbound on [XXX] and heading the wrong way in the bike lane. The cyclist then turned left, northbound, onto [XXX], continuing to travel the wrong direction in the bike lane. As the Waymo AV slowly proceeded forward, the cyclist passed the Waymo AV and made contact with the rear passenger side sensor of the Waymo AV. At the time of the impact, the Waymo AVs Level 4 ADS was engaged in autonomous mode, and a test driver was present (in the drivers seating position). The Waymo AV sustained damage and the cyclist did not stop, leaving the scene without exchanging information.
Waymo is reporting this crash under Request No. 1 of Standing General Order 2021-01 because a cyclist was involved. Waymo may supplement or correct its reporting with additional information as it may become available.",
30590-5847,1,Apple Inc.,No New or Updated Incident Reports,6,2023,JUL-2023,, ,,,, ,, , ,, ,,, , ,, , ,, , ,,,,,,,,,,,,, , , , , , , , ,,, ,,, , ,, ,, ,, ,, ,,, ,,,,, ,, , , , , , , , ,,,,,,,, , , , , , , , , , , ,,,,,, , , , , , , , , , , , , , , , , , ,, ,,, ,,, ,, ,, ,, ,,
472-5846,1,"Ferrari North America, Inc.",No New or Updated Incident Reports,6,2023,JUL-2023,, ,,,, ,, , ,, ,,, , ,, , ,, , ,,,,,,,,,,,,, , , , , , , , ,,, ,,, , ,, ,, ,, ,, ,,, ,,,,, ,, , , , , , , , ,,,,,,,, , , , , , , , , , , ,,,,,, , , , , , , , , , , , , , , , , , ,, ,,, ,,, ,, ,, ,, ,,
30630-5845,1,Ambarella,No New or Updated Incident Reports,6,2023,JUL-2023,, ,,,, ,, , ,, ,,, , ,, , ,, , ,,,,,,,,,,,,, , , , , , , , ,,, ,,, , ,, ,, ,, ,, ,,, ,,,,, ,, , , , , , , , ,,,,,,,, , , , , , , , , , , ,,,,,, , , , , , , , , , , , , , , , , , ,, ,,, ,,, ,, ,, ,, ,,
30793-5843,1,"Woven Planet North America, Inc.",No New or Updated Incident Reports,6,2023,JUL-2023,, ,,,, ,, , ,, ,,, , ,, , ,, , ,,,,,,,,,,,,, , , , , , , , ,,, ,,, , ,, ,, ,, ,, ,,, ,,,,, ,, , , , , , , , ,,,,,,,, , , , , , , , , , , ,,,,,, , , , , , , , , , , , , , , , , , ,, ,,, ,,, ,, ,, ,, ,,
30310-5842,1,First Transit,No New or Updated Incident Reports,7,2023,JUL-2023,, ,,,, ,, , ,, ,,, , ,, , ,, , ,,,,,,,,,,,,, , , , , , , , ,,, ,,, , ,, ,, ,, ,, ,,, ,,,,, ,, , , , , , , , ,,,,,,,, , , , , , , , , , , ,,,,,, , , , , , , , , , , , , , , , , , ,, ,,, ,,, ,, ,, ,, ,,
11199-5841,1,"Continental Automotive Systems, Inc.",No New or Updated Incident Reports,7,2023,JUL-2023,, ,,,, ,, , ,, ,,, , ,, , ,, , ,,,,,,,,,,,,, , , , , , , , ,,, ,,, , ,, ,, ,, ,, ,,, ,,,,, ,, , , , , , , , ,,,,,,,, , , , , , , , , , , ,,,,,, , , , , , , , , , , , , , , , , , ,, ,,, ,,, ,, ,, ,, ,,
10561-5840,1,APTIV,No New or Updated Incident Reports,6,2023,JUL-2023,, ,,,, ,, , ,, ,,, , ,, , ,, , ,,,,,,,,,,,,, , , , , , , , ,,, ,,, , ,, ,, ,, ,, ,,, ,,,,, ,, , , , , , , , ,,,,,,,, , , , , , , , , , , ,,,,,, , , , , , , , , , , , , , , , , , ,, ,,, ,,, ,, ,, ,, ,,
30634-5839,1,PlusAI Inc,No New or Updated Incident Reports,7,2023,JUL-2023,, ,,,, ,, , ,, ,,, , ,, , ,, , ,,,,,,,,,,,,, , , , , , , , ,,, ,,, , ,, ,, ,, ,, ,,, ,,,,, ,, , , , , , , , ,,,,,,,, , , , , , , , , , , ,,,,,, , , , , , , , , , , , , , , , , , ,, ,,, ,,, ,, ,, ,, ,,
13781-5835,1,"Tesla, Inc.",1-Day,,,JUL-2023,5YJ3E1EB5JF, ,N/A,Tesla,Model 3, ,2018, ,a45d71ebb88020b,91585, ,Consumer,"[REDACTED, MAY CONTAIN CONFIDENTIAL BUSINESS INFORMATION]", ,Y,"[REDACTED, MAY CONTAIN CONFIDENTIAL BUSINESS INFORMATION]", ,Y,"[REDACTED, MAY CONTAIN CONFIDENTIAL BUSINESS INFORMATION]", ,Y,,Y, ,,, ,Y,No,,No,ADAS,, , ,Y, , , ,Y, ,,JUL-2023, ,JUL-2023,00:30, ,364a5bff8604eff,[MAY CONTAIN PERSONALLY IDENTIFIABLE INFORMATION], ,[MAY CONTAIN PERSONALLY IDENTIFIABLE INFORMATION], ,[MAY CONTAIN PERSONALLY IDENTIFIABLE INFORMATION], ,South Lake Tahoe, ,CA ,[MAY CONTAIN PERSONALLY IDENTIFIABLE INFORMATION], ,Street,Unknown,Unknown,,Y,Daylight,Y, , , , , , , ,,Passenger Car,Fatality,Yes,Unknown,Unknown,Unknown, , , , , , , , , , ,Y,Unknown,Yes,Unknown,Unknown,,Y, , , , , , , , , , ,Y,Y, ,Y, ,Y,Y, , ,Yes,California Highway Patrol, ,Unknown,,Y,,Y,,Y,"[REDACTED, MAY CONTAIN CONFIDENTIAL BUSINESS INFORMATION]",Y,"[REDACTED, MAY CONTAIN CONFIDENTIAL BUSINESS INFORMATION]",Y
30353-5834,1,Magna International Inc.,No New or Updated Incident Reports,6,2023,JUL-2023,, ,,,, ,, , ,, ,,, , ,, , ,, , ,,,,,,,,,,,,, , , , , , , , ,,, ,,, , ,, ,, ,, ,, ,,, ,,,,, ,, , , , , , , , ,,,,,,,, , , , , , , , , , , ,,,,,, , , , , , , , , , , , , , , , , , ,, ,,, ,,, ,, ,, ,, ,,
30413-5827,1,May Mobility,No New or Updated Incident Reports,6,2023,JUL-2023,, ,,,, ,, , ,, ,,, , ,, , ,, , ,,,,,,,,,,,,, , , , , , , , ,,, ,,, , ,, ,, ,, ,, ,,, ,,,,, ,, , , , , , , , ,,,,,,,, , , , , , , , , , , ,,,,,, , , , , , , , , , , , , , , , , , ,, ,,, ,,, ,, ,, ,, ,,
30810-5826,1,Verizon,No New or Updated Incident Reports,6,2023,JUL-2023,, ,,,, ,, , ,, ,,, , ,, , ,, , ,,,,,,,,,,,,, , , , , , , , ,,, ,,, , ,, ,, ,, ,, ,,, ,,,,, ,, , , , , , , , ,,,,,,,, , , , , , , , , , , ,,,,,, , , , , , , , , , , , , , , , , , ,, ,,, ,,, ,, ,, ,, ,,
2622-5825,1,"Bendix Commercial Vehicle Systems, LLC",No New or Updated Incident Reports,7,2023,JUL-2023,, ,,,, ,, , ,, ,,, , ,, , ,, , ,,,,,,,,,,,,, , , , , , , , ,,, ,,, , ,, ,, ,, ,, ,,, ,,,,, ,, , , , , , , , ,,,,,,,, , , , , , , , , , , ,,,,,, , , , , , , , , , , , , , , , , , ,, ,,, ,,, ,, ,, ,, ,,
30791-5824,1,AutoX Technologies Inc,No New or Updated Incident Reports,6,2023,JUL-2023,, ,,,, ,, , ,, ,,, , ,, , ,, , ,,,,,,,,,,,,, , , , , , , , ,,, ,,, , ,, ,, ,, ,, ,,, ,,,,, ,, , , , , , , , ,,,,,,,, , , , , , , , , , , ,,,,,, , , , , , , , , , , , , , , , , , ,, ,,, ,,, ,, ,, ,, ,,
33458-5819,1,"Refraction AI, Inc",No New or Updated Incident Reports,6,2023,JUL-2023,, ,,,, ,, , ,, ,,, , ,, , ,, , ,,,,,,,,,,,,, , , , , , , , ,,, ,,, , ,, ,, ,, ,, ,,, ,,,,, ,, , , , , , , , ,,,,,,,, , , , , , , , , , , ,,,,,, , , , , , , , , , , , , , , , , , ,, ,,, ,,, ,, ,, ,, ,,