Report ID,Report Version,Reporting Entity,Report Type,Report Month,Report Year,Report Submission Date,VIN,VIN - Unknown,Serial Number,Make,Model,Model - Unknown,Model Year,Model Year - Unknown,Same Vehicle ID,Mileage,Mileage - Unknown,Driver / Operator Type,ADAS/ADS System Version,ADAS/ADS System Version - Unk,ADAS/ADS System Version CBI,ADAS/ADS Hardware Version,ADAS/ADS Hardware Version - Unk,ADAS/ADS Hardware Version CBI,ADAS/ADS Software Version,ADAS/ADS Software Version - Unk,ADAS/ADS Software Version CBI,Other Reporting Entities?,Other Reporting Entities? - Unk,Other Reporting Entities? - NA,Federal Regulatory Exemption?,Other Federal Reg. Exemption,Federal Reg. Exemption - Unk,Federal Reg. Exemption - No,State or Local Permit?,State or Local Permit,ADS Equipped?,Automation System Engaged?,Operating Entity,Operating Entity - Unknown,Source - Complaint/Claim,Source - Telematics,Source - Law Enforcement,Source - Field Report,Source - Testing,Source - Media,Source - Other,Source - Other Text,Incident Date,Incident Date - Unknown,Notice Received Date,Incident Time (24:00),Incident Time - Unknown,Same Incident ID,Latitude,Latitude - Unknown,Longitude,Longitude - Unknown,Address,Address - Unknown,City,City - Unknown,State,Zip Code,Zip Code - Unknown,Roadway Type,Roadway Surface,Roadway Description,Posted Speed Limit (MPH),Posted Speed Limit - Unknown,Lighting,Weather - Clear,Weather - Snow,Weather - Cloudy,Weather - Fog/Smoke,Weather - Rain,Weather - Severe Wind,Weather - Unknown,Weather - Other,Weather - Other Text,Crash With,Highest Injury Severity Alleged,Property Damage?,CP Pre-Crash Movement,CP Any Air Bags Deployed?,CP Was Vehicle Towed?,CP Contact Area - Rear Left,CP Contact Area - Left,CP Contact Area - Front Left,CP Contact Area - Rear,CP Contact Area - Top,CP Contact Area - Front,CP Contact Area - Rear Right,CP Contact Area - Right,CP Contact Area - Front Right,CP Contact Area - Bottom,CP Contact Area - Unknown,SV Pre-Crash Movement,SV Any Air Bags Deployed?,SV Was Vehicle Towed?,SV Were All Passengers Belted?,SV Precrash Speed (MPH),SV Pre-crash Speed - Unknown,SV Contact Area - Rear Left,SV Contact Area - Left,SV Contact Area - Front Left,SV Contact Area - Rear,SV Contact Area - Top,SV Contact Area - Front,SV Contact Area - Rear Right,SV Contact Area - Right,SV Contact Area - Front Right,SV Contact Area - Bottom,SV Contact Area - Unknown,Data Availability - EDR,Data Availability - Police Rpt,Data Availability - Telematics,Data Availability - Complaints,Data Availability - Video,Data Availability - Other,Data Availability - No Data,Data Availability - Unknown,Law Enforcement Investigating?,Investigating Agency,Investigating Agency - Unknown,Rep Ent Or Mfr Investigating?,Investigating Officer Name,Inv. Officer Name - Unknown,Investigating Officer Phone,Inv. Officer Phone - Unknown,Investigating Officer Email,Inv. Officer Email - Unknown,Within ODD?,Within ODD? - CBI,Narrative,Narrative - CBI?
30270-5817,1,Waymo LLC,5-Day,,,JUL-2023,SADHW2S18M1, ,N/A,Jaguar,I-Pace, ,2021, ,9f856ec3c68a0d1,49116, ,In-Vehicle (Commercial / Test),5th Generation, , ,5th Generation, , ,Version 8, , ,Transdev Alternative Services, , ,,, ,Y,Yes (specify below),"DMV, CPUC",Yes,ADS,Waymo LLC, , ,Y, , , , , ,,JUN-2023, ,JUN-2023,23:18, ,afac5d277fdfeb9,[MAY CONTAIN PERSONALLY IDENTIFIABLE INFORMATION], ,[MAY CONTAIN PERSONALLY IDENTIFIABLE INFORMATION], ,[MAY CONTAIN PERSONALLY IDENTIFIABLE INFORMATION], ,Los Angeles, ,CA ,[MAY CONTAIN PERSONALLY IDENTIFIABLE INFORMATION], ,Intersection,Dry,No Unusual Conditions,30, ,Dark - Lighted,Y, , , , , , , ,,Pickup Truck,Minor,Yes,"Other, see Narrative",No,No, , ,Y, , ,Y, , ,Y, , ,"Other, see Narrative",No,Yes,Yes,0, , , , ,Y, ,Y,Y, ,Y, , , , ,Y, ,Y,Y, , ,Yes,,Y,Yes,,Y,,Y,,Y,Yes, ,"On June [XXX], 2023 at 11:18 PM PT a Waymo Autonomous Vehicle (Waymo AV) operating in Los Angeles, California was in a collision involving a pick-up truck on [XXX] at [XXX]. 
The Waymo AV was traveling eastbound on [XXX] and stopped at a stop sign at the intersection of [XXX] when a pick-up truck approached the Waymo AV from behind and made contact with the rear of the Waymo AV. At the time of the impact, the Waymo AVs Level 4 ADS was engaged in autonomous mode, and a test driver was present (in the drivers seating position).
The Waymo AV test driver then took manual control of the Waymo AV and the pick-up truck then made contact with the rear of the Waymo AV again. The Waymo AV test driver pulled towards the side of the road and stopped. The pick-up truck followed the Waymo AV and repeatedly made further contact with the Waymo AV. At one point the pick-up truck driver verbally harassed the Waymo AV test driver. The Waymo AV test driver was eventually able to elude the pickup truck and wait nearby for law enforcement to arrive. The Waymo AV sustained damage.
Waymo is reporting this crash under Request No. 1 of Standing General Order 2021-01 because a vehicle involved was towed away. Waymo may supplement or correct its reporting with additional information as it may become available. The law enforcement investigation details are unknown to the Waymo employee submitting this report at this time, but they will update this information later, when it is available to them.",
1550-5816,1,Lamborghini (Automobili Lamborghini),No New or Updated Incident Reports,6,2023,JUL-2023,, ,,,, ,, , ,, ,,, , ,, , ,, , ,,,,,,,,,,,,, , , , , , , , ,,, ,,, , ,, ,, ,, ,, ,,, ,,,,, ,, , , , , , , , ,,,,,,,, , , , , , , , , , , ,,,,,, , , , , , , , , , , , , , , , , , ,, ,,, ,,, ,, ,, ,, ,,
502-5810,1,Ford Motor Company,1-Day,,,JUN-2023,1FMCU9BZ9MU, ,N/A,Ford,Escape, ,2021, ,86ee5ce2154f399,24298, ,Consumer,Co-Pilot 360 Assist+, , ,,Y, ,,Y, ,, ,Y,,, ,Y,No,,No,ADAS,, ,Y, , , , , , ,,JUN-2023, ,JUN-2023,9:13, ,92d9de624255d16,[MAY CONTAIN PERSONALLY IDENTIFIABLE INFORMATION], ,[MAY CONTAIN PERSONALLY IDENTIFIABLE INFORMATION], ,[MAY CONTAIN PERSONALLY IDENTIFIABLE INFORMATION], ,Crothersville, ,IN ,,Y,Highway / Freeway,Dry,Work Zone,70, ,Daylight,Y, , , , , , , ,,Other Fixed Object,Minor,Yes,,,, , , , , , , , , , , ,"Other, see Narrative",Yes,Yes,Yes,,Y,Y,Y,Y, , ,Y,Y, ,Y, , , ,Y, , , , , , ,No,, ,Yes,, ,, ,, ,Yes, ,"The driver reported an incident to Ford that occurred while driving South on [XXX]. The customer stated they were using Adaptive Cruise Control (ACC) and Lane Centering Assist (LCA) while driving in a construction zone.  The driver reacted to a lane split, hit a construction barrel, and collided with the end of a road guard-rail, causing heavy damage to the vehicle and deployment of the air bags.   The driver was treated for minor injuries. The weather conditions were dry and sunny.",
33257-5812,1,"VinFast Auto, LLC",No New or Updated Incident Reports,6,2023,JUN-2023,, ,,,, ,, , ,, ,,, , ,, , ,, , ,,,,,,,,,,,,, , , , , , , , ,,, ,,, , ,, ,, ,, ,, ,,, ,,,,, ,, , , , , , , , ,,,,,,,, , , , , , , , , , , ,,,,,, , , , , , , , , , , , , , , , , , ,, ,,, ,,, ,, ,, ,, ,,
945-5789,2,"Nissan North America, Inc.",10-Day Update,,,JUN-2023,JN1BJ1CP9KW, ,N/A,Nissan,Rogue Sport, ,2019, ,6db10dd1d9c5aac,36080, ,Consumer,ProPilot Assist, , ,,Y, ,,Y, ,,Y, ,,, ,Y,No,,No,ADAS,, ,Y, , , , , , ,,JUN-2023, ,JUN-2023,23:40, ,19118d8ffc20fc4,,Y,,Y,,Y,,Y,CA ,,Y,Highway / Freeway,Unknown,"Other, see Narrative",,Y,Dark - Unknown Lighting, , , , , , ,Y, ,,"Other, see Narrative",Unknown,Yes,"Other, see Narrative",Not Applicable,Not Applicable, , , , , , , , , , ,Y,"Other, see Narrative",Yes,Yes,Unknown,65, , , , , , ,Y, ,Y, , , , , , ,Y, , , , ,Unknown,,Y,Yes,,Y,,Y,,Y,"Unknown, see Narrative", ,"The information contained in this report is based solely on Nissan's understanding of the allegations received during customer's discussions with Nissan Consumer Affairs representatives.  Nissan has requested inspection of the subject vehicle and will be investigating further.
On 6/[XXX]/2023, Claimant orally reported that he was driving the subject vehicle with ProPilot Assist (PPA) system on when the vehicle began to veer into the other lanes.  Claimant reportedly attempted to turn the PPA system off but the buttons and brakes stopped working, and the vehicle crashed into a tollbooth.  Claimant reported severe damage to the passenger side and front of the vehicle and airbag deployments. Claimant reported bruising injuries and chest pain but stated he had not seen a doctor yet. 
During a follow-up call on 6/[XXX]/2023, the Claimant stated he was traveling from Sacramento towards San Francisco. Claimant alleges he was stuck in traffic and activated the PPA system at 65 mph, but as he approached the bridge for the tollbooth, he began pressing the button to lower speed.  He alleges the vehicle would not slow down, the steering wheel would not turn, and the brake pedal ""became hard"", and the vehicle continued to accelerate. Claimant alleges the wheel finally let go, but the vehicle hit one side of the tollbooth.  Claimant reported he was transported to the hospital via ambulance.  
Nissan has requested a vehicle inspection. The inspection date is currently being arranged.
As of June 30th, Nissan is continuing to work with the customer for access to inspect the vehicle. Our offices will re-open on July 5th.",
13781-5806,1,"Tesla, Inc.",1-Day,,,JUN-2023,5YJ3E1EBXNF, ,N/A,Tesla,Model 3, ,2022, ,8bbc40d47036be7,4499, ,Consumer,"[REDACTED, MAY CONTAIN CONFIDENTIAL BUSINESS INFORMATION]", ,Y,"[REDACTED, MAY CONTAIN CONFIDENTIAL BUSINESS INFORMATION]", ,Y,"[REDACTED, MAY CONTAIN CONFIDENTIAL BUSINESS INFORMATION]", ,Y,,Y, ,,, ,Y,No,,No,ADAS,, , , , , , ,Y, ,,JUN-2023, ,JUN-2023,15:20, ,71d72ee1e3efa07,[MAY CONTAIN PERSONALLY IDENTIFIABLE INFORMATION], ,[MAY CONTAIN PERSONALLY IDENTIFIABLE INFORMATION], ,[MAY CONTAIN PERSONALLY IDENTIFIABLE INFORMATION], ,Adkins, ,TX ,[MAY CONTAIN PERSONALLY IDENTIFIABLE INFORMATION], ,Unknown,Unknown,Unknown,,Y,Unknown, , , , , , ,Y, ,,Heavy Truck,Serious,Yes,Unknown,Unknown,Unknown, , , , , , , , , , ,Y,Unknown,Yes,Unknown,Unknown,,Y, , , , , , , , , , ,Y, , ,Y, , ,Y, , ,Yes,Bexar County Sheriff's Office, ,Unknown,,Y,,Y,,Y,"[REDACTED, MAY CONTAIN CONFIDENTIAL BUSINESS INFORMATION]",Y,"[REDACTED, MAY CONTAIN CONFIDENTIAL BUSINESS INFORMATION]",Y
33504-5804,1,Waabi,No New or Updated Incident Reports,5,2023,JUN-2023,, ,,,, ,, , ,, ,,, , ,, , ,, , ,,,,,,,,,,,,, , , , , , , , ,,, ,,, , ,, ,, ,, ,, ,,, ,,,,, ,, , , , , , , , ,,,,,,,, , , , , , , , , , , ,,,,,, , , , , , , , , , , , , , , , , , ,, ,,, ,,, ,, ,, ,, ,,
1243-5798,1,"Subaru of America, Inc.",5-Day,,,JUN-2023,4S4BTAFC7R3, ,N/A,Subaru,Outback, ,2024, ,c7413ab3897dd27,705, ,Consumer,"[REDACTED, MAY CONTAIN CONFIDENTIAL BUSINESS INFORMATION]", ,Y,,Y, ,,Y, ,, ,Y,,, ,Y,No,,No,ADAS,, ,Y, , , , , , ,,JUN-2023, ,JUN-2023,12:50, ,8c0f6e0549cbc41,[MAY CONTAIN PERSONALLY IDENTIFIABLE INFORMATION], ,[MAY CONTAIN PERSONALLY IDENTIFIABLE INFORMATION], ,[MAY CONTAIN PERSONALLY IDENTIFIABLE INFORMATION], ,Mayflower, ,AR ,[MAY CONTAIN PERSONALLY IDENTIFIABLE INFORMATION], ,Highway / Freeway,Dry,Unknown,75, ,Daylight,Y, , , , , , , ,,Unknown,No Injuries Reported,Yes,Unknown,Unknown,Unknown, , , , , , , , , , ,Y,Unknown,Yes,Yes,Unknown,50, , , , , , , , , , , ,Y, , ,Y, , , , , ,Unknown,,Y,Unknown,,Y,,Y,,Y,"Unknown, see Narrative", ,"[REDACTED, MAY CONTAIN CONFIDENTIAL BUSINESS INFORMATION]",Y
31099-5790,1,"Telenav, Inc.",No New or Updated Incident Reports,6,2023,JUN-2023,, ,,,, ,, , ,, ,,, , ,, , ,, , ,,,,,,,,,,,,, , , , , , , , ,,, ,,, , ,, ,, ,, ,, ,,, ,,,,, ,, , , , , , , , ,,,,,,,, , , , , , , , , , , ,,,,,, , , , , , , , , , , , , , , , , , ,, ,,, ,,, ,, ,, ,, ,,
945-5789,1,"Nissan North America, Inc.",1-Day,,,JUN-2023,JN1BJ1CP9KW, ,N/A,Nissan,Rogue Sport, ,2019, ,6db10dd1d9c5aac,36080, ,Consumer,ProPilot Assist, , ,,Y, ,,Y, ,,Y, ,,, ,Y,No,,No,ADAS,, ,Y, , , , , , ,,JUN-2023, ,JUN-2023,23:40, ,19118d8ffc20fc4,,Y,,Y,,Y,,Y,CA ,,Y,Highway / Freeway,Unknown,"Other, see Narrative",,Y,Dark - Unknown Lighting, , , , , , ,Y, ,,"Other, see Narrative",Unknown,Yes,"Other, see Narrative",Not Applicable,Not Applicable, , , , , , , , , , ,Y,"Other, see Narrative",Yes,Yes,Unknown,65, , , , , , ,Y, ,Y, , , , , , ,Y, , , , ,Unknown,,Y,Yes,,Y,,Y,,Y,"Unknown, see Narrative", ,"The information contained in this report is based solely on Nissan's understanding of the allegations received during customer's discussions with Nissan Consumer Affairs representatives.  Nissan has requested inspection of the subject vehicle and will be investigating further.
On 6/[XXX]/2023, Claimant orally reported that he was driving the subject vehicle with ProPilot Assist (PPA) system on when the vehicle began to veer into the other lanes.  Claimant reportedly attempted to turn the PPA system off but the buttons and brakes stopped working, and the vehicle crashed into a tollbooth.  Claimant reported severe damage to the passenger side and front of the vehicle and airbag deployments. Claimant reported bruising injuries and chest pain but stated he had not seen a doctor yet. 
During a follow-up call on 6/[XXX]/2023, the Claimant stated he was traveling from Sacramento towards San Francisco. Claimant alleges he was stuck in traffic and activated the PPA system at 65 mph, but as he approached the bridge for the tollbooth, he began pressing the button to lower speed.  He alleges the vehicle would not slow down, the steering wheel would not turn, and the brake pedal ""became hard"", and the vehicle continued to accelerate. Claimant alleges the wheel finally let go, but the vehicle hit one side of the tollbooth.  Claimant reported he was transported to the hospital via ambulance.  
Nissan has requested a vehicle inspection. The inspection date is currently being arranged.",
28349-5694,3,"Lucid USA, Inc.",10-Day Update,,,JUN-2023,50EA1TEA6PA, ,N/A,Lucid,Air Touring, ,2023, ,32bda21cdfb3b83,3183, ,Consumer,"[REDACTED, MAY CONTAIN CONFIDENTIAL BUSINESS INFORMATION]", ,Y,"[REDACTED, MAY CONTAIN CONFIDENTIAL BUSINESS INFORMATION]", ,Y,"[REDACTED, MAY CONTAIN CONFIDENTIAL BUSINESS INFORMATION]", ,Y,,Y, ,,, ,Y,No,,Yes,ADAS,, , ,Y, , , , ,Y,Knox Towing Yard,JUN-2023, ,JUN-2023,14:59, ,59e155e20ed427f,[MAY CONTAIN PERSONALLY IDENTIFIABLE INFORMATION], ,[MAY CONTAIN PERSONALLY IDENTIFIABLE INFORMATION], ,[MAY CONTAIN PERSONALLY IDENTIFIABLE INFORMATION], ,Foster, ,RI ,[MAY CONTAIN PERSONALLY IDENTIFIABLE INFORMATION], ,Highway / Freeway,Dry,No Unusual Conditions,45, ,Daylight, , ,Y, , , , ,Y,Thundering,Pickup Truck,Unknown,Yes,Making Left Turn,Unknown,Unknown,Y, , ,Y, , ,Y, , , , ,Proceeding Straight,Yes,Yes,Yes,53, , , ,Y, , ,Y, , ,Y, , , , ,Y, , , , , ,Unknown,Foster Police Department, ,Yes,[MAY CONTAIN PERSONALLY IDENTIFIABLE INFORMATION], ,[MAY CONTAIN PERSONALLY IDENTIFIABLE INFORMATION], ,[MAY CONTAIN PERSONALLY IDENTIFIABLE INFORMATION], ,Yes, ,"Pre-crash movement through telematics data shows the Lucid vehicle proceeding straight driving 80 mph Eastbound in lane 1 on [XXX] (speed limit is 45 mph) on [XXX], 2023. Initial information indicated one or both vehicles were towed away, though no information was included about injuries. A second before impact, the driver applies the brake pedal and provides steering wheel input to the right, then to the left, and finally to the right before impact. The telematics data shows the vehicle heading East on [XXX] and the crash signal occurs in the Northeast corner of the [XXX] exit ([XXX], [XXX]), the speed of the Lucid Vehicle is logged at 53mph. Telematics data shows the driver airbag deployed.  On [XXX], a conversation with the towing company employee occurred in which the employee stated that the Lucid vehicle was cut off by an oncoming vehicle, a Chevy Crew Cab Pickup truck heading Westbound on [XXX]. The truck was turning left onto [XXX]. and the Lucid vehicle impacted the rear right of the truck. The towing company employee stated that people involved in the accident were transported to the hospital for medical treatment.",
842-5787,1,Mazda North American Operations,5-Day,,,JUN-2023,3MVDMBEY7NM, ,N/A,MAZDA,CX-30, ,2022, ,5b2ab4a9b48db61,4500, ,Consumer,,Y, ,,Y, ,,Y, ,, ,Y,,, ,Y,No,,No,ADAS,, ,Y, , , , , , ,,JUN-2023, ,JUN-2023,18:30, ,e1abfb7b9ed3566,,Y,,Y,,Y,,Y,NY ,,Y,Unknown,Unknown,Unknown,,Y,Unknown, , , , , , ,Y, ,,Unknown,No Injuries Reported,Unknown,Stopped,No,Unknown, , , , , , , , , , ,Y,Proceeding Straight,No,Yes,Unknown,20, , , , , , , , , , , ,Y, , , , , , , ,Y,Unknown,,Y,Unknown,,Y,,Y,,Y,"Unknown, see Narrative", ,"Verbatim text of initial customer complaint as recorded by Mazda Customer Experience Center representative is provided:
""Customer states he set the vehicle driver assist to ""traffic jam"" mode while driving on the highway on his way home from a concert when he tapped the gas and the vehicle darted forward hitting the vehicle in front of him. Customer believes the vehicle malfunctioned and caused the accident on it's own. Customer will have the vehicle brought to ROMANO MAZDA to have the vehicle diagnosed for any issues.""
Additional verbatim text of follow-up inquiry by Mazda Customer Experience Center representative to customer is provided:
""The customer stated that he was in the right lane and he wanted to merge into the left lane customer stated as he turned his head for a min to check before merging over the car in front of him stopped really fast and his car just reveled up to 20 mphs for no reason he stated that the car just took off and hit the car in front of him he stated that he didn't hit the gas or anything he stated everything happened so fast that he couldn't even hit his breaks to try to stop the car. The customer stated that everything is still a little fuzzy to what happened. ( The 1st time the customer was telling me what happened he stated that the car that was in front of him was at a complete stop and his car just took off for no reason the customer also stated that when he got on the highway about 10-15 minutes of driving, he had turned the system on and set if for 20 mph but nothing happened he stated then while driving the car did a couple jumps then took off and hit the car in front of him""
Points of clarification/interpretation in order to explain the details of this incident are provided:
""Traffic Jam"" Mode was used to describe Mazda's Traffic Jam Assist (TJA) ADAS-2 function, which is alleged to have been operating for some time prior to the crash.
The driver indicated the TJA function was active while driving on the highway, at some point the driver disengaged the TJA function by applying brakes for unknown reasons, followed by reactivating TJA at a later point.
Eventually the reported crash occurred.
No injuries were reported as a result of the incident.
No air bags were deployed as a result of the incident.
The subject vehicle was towed away from the incident scene.",
13781-5785,1,"Tesla, Inc.",1-Day,,,JUN-2023,7SAYGAEE8NF, ,N/A,Tesla,Model Y, ,2022, ,891d60530eabc90,,Y,Consumer,"[REDACTED, MAY CONTAIN CONFIDENTIAL BUSINESS INFORMATION]",Y,Y,"[REDACTED, MAY CONTAIN CONFIDENTIAL BUSINESS INFORMATION]", ,Y,"[REDACTED, MAY CONTAIN CONFIDENTIAL BUSINESS INFORMATION]", ,Y,,Y, ,,, ,Y,No,,No,ADAS,, , , , , , ,Y, ,,JUN-2023, ,JUN-2023,10:16, ,df242ae7d3f8981,[MAY CONTAIN PERSONALLY IDENTIFIABLE INFORMATION], ,[MAY CONTAIN PERSONALLY IDENTIFIABLE INFORMATION], ,[MAY CONTAIN PERSONALLY IDENTIFIABLE INFORMATION], ,Turlock, ,CA ,[MAY CONTAIN PERSONALLY IDENTIFIABLE INFORMATION], ,Highway / Freeway,Unknown,Unknown,,Y,Unknown, , , , , , ,Y, ,,Passenger Car,Fatality,Yes,Traveling Wrong Way,Unknown,Unknown, , ,Y, , ,Y, , ,Y, , ,Proceeding Straight,Yes,Unknown,Unknown,,Y, , ,Y, , ,Y, , ,Y, , , , ,Y, ,Y, , , ,Yes,California Highway Patrol, ,Unknown,,Y,,Y,,Y,"[REDACTED, MAY CONTAIN CONFIDENTIAL BUSINESS INFORMATION]",Y,"[REDACTED, MAY CONTAIN CONFIDENTIAL BUSINESS INFORMATION]",Y
10003-5781,1,"Navistar, Inc.",No New or Updated Incident Reports,6,2023,JUN-2023,, ,,,, ,, , ,, ,,, , ,, , ,, , ,,,,,,,,,,,,, , , , , , , , ,,, ,,, , ,, ,, ,, ,, ,,, ,,,,, ,, , , , , , , , ,,,,,,,, , , , , , , , , , , ,,,,,, , , , , , , , , , , , , , , , , , ,, ,,, ,,, ,, ,, ,, ,,
28509-5780,1,"Polestar Automotive USA, Inc.",No New or Updated Incident Reports,6,2023,JUN-2023,, ,,,, ,, , ,, ,,, , ,, , ,, , ,,,,,,,,,,,,, , , , , , , , ,,, ,,, , ,, ,, ,, ,, ,,, ,,,,, ,, , , , , , , , ,,,,,,,, , , , , , , , , , , ,,,,,, , , , , , , , , , , , , , , , , , ,, ,,, ,,, ,, ,, ,, ,,
1422-5779,1,"Volvo Car USA, LLC",No New or Updated Incident Reports,6,2023,JUN-2023,, ,,,, ,, , ,, ,,, , ,, , ,, , ,,,,,,,,,,,,, , , , , , , , ,,, ,,, , ,, ,, ,, ,, ,,, ,,,,, ,, , , , , , , , ,,,,,,,, , , , , , , , , , , ,,,,,, , , , , , , , , , , , , , , , , , ,, ,,, ,,, ,, ,, ,, ,,
30414-5771,1,Easymile Inc.,No New or Updated Incident Reports,5,2023,JUN-2023,, ,,,, ,, , ,, ,,, , ,, , ,, , ,,,,,,,,,,,,, , , , , , , , ,,, ,,, , ,, ,, ,, ,, ,,, ,,,,, ,, , , , , , , , ,,,,,,,, , , , , , , , , , , ,,,,,, , , , , , , , , , , , , , , , , , ,, ,,, ,,, ,, ,, ,, ,,
30350-5767,1,AImotive Inc,No New or Updated Incident Reports,6,2023,JUN-2023,, ,,,, ,, , ,, ,,, , ,, , ,, , ,,,,,,,,,,,,, , , , , , , , ,,, ,,, , ,, ,, ,, ,, ,,, ,,,,, ,, , , , , , , , ,,,,,,,, , , , , , , , , , , ,,,,,, , , , , , , , , , , , , , , , , , ,, ,,, ,,, ,, ,, ,, ,,
31092-5766,1,"Einride AB, Nordic Innovation House",No New or Updated Incident Reports,5,2023,JUN-2023,, ,,,, ,, , ,, ,,, , ,, , ,, , ,,,,,,,,,,,,, , , , , , , , ,,, ,,, , ,, ,, ,, ,, ,,, ,,,,, ,, , , , , , , , ,,,,,,,, , , , , , , , , , , ,,,,,, , , , , , , , , , , , , , , , , , ,, ,,, ,,, ,, ,, ,, ,,
5341-5765,1,WABCO USA LLC,No New or Updated Incident Reports,6,2023,JUN-2023,, ,,,, ,, , ,, ,,, , ,, , ,, , ,,,,,,,,,,,,, , , , , , , , ,,, ,,, , ,, ,, ,, ,, ,,, ,,,,, ,, , , , , , , , ,,,,,,,, , , , , , , , , , , ,,,,,, , , , , , , , , , , , , , , , , , ,, ,,, ,,, ,, ,, ,, ,,