Report ID,Report Version,Reporting Entity,Report Type,Report Month,Report Year,Report Submission Date,VIN,VIN - Unknown,Serial Number,Make,Model,Model - Unknown,Model Year,Model Year - Unknown,Same Vehicle ID,Mileage,Mileage - Unknown,Driver / Operator Type,ADAS/ADS System Version,ADAS/ADS System Version - Unk,ADAS/ADS System Version CBI,ADAS/ADS Hardware Version,ADAS/ADS Hardware Version - Unk,ADAS/ADS Hardware Version CBI,ADAS/ADS Software Version,ADAS/ADS Software Version - Unk,ADAS/ADS Software Version CBI,Other Reporting Entities?,Other Reporting Entities? - Unk,Other Reporting Entities? - NA,Federal Regulatory Exemption?,Other Federal Reg. Exemption,Federal Reg. Exemption - Unk,Federal Reg. Exemption - No,State or Local Permit?,State or Local Permit,ADS Equipped?,Automation System Engaged?,Operating Entity,Operating Entity - Unknown,Source - Complaint/Claim,Source - Telematics,Source - Law Enforcement,Source - Field Report,Source - Testing,Source - Media,Source - Other,Source - Other Text,Incident Date,Incident Date - Unknown,Notice Received Date,Incident Time (24:00),Incident Time - Unknown,Same Incident ID,Latitude,Latitude - Unknown,Longitude,Longitude - Unknown,Address,Address - Unknown,City,City - Unknown,State,Zip Code,Zip Code - Unknown,Roadway Type,Roadway Surface,Roadway Description,Posted Speed Limit (MPH),Posted Speed Limit - Unknown,Lighting,Weather - Clear,Weather - Snow,Weather - Cloudy,Weather - Fog/Smoke,Weather - Rain,Weather - Severe Wind,Weather - Unknown,Weather - Other,Weather - Other Text,Crash With,Highest Injury Severity Alleged,Property Damage?,CP Pre-Crash Movement,CP Any Air Bags Deployed?,CP Was Vehicle Towed?,CP Contact Area - Rear Left,CP Contact Area - Left,CP Contact Area - Front Left,CP Contact Area - Rear,CP Contact Area - Top,CP Contact Area - Front,CP Contact Area - Rear Right,CP Contact Area - Right,CP Contact Area - Front Right,CP Contact Area - Bottom,CP Contact Area - Unknown,SV Pre-Crash Movement,SV Any Air Bags Deployed?,SV Was Vehicle Towed?,SV Were All Passengers Belted?,SV Precrash Speed (MPH),SV Pre-crash Speed - Unknown,SV Contact Area - Rear Left,SV Contact Area - Left,SV Contact Area - Front Left,SV Contact Area - Rear,SV Contact Area - Top,SV Contact Area - Front,SV Contact Area - Rear Right,SV Contact Area - Right,SV Contact Area - Front Right,SV Contact Area - Bottom,SV Contact Area - Unknown,Data Availability - EDR,Data Availability - Police Rpt,Data Availability - Telematics,Data Availability - Complaints,Data Availability - Video,Data Availability - Other,Data Availability - No Data,Data Availability - Unknown,Law Enforcement Investigating?,Investigating Agency,Investigating Agency - Unknown,Rep Ent Or Mfr Investigating?,Investigating Officer Name,Inv. Officer Name - Unknown,Investigating Officer Phone,Inv. Officer Phone - Unknown,Investigating Officer Email,Inv. Officer Email - Unknown,Within ODD?,Within ODD? - CBI,Narrative,Narrative - CBI?
30432-4964,1,Apex.AI Inc.,No New or Updated Incident Reports,2,2023,MAR-2023,, ,,,, ,, , ,, ,,, , ,, , ,, , ,, , ,,, , ,,,,,, , , , , , , , ,,, ,,, , ,, ,, ,, ,, ,,, ,,,,, ,, , , , , , , , ,,,,,,,, , , , , , , , , , , ,,,,,, , , , , , , , , , , , , , , , , , ,, ,,, ,,, ,, ,, ,, ,,
13781-4963,1,"Tesla, Inc.",1-Day,,,MAR-2023,5YJSA1H10EF, ,N/A,Tesla,Model S, ,2014, ,f35e1f709ecad44,99804, ,Consumer,"[REDACTED, MAY CONTAIN CONFIDENTIAL BUSINESS INFORMATION]", ,Y,, , ,, , ,, , ,,, , ,,,No,ADAS,, , , , , , ,Y, ,,FEB-2023, ,MAR-2023,11:53, ,25c1c827105b0d2,,Y,,Y,[MAY CONTAIN PERSONALLY IDENTIFIABLE INFORMATION], ,Walnut Creek, ,CA ,,Y,Highway / Freeway,Unknown,Unknown,,Y,Unknown, , , , , , ,Y, ,,First Responder Vehicle,Fatality,Yes,Unknown,Unknown,Unknown, , , , , , , , , , ,Y,Unknown,Yes,Yes,Unknown,,Y, , , , , , , , , , ,Y,Y,Y, , , ,Y, , ,Yes,California Highway Patrol, ,Unknown,,Y,,Y,,Y,"[REDACTED, MAY CONTAIN CONFIDENTIAL BUSINESS INFORMATION]",Y,"[REDACTED, MAY CONTAIN CONFIDENTIAL BUSINESS INFORMATION]",Y
13781-4962,1,"Tesla, Inc.",1-Day,,,MAR-2023,5YJYGDEFXMF, ,N/A,Tesla,Model Y, ,2021, ,cac19fedd9dad0c,22999, ,Consumer,"[REDACTED, MAY CONTAIN CONFIDENTIAL BUSINESS INFORMATION]", ,Y,, , ,, , ,, , ,,, , ,,,No,ADAS,, , ,Y, , , , , ,,MAR-2023, ,MAR-2023,20:59, ,69523b06ee47713,[MAY CONTAIN PERSONALLY IDENTIFIABLE INFORMATION], ,[MAY CONTAIN PERSONALLY IDENTIFIABLE INFORMATION], ,[MAY CONTAIN PERSONALLY IDENTIFIABLE INFORMATION], ,Dixon, ,CA ,[MAY CONTAIN PERSONALLY IDENTIFIABLE INFORMATION], ,Highway / Freeway,Unknown,Unknown,,Y,Unknown, , , , , , ,Y, ,,Unknown,Unknown,Unknown,Unknown,Unknown,Unknown, , , , , , , , , , ,Y,Unknown,No,Yes,Unknown,,Y, , , , , , , , , , ,Y,Y, , , , , , , ,Unknown,,Y,Unknown,,Y,,Y,,Y,"[REDACTED, MAY CONTAIN CONFIDENTIAL BUSINESS INFORMATION]",Y,"[REDACTED, MAY CONTAIN CONFIDENTIAL BUSINESS INFORMATION]",Y
13781-4961,1,"Tesla, Inc.",1-Day,,,MAR-2023,5YJ3E1EA3KF, ,N/A,Tesla,Model 3, ,2019, ,70acc427479b285,31195, ,Consumer,"[REDACTED, MAY CONTAIN CONFIDENTIAL BUSINESS INFORMATION]", ,Y,, , ,, , ,, , ,,, , ,,,No,ADAS,, , ,Y, , , , , ,,MAR-2023, ,MAR-2023,22:08, ,b955fc1499a5642,[MAY CONTAIN PERSONALLY IDENTIFIABLE INFORMATION], ,[MAY CONTAIN PERSONALLY IDENTIFIABLE INFORMATION], ,[MAY CONTAIN PERSONALLY IDENTIFIABLE INFORMATION], ,Fremont, ,CA ,[MAY CONTAIN PERSONALLY IDENTIFIABLE INFORMATION], ,Highway / Freeway,Unknown,Unknown,,Y,Unknown, , , , , , ,Y, ,,Unknown,Unknown,Yes,Unknown,Unknown,Unknown, , , , , , , , , , ,Y,Unknown,Yes,Unknown,Unknown,,Y, , , , , , , , , , ,Y,Y, , , , , , , ,Unknown,,Y,Unknown,,Y,,Y,,Y,"[REDACTED, MAY CONTAIN CONFIDENTIAL BUSINESS INFORMATION]",Y,"[REDACTED, MAY CONTAIN CONFIDENTIAL BUSINESS INFORMATION]",Y
30370-4959,1,TuSimple,No New or Updated Incident Reports,2,2023,MAR-2023,, ,,,, ,, , ,, ,,, , ,, , ,, , ,, , ,,, , ,,,,,, , , , , , , , ,,, ,,, , ,, ,, ,, ,, ,,, ,,,,, ,, , , , , , , , ,,,,,,,, , , , , , , , , , , ,,,,,, , , , , , , , , , , , , , , , , , ,, ,,, ,,, ,, ,, ,, ,,
753-4922,2,"Kia America, Inc.",10-Day Update,,,MAR-2023,5XYRKDLF9NG, ,[MAY CONTAIN PERSONALLY IDENTIFIABLE INFORMATION],KIA,SORENTO, ,2022, ,2f0946bcac584a5,27000, ,Consumer,,Y, ,, , ,, , ,, , ,,, , ,,,No,"Unknown, see Narrative",, ,Y, , , , , , ,,FEB-2023, ,FEB-2023,02:45, ,691763653824c05,,Y,,Y,[MAY CONTAIN PERSONALLY IDENTIFIABLE INFORMATION], ,,Y,CT ,,Y,Highway / Freeway,Dry,Unknown,55, ,Unknown, , ,Y, , , , , ,,SUV,Minor,No,Unknown,Unknown,Yes, , , , , , , , , , ,Y,Proceeding Straight,Yes,Yes,Yes,65, , , ,Y, , ,Y, , ,Y, , , , , ,Y, , , , ,Yes,Connecticut State Trooper, ,Yes,,Y,,Y,,Y,"Unknown, see Narrative", ,"*2/25/23: 1-Day Incident Report*
Customer contacted Kia Customer Care on 2/[XXX]/23 & reported that he was driving his 22 Kia Sorento 65mph on [XX] near Meridian, CT when he fell asleep.  Customer stated he heard beeping, went to hit the brakes but it was too late & his vehicle rear ended the vehicle in front of him. The driver & passenger airbags deployed. The customer reported him & his wife were taken to the ER via ambulance. He reported that his upper body was sore (mostly wrist & left hand) & that his wife sustained a swollen ankle & bruising on the right side of her body. The vehicle was towed. Customer stated that he believed the accident was his fault but claims the Forward Collision Avoidance (FCA) system in this vehicle was not working properly. 
The subject 22 Sorento is equipped with Highway Driving Assist (HDA). HDA is a supplemental system that helps maintain a set distance & speed from the vehicle ahead when driving on a highway & helps keep the vehicle between lanes while driving. HDA may not be able to recognize all traffic situations. Obstacles such as vehicles, motorcycles, bicycles, pedestrians, unspecified objects & structures that may collide with the vehicle may not be detected. 
Based on the information currently available, Kia is unable to rule out that HDA was not engaged at the time of the incident. Kia is currently working on obtaining the ACU for further evaluation.
*3/6/23: 10-Day Update*
There are no new updates. Kia continues to work to obtain the ACU.",
13781-4957,1,"Tesla, Inc.",1-Day,,,MAR-2023,5YJYGDEF1MF, ,N/A,Tesla,Model Y, ,2021, ,153a860a3410cc3,11360, ,Consumer,"[REDACTED, MAY CONTAIN CONFIDENTIAL BUSINESS INFORMATION]", ,Y,, , ,, , ,, , ,,, , ,,,No,ADAS,, , ,Y, , , , , ,,MAR-2023, ,MAR-2023,17:03, ,6777920bd361a47,[MAY CONTAIN PERSONALLY IDENTIFIABLE INFORMATION], ,[MAY CONTAIN PERSONALLY IDENTIFIABLE INFORMATION], ,[MAY CONTAIN PERSONALLY IDENTIFIABLE INFORMATION], ,Greensboro, ,NC ,[MAY CONTAIN PERSONALLY IDENTIFIABLE INFORMATION], ,Unknown,Unknown,Unknown,,Y,Unknown, , , , , , ,Y, ,,Unknown,Unknown,Yes,Unknown,Unknown,Unknown, , , , , , , , , , ,Y,Unknown,Yes,Unknown,Unknown,,Y, , , , , , , , , , ,Y,Y, , , , , , , ,Unknown,,Y,Unknown,,Y,,Y,,Y,"[REDACTED, MAY CONTAIN CONFIDENTIAL BUSINESS INFORMATION]",Y,"[REDACTED, MAY CONTAIN CONFIDENTIAL BUSINESS INFORMATION]",Y
13781-4956,1,"Tesla, Inc.",1-Day,,,MAR-2023,5YJ3E1EA5LF, ,N/A,Tesla,Model 3, ,2020, ,6ba1958b9798642,48231, ,Consumer,"[REDACTED, MAY CONTAIN CONFIDENTIAL BUSINESS INFORMATION]", ,Y,, , ,, , ,, , ,,, , ,,,No,ADAS,, , ,Y, , , , , ,,MAR-2023, ,MAR-2023,18:52, ,d7b4e5ecc64679c,[MAY CONTAIN PERSONALLY IDENTIFIABLE INFORMATION], ,[MAY CONTAIN PERSONALLY IDENTIFIABLE INFORMATION], ,[MAY CONTAIN PERSONALLY IDENTIFIABLE INFORMATION], ,Big Pool, ,MD ,[MAY CONTAIN PERSONALLY IDENTIFIABLE INFORMATION], ,Unknown,Unknown,Unknown,,Y,Unknown, , , , , , ,Y, ,,Unknown,Unknown,Yes,Unknown,Unknown,Unknown, , , , , , , , , , ,Y,Unknown,Yes,Unknown,Unknown,,Y, , , , , , , , , , ,Y,Y, , , , , , , ,Unknown,,Y,Unknown,,Y,,Y,,Y,"[REDACTED, MAY CONTAIN CONFIDENTIAL BUSINESS INFORMATION]",Y,"[REDACTED, MAY CONTAIN CONFIDENTIAL BUSINESS INFORMATION]",Y
13781-4954,1,"Tesla, Inc.",1-Day,,,MAR-2023,5YJ3E1EA4PF, ,N/A,Tesla,Model 3, ,2023, ,f348baf697151c5,5314, ,Consumer,"[REDACTED, MAY CONTAIN CONFIDENTIAL BUSINESS INFORMATION]", ,Y,, , ,, , ,, , ,,, , ,,,No,ADAS,, , ,Y, , , , , ,,MAR-2023, ,MAR-2023,02:17, ,0631e46b926ae9e,[MAY CONTAIN PERSONALLY IDENTIFIABLE INFORMATION], ,[MAY CONTAIN PERSONALLY IDENTIFIABLE INFORMATION], ,[MAY CONTAIN PERSONALLY IDENTIFIABLE INFORMATION], ,Redwood, ,TX ,[MAY CONTAIN PERSONALLY IDENTIFIABLE INFORMATION], ,Unknown,Unknown,Unknown,,Y,Unknown, , , , , , ,Y, ,,Unknown,Unknown,Yes,Unknown,Unknown,Unknown, , , , , , , , , , ,Y,Unknown,Yes,Unknown,Unknown,,Y, , , , , , , , , , ,Y,Y, , , , , , , ,Unknown,,Y,Unknown,,Y,,Y,,Y,"[REDACTED, MAY CONTAIN CONFIDENTIAL BUSINESS INFORMATION]",Y,"[REDACTED, MAY CONTAIN CONFIDENTIAL BUSINESS INFORMATION]",Y
30810-4953,1,Verizon,No New or Updated Incident Reports,2,2023,MAR-2023,, ,,,, ,, , ,, ,,, , ,, , ,, , ,, , ,,, , ,,,,,, , , , , , , , ,,, ,,, , ,, ,, ,, ,, ,,, ,,,,, ,, , , , , , , , ,,,,,,,, , , , , , , , , , , ,,,,,, , , , , , , , , , , , , , , , , , ,, ,,, ,,, ,, ,, ,, ,,
13781-4952,1,"Tesla, Inc.",1-Day,,,MAR-2023,5YJ3E1EB1NF, ,N/A,Tesla,Model 3, ,2022, ,76a9d395bdb47d4,25482, ,Consumer,"[REDACTED, MAY CONTAIN CONFIDENTIAL BUSINESS INFORMATION]", ,Y,, , ,, , ,, , ,,, , ,,,No,ADAS,, , ,Y, , , , , ,,MAR-2023, ,MAR-2023,05:53, ,f77bbcf2d392fac,[MAY CONTAIN PERSONALLY IDENTIFIABLE INFORMATION], ,[MAY CONTAIN PERSONALLY IDENTIFIABLE INFORMATION], ,[MAY CONTAIN PERSONALLY IDENTIFIABLE INFORMATION], ,Los Angeles, ,CA ,[MAY CONTAIN PERSONALLY IDENTIFIABLE INFORMATION], ,Unknown,Unknown,Unknown,,Y,Unknown, , , , , , ,Y, ,,Unknown,Unknown,Yes,Unknown,Unknown,Unknown, , , , , , , , , , ,Y,Unknown,Yes,Unknown,Unknown,,Y, , , , , , , , , , ,Y,Y, , , , , , , ,Unknown,,Y,Unknown,,Y,,Y,,Y,"[REDACTED, MAY CONTAIN CONFIDENTIAL BUSINESS INFORMATION]",Y,"[REDACTED, MAY CONTAIN CONFIDENTIAL BUSINESS INFORMATION]",Y
13781-4951,1,"Tesla, Inc.",1-Day,,,MAR-2023,7SAYGAEE8NF, ,N/A,Tesla,Model Y, ,2022, ,09fe82153cfe4eb,10956, ,Consumer,"[REDACTED, MAY CONTAIN CONFIDENTIAL BUSINESS INFORMATION]", ,Y,, , ,, , ,, , ,,, , ,,,No,ADAS,, , ,Y, , , , , ,,FEB-2023, ,MAR-2023,10:59, ,7c48dae292aa2c2,[MAY CONTAIN PERSONALLY IDENTIFIABLE INFORMATION], ,[MAY CONTAIN PERSONALLY IDENTIFIABLE INFORMATION], ,[MAY CONTAIN PERSONALLY IDENTIFIABLE INFORMATION], ,Fort Lauderdale, ,FL ,[MAY CONTAIN PERSONALLY IDENTIFIABLE INFORMATION], ,Unknown,Unknown,Unknown,,Y,Unknown, , , , , , ,Y, ,,Unknown,Unknown,Yes,Unknown,Unknown,Unknown, , , , , , , , , , ,Y,Unknown,Yes,Unknown,Unknown,,Y, , , , , , , , , , ,Y,Y, , , , , , , ,Unknown,,Y,Unknown,,Y,,Y,,Y,"[REDACTED, MAY CONTAIN CONFIDENTIAL BUSINESS INFORMATION]",Y,"[REDACTED, MAY CONTAIN CONFIDENTIAL BUSINESS INFORMATION]",Y
30791-4950,1,AutoX Technologies Inc,No New or Updated Incident Reports,2,2023,MAR-2023,, ,,,, ,, , ,, ,,, , ,, , ,, , ,, , ,,, , ,,,,,, , , , , , , , ,,, ,,, , ,, ,, ,, ,, ,,, ,,,,, ,, , , , , , , , ,,,,,,,, , , , , , , , , , , ,,,,,, , , , , , , , , , , , , , , , , , ,, ,,, ,,, ,, ,, ,, ,,
13781-4949,1,"Tesla, Inc.",1-Day,,,MAR-2023,5YJYGDEE3MF, ,N/A,Tesla,Model Y, ,2021, ,a66b77c5d0dd24b,13135, ,Consumer,"[REDACTED, MAY CONTAIN CONFIDENTIAL BUSINESS INFORMATION]", ,Y,, , ,, , ,, , ,,, , ,,,No,ADAS,, , ,Y, , , , , ,,MAR-2023, ,MAR-2023,17:12, ,c7849923039aaaa,[MAY CONTAIN PERSONALLY IDENTIFIABLE INFORMATION], ,[MAY CONTAIN PERSONALLY IDENTIFIABLE INFORMATION], ,[MAY CONTAIN PERSONALLY IDENTIFIABLE INFORMATION], ,Costa Mesa, ,CA ,[MAY CONTAIN PERSONALLY IDENTIFIABLE INFORMATION], ,Highway / Freeway,Unknown,Unknown,,Y,Unknown, , , , , , ,Y, ,,Unknown,Unknown,Yes,Unknown,Unknown,Unknown, , , , , , , , , , ,Y,Unknown,Yes,Unknown,Unknown,,Y, , , , , , , , , , ,Y,Y, , , , , , , ,Unknown,,Y,Unknown,,Y,,Y,,Y,"[REDACTED, MAY CONTAIN CONFIDENTIAL BUSINESS INFORMATION]",Y,"[REDACTED, MAY CONTAIN CONFIDENTIAL BUSINESS INFORMATION]",Y
30413-4948,1,May Mobility,No New or Updated Incident Reports,2,2023,MAR-2023,, ,,,, ,, , ,, ,,, , ,, , ,, , ,, , ,,, , ,,,,,, , , , , , , , ,,, ,,, , ,, ,, ,, ,, ,,, ,,,,, ,, , , , , , , , ,,,,,,,, , , , , , , , , , , ,,,,,, , , , , , , , , , , , , , , , , , ,, ,,, ,,, ,, ,, ,, ,,
1263-4947,1,"Suzuki Motor USA, LLC",No New or Updated Incident Reports,2,2023,MAR-2023,, ,,,, ,, , ,, ,,, , ,, , ,, , ,, , ,,, , ,,,,,, , , , , , , , ,,, ,,, , ,, ,, ,, ,, ,,, ,,,,, ,, , , , , , , , ,,,,,,,, , , , , , , , , , , ,,,,,, , , , , , , , , , , , , , , , , , ,, ,,, ,,, ,, ,, ,, ,,
13781-4944,1,"Tesla, Inc.",1-Day,,,MAR-2023,5YJ3E1EB0PF, ,N/A,Tesla,Model 3, ,2023, ,2879abf5423010f,9852, ,Consumer,"[REDACTED, MAY CONTAIN CONFIDENTIAL BUSINESS INFORMATION]", ,Y,, , ,, , ,, , ,,, , ,,,No,ADAS,, , ,Y, , , , , ,,FEB-2023, ,MAR-2023,14:41, ,e0bb2790e9f6bd8,[MAY CONTAIN PERSONALLY IDENTIFIABLE INFORMATION], ,[MAY CONTAIN PERSONALLY IDENTIFIABLE INFORMATION], ,[MAY CONTAIN PERSONALLY IDENTIFIABLE INFORMATION], ,Buena Park, ,CA ,[MAY CONTAIN PERSONALLY IDENTIFIABLE INFORMATION], ,Unknown,Unknown,Unknown,,Y,Unknown, , , , , , ,Y, ,,Unknown,Unknown,Yes,Unknown,Unknown,Unknown, , , , , , , , , , ,Y,Unknown,Yes,Unknown,Unknown,,Y, , , , , , , , , , ,Y,Y, , , , , , , ,Unknown,,Y,Unknown,,Y,,Y,,Y,"[REDACTED, MAY CONTAIN CONFIDENTIAL BUSINESS INFORMATION]",Y,"[REDACTED, MAY CONTAIN CONFIDENTIAL BUSINESS INFORMATION]",Y
1243-4930,1,"Subaru of America, Inc.",1-Day,,,FEB-2023,4S4BTGPD9M3, ,N/A,Subaru,Outback, ,2021, ,3a96d26e4b4b593,27013, ,Consumer,,Y, ,, , ,, , ,, , ,,, , ,,,No,ADAS,, ,Y, , , , , , ,,FEB-2023, ,FEB-2023,09:40, ,cee51edc6bfaf71,[MAY CONTAIN PERSONALLY IDENTIFIABLE INFORMATION], ,[MAY CONTAIN PERSONALLY IDENTIFIABLE INFORMATION], ,[MAY CONTAIN PERSONALLY IDENTIFIABLE INFORMATION], ,Jefferson, ,NC ,[MAY CONTAIN PERSONALLY IDENTIFIABLE INFORMATION], ,Intersection,Unknown,Unknown,55, ,Daylight, , ,Y, , , , , ,,Heavy Truck,No Injuries Reported,Yes,Unknown,Unknown,Unknown, , , , , , , , , , ,Y,Making Right Turn,No,Yes,Yes,45, , , ,Y, , , , , , , , , , ,Y, , , , , ,Unknown,,Y,Unknown,,Y,,Y,,Y,"[REDACTED, MAY CONTAIN CONFIDENTIAL BUSINESS INFORMATION]",Y,"[REDACTED, MAY CONTAIN CONFIDENTIAL BUSINESS INFORMATION]",Y
10039-4932,1,"BMW of North America, LLC",1-Day,,,FEB-2023,WBA7W4C00LB, ,N/A,BMW,745e xDrive, ,2020, ,2413c588f95422d,,Y,Consumer,"[REDACTED, MAY CONTAIN CONFIDENTIAL BUSINESS INFORMATION]",Y,Y,, , ,, , ,, , ,,, , ,,,No,"Unknown, see Narrative",, ,Y, , , , , , ,,FEB-2023, ,FEB-2023,,Y,7034b85b30fa462,,Y,,Y,,Y,,Y,UNK,,Y,Highway / Freeway,Unknown,Unknown,,Y,Unknown, , , , , , ,Y, ,,Passenger Car,No Injuries Reported,Unknown,Unknown,Unknown,Unknown, , , , , , , , , , ,Y,Lane / Road Departure,Yes,Yes,Unknown,70, , , , , , , , , , , ,Y, , , , , , , ,Y,Unknown,,Y,Yes,,Y,,Y,,Y,"[REDACTED, MAY CONTAIN CONFIDENTIAL BUSINESS INFORMATION]",Y,"[REDACTED, MAY CONTAIN CONFIDENTIAL BUSINESS INFORMATION]",Y
13781-4933,1,"Tesla, Inc.",1-Day,,,FEB-2023,5YJ3E1EB0NF, ,N/A,Tesla,Model 3, ,2022, ,113eeddc4889dad,8398, ,Consumer,"[REDACTED, MAY CONTAIN CONFIDENTIAL BUSINESS INFORMATION]", ,Y,, , ,, , ,, , ,,, , ,,,No,ADAS,, , ,Y, , , , , ,,FEB-2023, ,FEB-2023,13:43, ,050c4d10fce8f40,[MAY CONTAIN PERSONALLY IDENTIFIABLE INFORMATION], ,[MAY CONTAIN PERSONALLY IDENTIFIABLE INFORMATION], ,[MAY CONTAIN PERSONALLY IDENTIFIABLE INFORMATION], ,Orlando, ,FL ,[MAY CONTAIN PERSONALLY IDENTIFIABLE INFORMATION], ,Unknown,Unknown,Unknown,,Y,Unknown, , , , , , ,Y, ,,Unknown,Unknown,Yes,Unknown,Unknown,Unknown, , , , , , , , , , ,Y,Unknown,Yes,Unknown,Unknown,,Y, , , , , , , , , , ,Y,Y, , , , , , , ,Unknown,,Y,Unknown,,Y,,Y,,Y,"[REDACTED, MAY CONTAIN CONFIDENTIAL BUSINESS INFORMATION]",Y,"[REDACTED, MAY CONTAIN CONFIDENTIAL BUSINESS INFORMATION]",Y
30550-4931,1,Intel Corporation,No New or Updated Incident Reports,1,2023,FEB-2023,, ,,,, ,, , ,, ,,, , ,, , ,, , ,, , ,,, , ,,,,,, , , , , , , , ,,, ,,, , ,, ,, ,, ,, ,,, ,,,,, ,, , , , , , , , ,,,,,,,, , , , , , , , , , , ,,,,,, , , , , , , , , , , , , , , , , , ,, ,,, ,,, ,, ,, ,, ,,
13781-4929,1,"Tesla, Inc.",1-Day,,,FEB-2023,,Y,,Tesla,Model Y, ,2021, , ,,Y,Consumer,"[REDACTED, MAY CONTAIN CONFIDENTIAL BUSINESS INFORMATION]",Y,Y,, , ,, , ,, , ,,, , ,,,No,ADAS,, ,Y, , , , , , ,,FEB-2023, ,FEB-2023,,Y, ,,Y,,Y,,Y,,Y,UNK,,Y,Unknown,Unknown,Unknown,,Y,Unknown, , , , , , ,Y, ,,Unknown,Unknown,Unknown,Unknown,Unknown,Unknown, , , , , , , , , , ,Y,Unknown,No,Yes,Unknown,,Y, , , , , , , , , , ,Y, , , ,Y, , , , ,Unknown,,Y,Unknown,,Y,,Y,,Y,"[REDACTED, MAY CONTAIN CONFIDENTIAL BUSINESS INFORMATION]",Y,"[REDACTED, MAY CONTAIN CONFIDENTIAL BUSINESS INFORMATION]",Y
13781-4928,1,"Tesla, Inc.",1-Day,,,FEB-2023,5YJSA1E63MF, ,N/A,Tesla,Model S, ,2021, ,401695dfdbb17e6,32591, ,Consumer,"[REDACTED, MAY CONTAIN CONFIDENTIAL BUSINESS INFORMATION]", ,Y,, , ,, , ,, , ,,, , ,,,No,ADAS,, , ,Y, , , , , ,,FEB-2023, ,FEB-2023,22:55, ,9ccf2e2ac9d8329,[MAY CONTAIN PERSONALLY IDENTIFIABLE INFORMATION], ,[MAY CONTAIN PERSONALLY IDENTIFIABLE INFORMATION], ,[MAY CONTAIN PERSONALLY IDENTIFIABLE INFORMATION], ,Buena Park, ,CA ,[MAY CONTAIN PERSONALLY IDENTIFIABLE INFORMATION], ,Unknown,Unknown,Unknown,,Y,Unknown, , , , , , ,Y, ,,Unknown,Unknown,Yes,Unknown,Unknown,Unknown, , , , , , , , , , ,Y,Unknown,Yes,Unknown,Unknown,,Y, , , , , , , , , , ,Y,Y, , , , , , , ,Unknown,,Y,Unknown,,Y,,Y,,Y,"[REDACTED, MAY CONTAIN CONFIDENTIAL BUSINESS INFORMATION]",Y,"[REDACTED, MAY CONTAIN CONFIDENTIAL BUSINESS INFORMATION]",Y
13781-4927,1,"Tesla, Inc.",1-Day,,,FEB-2023,5YJYGDEE1MF, ,N/A,Tesla,Model Y, ,2021, ,4bd05e5e09c86dc,42979, ,Consumer,"[REDACTED, MAY CONTAIN CONFIDENTIAL BUSINESS INFORMATION]", ,Y,, , ,, , ,, , ,,, , ,,,No,ADAS,, , ,Y, , , , , ,,FEB-2023, ,FEB-2023,22:00, ,0d0674857716a10,[MAY CONTAIN PERSONALLY IDENTIFIABLE INFORMATION], ,[MAY CONTAIN PERSONALLY IDENTIFIABLE INFORMATION], ,[MAY CONTAIN PERSONALLY IDENTIFIABLE INFORMATION], ,Glastonbury, ,CT ,[MAY CONTAIN PERSONALLY IDENTIFIABLE INFORMATION], ,Unknown,Unknown,Unknown,,Y,Unknown, , , , , , ,Y, ,,Unknown,Unknown,Yes,Unknown,Unknown,Unknown, , , , , , , , , , ,Y,Unknown,Yes,Unknown,Unknown,,Y, , , , , , , , , , ,Y,Y, , , , , , , ,Unknown,,Y,Unknown,,Y,,Y,,Y,"[REDACTED, MAY CONTAIN CONFIDENTIAL BUSINESS INFORMATION]",Y,"[REDACTED, MAY CONTAIN CONFIDENTIAL BUSINESS INFORMATION]",Y
13781-4926,1,"Tesla, Inc.",1-Day,,,FEB-2023,5YJ3E1EB3LF, ,N/A,Tesla,Model 3, ,2020, ,fa25bd7a68b9d07,73653, ,Consumer,"[REDACTED, MAY CONTAIN CONFIDENTIAL BUSINESS INFORMATION]", ,Y,, , ,, , ,, , ,,, , ,,,No,ADAS,, , ,Y, , , , , ,,FEB-2023, ,FEB-2023,14:27, ,147a3cba2a90e11,[MAY CONTAIN PERSONALLY IDENTIFIABLE INFORMATION], ,[MAY CONTAIN PERSONALLY IDENTIFIABLE INFORMATION], ,[MAY CONTAIN PERSONALLY IDENTIFIABLE INFORMATION], ,Santa Ana, ,CA ,[MAY CONTAIN PERSONALLY IDENTIFIABLE INFORMATION], ,Unknown,Unknown,Unknown,,Y,Unknown, , , , , , ,Y, ,,Unknown,Unknown,Yes,Unknown,Unknown,Unknown, , , , , , , , , , ,Y,Unknown,Yes,Unknown,Unknown,,Y, , , , , , , , , , ,Y,Y, , , , , , , ,Unknown,,Y,Unknown,,Y,,Y,,Y,"[REDACTED, MAY CONTAIN CONFIDENTIAL BUSINESS INFORMATION]",Y,"[REDACTED, MAY CONTAIN CONFIDENTIAL BUSINESS INFORMATION]",Y
13781-4925,1,"Tesla, Inc.",1-Day,,,FEB-2023,5YJYGDEE2MF, ,N/A,Tesla,Model Y, ,2021, ,b3e77fd8127935d,40510, ,Consumer,"[REDACTED, MAY CONTAIN CONFIDENTIAL BUSINESS INFORMATION]", ,Y,, , ,, , ,, , ,,, , ,,,No,ADAS,, , ,Y, , , , , ,,FEB-2023, ,FEB-2023,04:27, ,d534a0b3f29bd39,[MAY CONTAIN PERSONALLY IDENTIFIABLE INFORMATION], ,[MAY CONTAIN PERSONALLY IDENTIFIABLE INFORMATION], ,[MAY CONTAIN PERSONALLY IDENTIFIABLE INFORMATION], ,Irvine, ,CA ,[MAY CONTAIN PERSONALLY IDENTIFIABLE INFORMATION], ,Unknown,Unknown,Unknown,,Y,Unknown, , , , , , ,Y, ,,Unknown,Unknown,Yes,Unknown,Unknown,Unknown, , , , , , , , , , ,Y,Unknown,Yes,Unknown,Unknown,,Y, , , , , , , , , , ,Y,Y, , , , , , , ,Unknown,,Y,Unknown,,Y,,Y,,Y,"[REDACTED, MAY CONTAIN CONFIDENTIAL BUSINESS INFORMATION]",Y,"[REDACTED, MAY CONTAIN CONFIDENTIAL BUSINESS INFORMATION]",Y