Report ID,Report Version,Reporting Entity,Report Type,Report Month,Report Year,Report Submission Date,VIN,VIN - Unknown,Serial Number,Make,Model,Model - Unknown,Model Year,Model Year - Unknown,Same Vehicle ID,Mileage,Mileage - Unknown,Driver / Operator Type,ADAS/ADS System Version,ADAS/ADS System Version - Unk,ADAS/ADS System Version CBI,ADAS/ADS Hardware Version,ADAS/ADS Hardware Version - Unk,ADAS/ADS Hardware Version CBI,ADAS/ADS Software Version,ADAS/ADS Software Version - Unk,ADAS/ADS Software Version CBI,Other Reporting Entities?,Other Reporting Entities? - Unk,Other Reporting Entities? - NA,Federal Regulatory Exemption?,Other Federal Reg. Exemption,Federal Reg. Exemption - Unk,Federal Reg. Exemption - No,State or Local Permit?,State or Local Permit,ADS Equipped?,Automation System Engaged?,Operating Entity,Operating Entity - Unknown,Source - Complaint/Claim,Source - Telematics,Source - Law Enforcement,Source - Field Report,Source - Testing,Source - Media,Source - Other,Source - Other Text,Incident Date,Incident Date - Unknown,Notice Received Date,Incident Time (24:00),Incident Time - Unknown,Same Incident ID,Latitude,Latitude - Unknown,Longitude,Longitude - Unknown,Address,Address - Unknown,City,City - Unknown,State,Zip Code,Zip Code - Unknown,Roadway Type,Roadway Surface,Roadway Description,Posted Speed Limit (MPH),Posted Speed Limit - Unknown,Lighting,Weather - Clear,Weather - Snow,Weather - Cloudy,Weather - Fog/Smoke,Weather - Rain,Weather - Severe Wind,Weather - Unknown,Weather - Other,Weather - Other Text,Crash With,Highest Injury Severity Alleged,Property Damage?,CP Pre-Crash Movement,CP Any Air Bags Deployed?,CP Was Vehicle Towed?,CP Contact Area - Rear Left,CP Contact Area - Left,CP Contact Area - Front Left,CP Contact Area - Rear,CP Contact Area - Top,CP Contact Area - Front,CP Contact Area - Rear Right,CP Contact Area - Right,CP Contact Area - Front Right,CP Contact Area - Bottom,CP Contact Area - Unknown,SV Pre-Crash Movement,SV Any Air Bags Deployed?,SV Was Vehicle Towed?,SV Were All Passengers Belted?,SV Precrash Speed (MPH),SV Pre-crash Speed - Unknown,SV Contact Area - Rear Left,SV Contact Area - Left,SV Contact Area - Front Left,SV Contact Area - Rear,SV Contact Area - Top,SV Contact Area - Front,SV Contact Area - Rear Right,SV Contact Area - Right,SV Contact Area - Front Right,SV Contact Area - Bottom,SV Contact Area - Unknown,Data Availability - EDR,Data Availability - Police Rpt,Data Availability - Telematics,Data Availability - Complaints,Data Availability - Video,Data Availability - Other,Data Availability - No Data,Data Availability - Unknown,Law Enforcement Investigating?,Investigating Agency,Investigating Agency - Unknown,Rep Ent Or Mfr Investigating?,Investigating Officer Name,Inv. Officer Name - Unknown,Investigating Officer Phone,Inv. Officer Phone - Unknown,Investigating Officer Email,Inv. Officer Email - Unknown,Within ODD?,Within ODD? - CBI,Narrative,Narrative - CBI?
13781-4924,1,"Tesla, Inc.",1-Day,,,FEB-2023,5YJ3E1EA5MF, ,N/A,Tesla,Model 3, ,2021, ,fa7b755d2125137,25459, ,Consumer,"[REDACTED, MAY CONTAIN CONFIDENTIAL BUSINESS INFORMATION]", ,Y,, , ,, , ,, , ,,, , ,,,No,ADAS,, , ,Y, , , , , ,,FEB-2023, ,FEB-2023,21:48, ,71f8fe8d199ae9a,[MAY CONTAIN PERSONALLY IDENTIFIABLE INFORMATION], ,[MAY CONTAIN PERSONALLY IDENTIFIABLE INFORMATION], ,[MAY CONTAIN PERSONALLY IDENTIFIABLE INFORMATION], ,Princeton, ,NJ ,[MAY CONTAIN PERSONALLY IDENTIFIABLE INFORMATION], ,Unknown,Unknown,Unknown,,Y,Unknown, , , , , , ,Y, ,,Unknown,Unknown,Yes,Unknown,Unknown,Unknown, , , , , , , , , , ,Y,Unknown,Yes,Unknown,Unknown,,Y, , , , , , , , , , ,Y,Y, , , , , , , ,Unknown,,Y,Unknown,,Y,,Y,,Y,"[REDACTED, MAY CONTAIN CONFIDENTIAL BUSINESS INFORMATION]",Y,"[REDACTED, MAY CONTAIN CONFIDENTIAL BUSINESS INFORMATION]",Y
13781-4923,1,"Tesla, Inc.",1-Day,,,FEB-2023,5YJ3E1EA9MF, ,N/A,Tesla,Model 3, ,2021, ,310f0fa169e5eab,21369, ,Consumer,"[REDACTED, MAY CONTAIN CONFIDENTIAL BUSINESS INFORMATION]", ,Y,, , ,, , ,, , ,,, , ,,,No,ADAS,, , ,Y, , , , , ,,FEB-2023, ,FEB-2023,14:29, ,918d74a173dfaae,[MAY CONTAIN PERSONALLY IDENTIFIABLE INFORMATION], ,[MAY CONTAIN PERSONALLY IDENTIFIABLE INFORMATION], ,[MAY CONTAIN PERSONALLY IDENTIFIABLE INFORMATION], ,Orange, ,CA ,[MAY CONTAIN PERSONALLY IDENTIFIABLE INFORMATION], ,Unknown,Unknown,Unknown,,Y,Unknown, , , , , , ,Y, ,,Unknown,Unknown,Yes,Unknown,Unknown,Unknown, , , , , , , , , , ,Y,Unknown,Yes,Unknown,Unknown,,Y, , , , , , , , , , ,Y,Y, , , , , , , ,Unknown,,Y,Unknown,,Y,,Y,,Y,"[REDACTED, MAY CONTAIN CONFIDENTIAL BUSINESS INFORMATION]",Y,"[REDACTED, MAY CONTAIN CONFIDENTIAL BUSINESS INFORMATION]",Y
753-4922,1,"Kia America, Inc.",1-Day,,,FEB-2023,5XYRKDLF9NG, ,[MAY CONTAIN PERSONALLY IDENTIFIABLE INFORMATION],KIA,SORENTO, ,2022, ,2f0946bcac584a5,27000, ,Consumer,,Y, ,, , ,, , ,, , ,,, , ,,,No,"Unknown, see Narrative",, ,Y, , , , , , ,,FEB-2023, ,FEB-2023,02:45, ,691763653824c05,,Y,,Y,[MAY CONTAIN PERSONALLY IDENTIFIABLE INFORMATION], ,,Y,CT ,,Y,Highway / Freeway,Dry,Unknown,55, ,Unknown, , ,Y, , , , , ,,SUV,Minor,No,Unknown,Unknown,Yes, , , , , , , , , , ,Y,Proceeding Straight,Yes,Yes,Yes,65, , , , , , , , , , , ,Y, , , ,Y, , , , ,Yes,Connecticut State Trooper, ,Yes,,Y,,Y,,Y,"Unknown, see Narrative", ,"*2/25/23: 1-Day Incident Report*
Customer contacted Kia Customer Care on 2/24/23 & reported that he was driving his 22 Kia Sorento 65mph on [XXX] near Meridian, CT when he fell asleep.  Customer stated he heard beeping, went to hit the brakes but it was too late & his vehicle rear ended the vehicle in front of him. The driver & passenger airbags deployed. The customer reported him & his wife were taken to the ER via ambulance. He reported that his upper body was sore (mostly wrist & left hand) & that his wife sustained a swollen ankle & bruising on the right side of her body. The vehicle was towed. Customer stated that he believed the accident was his fault but claims the Forward Collision Avoidance (FCA) system in this vehicle was not working properly. 
The subject 22 Sorento is equipped with Highway Driving Assist (HDA). HDA is a supplemental system that helps maintain a set distance & speed from the vehicle ahead when driving on a highway & helps keep the vehicle between lanes while driving. HDA may not be able to recognize all traffic situations. Obstacles such as vehicles, motorcycles, bicycles, pedestrians, unspecified objects & structures that may collide with the vehicle may not be detected. 
Based on the information currently available, Kia is unable to rule out that HDA was not engaged at the time of the incident. Kia is currently working on obtaining the ACU for further evaluation.",
855-4921,1,"Mercedes-Benz USA, LLC",1-Day,,,FEB-2023,W1K6G7GB8NA, ,[MAY CONTAIN PERSONALLY IDENTIFIABLE INFORMATION],Mercedes-Benz,S580, ,2022, ,4a86f70c210dce5,11638, ,Consumer,DISTRONIC with Active Steering Assist, , ,, , ,, , ,, , ,,, , ,,,No,ADAS,, ,Y, , ,Y, , , ,,NOV-2022, ,FEB-2023,17:41, ,952347292400952,[MAY CONTAIN PERSONALLY IDENTIFIABLE INFORMATION], ,[MAY CONTAIN PERSONALLY IDENTIFIABLE INFORMATION], ,[MAY CONTAIN PERSONALLY IDENTIFIABLE INFORMATION], ,Thackerville, ,OK ,[MAY CONTAIN PERSONALLY IDENTIFIABLE INFORMATION], ,Highway / Freeway,Unknown,Work Zone,,Y,Unknown, , , , , , ,Y, ,,Other Fixed Object,Serious,No,,,, , , , , , , , , , , ,Unknown,Yes,Yes,Unknown,86, ,Y,Y,Y,Y, ,Y, , ,Y, , ,Y, ,Y, , ,Y, , ,Unknown,,Y,Yes,,Y,,Y,,Y,Yes, ,"[REDACTED, MAY CONTAIN CONFIDENTIAL BUSINESS INFORMATION]",Y
12381-4852,2,"Daimler Trucks North America, LLC",10-Day Update,,,FEB-2023,1FUJHHDR3NL, ,[MAY CONTAIN PERSONALLY IDENTIFIABLE INFORMATION],FREIGHTLINER,Cascadia, ,2022, ,c28a8e80da47730,,Y,Consumer,"[REDACTED, MAY CONTAIN CONFIDENTIAL BUSINESS INFORMATION]", ,Y,, , ,, , ,, , ,,, , ,,,No,ADAS,, , , , ,Y, , , ,,JAN-2023, ,FEB-2023,11:57, ,e6bea3e50eaf542,,Y,,Y,[MAY CONTAIN PERSONALLY IDENTIFIABLE INFORMATION], ,Lexington, ,SC ,[MAY CONTAIN PERSONALLY IDENTIFIABLE INFORMATION], ,Highway / Freeway,Dry,No Unusual Conditions,65, ,Daylight,Y, , , , , , , ,,Heavy Truck,No Injuries Reported,Yes,Proceeding Straight,Unknown,Unknown,Y, , , , , , , , , , ,Proceeding Straight,Not Applicable,Unknown,Unknown,68, , , ,Y, , ,Y, , , ,Y, , , ,Y, ,Y,Y, , ,Unknown,,Y,Yes,,Y,,Y,,Y,"[REDACTED, MAY CONTAIN CONFIDENTIAL BUSINESS INFORMATION]",Y,"On February [XXX], 2023, Daimler Truck was notified of an incident involving a 2022 Freightliner Cascadia traveling on [XXX] near [XXX]. [REDACTED, MAY CONTAIN CONFIDENTIAL BUSINESS INFORMATION] The subject vehicle collided with another heavy vehicle then subsequently the median cable barrier. Final resting place was the grass median dividing east and westbound lanes. DTNA is providing this information in good faith and in an abundance of caution.",Y
13781-4918,1,"Tesla, Inc.",1-Day,,,FEB-2023,5YJYGDEE8LF, ,N/A,Tesla,Model Y, ,2020, ,1bdbaa3b7d9ffdc,119641, ,Consumer,"[REDACTED, MAY CONTAIN CONFIDENTIAL BUSINESS INFORMATION]", ,Y,, , ,, , ,, , ,,, , ,,,No,ADAS,, , ,Y, , , , , ,,FEB-2023, ,FEB-2023,13:01, ,eedecf666e8415c,[MAY CONTAIN PERSONALLY IDENTIFIABLE INFORMATION], ,[MAY CONTAIN PERSONALLY IDENTIFIABLE INFORMATION], ,[MAY CONTAIN PERSONALLY IDENTIFIABLE INFORMATION], ,Anaheim, ,CA ,[MAY CONTAIN PERSONALLY IDENTIFIABLE INFORMATION], ,Unknown,Unknown,Unknown,,Y,Unknown, , , , , , ,Y, ,,Unknown,Unknown,Yes,Unknown,Unknown,Unknown, , , , , , , , , , ,Y,Unknown,Yes,Unknown,Unknown,,Y, , , , , , , , , , ,Y,Y, , , , , , , ,Unknown,,Y,Unknown,,Y,,Y,,Y,"[REDACTED, MAY CONTAIN CONFIDENTIAL BUSINESS INFORMATION]",Y,"[REDACTED, MAY CONTAIN CONFIDENTIAL BUSINESS INFORMATION]",Y
13781-4917,1,"Tesla, Inc.",1-Day,,,FEB-2023,5YJYGDEE0MF, ,N/A,Tesla,Model Y, ,2021, ,0e8d1381af8b8eb,31861, ,Consumer,"[REDACTED, MAY CONTAIN CONFIDENTIAL BUSINESS INFORMATION]", ,Y,, , ,, , ,, , ,,, , ,,,No,ADAS,, , ,Y, , , , , ,,FEB-2023, ,FEB-2023,14:29, ,6f3a6d3bf863af1,[MAY CONTAIN PERSONALLY IDENTIFIABLE INFORMATION], ,[MAY CONTAIN PERSONALLY IDENTIFIABLE INFORMATION], ,[MAY CONTAIN PERSONALLY IDENTIFIABLE INFORMATION], ,Fort Smith, ,AR ,[MAY CONTAIN PERSONALLY IDENTIFIABLE INFORMATION], ,Highway / Freeway,Unknown,Unknown,,Y,Unknown, , , , , , ,Y, ,,Unknown,Unknown,Yes,Unknown,Unknown,Unknown, , , , , , , , , , ,Y,Unknown,Yes,Unknown,Unknown,,Y, , , , , , , , , , ,Y,Y, , , , , , , ,Unknown,,Y,Unknown,,Y,,Y,,Y,"[REDACTED, MAY CONTAIN CONFIDENTIAL BUSINESS INFORMATION]",Y,"[REDACTED, MAY CONTAIN CONFIDENTIAL BUSINESS INFORMATION]",Y
13781-4916,1,"Tesla, Inc.",1-Day,,,FEB-2023,5YJ3E1EA2JF, ,N/A,Tesla,Model 3, ,2018, ,f7470913ce1626c,22601, ,Consumer,"[REDACTED, MAY CONTAIN CONFIDENTIAL BUSINESS INFORMATION]", ,Y,, , ,, , ,, , ,,, , ,,,No,ADAS,, , ,Y, , , , , ,,FEB-2023, ,FEB-2023,22:34, ,fb0eb70a2bb73a6,[MAY CONTAIN PERSONALLY IDENTIFIABLE INFORMATION], ,[MAY CONTAIN PERSONALLY IDENTIFIABLE INFORMATION], ,[MAY CONTAIN PERSONALLY IDENTIFIABLE INFORMATION], ,Santa Monica, ,CA ,[MAY CONTAIN PERSONALLY IDENTIFIABLE INFORMATION], ,Unknown,Unknown,Unknown,,Y,Unknown, , , , , , ,Y, ,,Unknown,Unknown,Yes,Unknown,Unknown,Unknown, , , , , , , , , , ,Y,Unknown,Yes,Unknown,Unknown,,Y, , , , , , , , , , ,Y,Y, , , , , , , ,Unknown,,Y,Unknown,,Y,,Y,,Y,"[REDACTED, MAY CONTAIN CONFIDENTIAL BUSINESS INFORMATION]",Y,"[REDACTED, MAY CONTAIN CONFIDENTIAL BUSINESS INFORMATION]",Y
13781-4915,1,"Tesla, Inc.",1-Day,,,FEB-2023,5YJ3E1EBXMF, ,N/A,Tesla,Model 3, ,2021, ,9fd1a561545aeaa,94868, ,Consumer,"[REDACTED, MAY CONTAIN CONFIDENTIAL BUSINESS INFORMATION]", ,Y,, , ,, , ,, , ,,, , ,,,No,ADAS,, , ,Y, , , , , ,,FEB-2023, ,FEB-2023,02:21, ,7f122fe7a9b4ef2,[MAY CONTAIN PERSONALLY IDENTIFIABLE INFORMATION], ,[MAY CONTAIN PERSONALLY IDENTIFIABLE INFORMATION], ,[MAY CONTAIN PERSONALLY IDENTIFIABLE INFORMATION], ,Gold Run, ,CA ,[MAY CONTAIN PERSONALLY IDENTIFIABLE INFORMATION], ,Unknown,Unknown,Unknown,,Y,Unknown, , , , , , ,Y, ,,Unknown,Unknown,Yes,Unknown,Unknown,Unknown, , , , , , , , , , ,Y,Unknown,Yes,Unknown,Unknown,,Y, , , , , , , , , , ,Y,Y, , , , , , , ,Unknown,,Y,Unknown,,Y,,Y,,Y,"[REDACTED, MAY CONTAIN CONFIDENTIAL BUSINESS INFORMATION]",Y,"[REDACTED, MAY CONTAIN CONFIDENTIAL BUSINESS INFORMATION]",Y
30353-4914,1,Magna International Inc.,No New or Updated Incident Reports,1,2023,FEB-2023,, ,,,, ,, , ,, ,,, , ,, , ,, , ,, , ,,, , ,,,,,, , , , , , , , ,,, ,,, , ,, ,, ,, ,, ,,, ,,,,, ,, , , , , , , , ,,,,,,,, , , , , , , , , , , ,,,,,, , , , , , , , , , , , , , , , , , ,, ,,, ,,, ,, ,, ,, ,,
13781-4913,1,"Tesla, Inc.",1-Day,,,FEB-2023,5YJSA1E26KF, ,N/A,Tesla,Model S, ,2019, ,67f7c2c874c4dc0,,Y,Consumer,"[REDACTED, MAY CONTAIN CONFIDENTIAL BUSINESS INFORMATION]",Y,Y,, , ,, , ,, , ,,, , ,,,No,ADAS,, , ,Y, , , ,Y, ,,FEB-2023, ,FEB-2023,01:46, ,f272eba5da04cc5,[MAY CONTAIN PERSONALLY IDENTIFIABLE INFORMATION], ,[MAY CONTAIN PERSONALLY IDENTIFIABLE INFORMATION], ,[MAY CONTAIN PERSONALLY IDENTIFIABLE INFORMATION], ,Palmdale, ,CA ,,Y,Highway / Freeway,Unknown,Unknown,,Y,Unknown, , , , , , ,Y, ,,Unknown,Unknown,Yes,Unknown,Unknown,Unknown, , , , , , , , , , ,Y,Unknown,Yes,Unknown,Unknown,,Y, , , , , , , , , , ,Y,Y, ,Y, ,Y,Y, , ,Unknown,,Y,Unknown,,Y,,Y,,Y,"[REDACTED, MAY CONTAIN CONFIDENTIAL BUSINESS INFORMATION]",Y,"[REDACTED, MAY CONTAIN CONFIDENTIAL BUSINESS INFORMATION]",Y
13781-4912,1,"Tesla, Inc.",1-Day,,,FEB-2023,7SAYGDEF2PF, ,N/A,Tesla,Model Y, ,2023, ,872e59af4f293f1,3746, ,Consumer,"[REDACTED, MAY CONTAIN CONFIDENTIAL BUSINESS INFORMATION]", ,Y,, , ,, , ,, , ,,, , ,,,No,ADAS,, , ,Y, , , , , ,,FEB-2023, ,FEB-2023,16:00, ,45bdcdad9d8ecd0,[MAY CONTAIN PERSONALLY IDENTIFIABLE INFORMATION], ,[MAY CONTAIN PERSONALLY IDENTIFIABLE INFORMATION], ,[MAY CONTAIN PERSONALLY IDENTIFIABLE INFORMATION], ,Fremont, ,CA ,[MAY CONTAIN PERSONALLY IDENTIFIABLE INFORMATION], ,Unknown,Unknown,Unknown,,Y,Unknown, , , , , , ,Y, ,,Unknown,Unknown,Yes,Unknown,Unknown,Unknown, , , , , , , , , , ,Y,Unknown,Yes,Unknown,Unknown,,Y, , , , , , , , , , ,Y,Y, , , , , , , ,Unknown,,Y,Unknown,,Y,,Y,,Y,"[REDACTED, MAY CONTAIN CONFIDENTIAL BUSINESS INFORMATION]",Y,"[REDACTED, MAY CONTAIN CONFIDENTIAL BUSINESS INFORMATION]",Y
13781-4911,1,"Tesla, Inc.",1-Day,,,FEB-2023,7SAYGAEE7NF, ,N/A,Tesla,Model Y, ,2022, ,f1e3455434ca858,5018, ,Consumer,"[REDACTED, MAY CONTAIN CONFIDENTIAL BUSINESS INFORMATION]", ,Y,, , ,, , ,, , ,,, , ,,,No,ADAS,, , ,Y, , , , , ,,FEB-2023, ,FEB-2023,05:29, ,6b3fff21f3b3585,[MAY CONTAIN PERSONALLY IDENTIFIABLE INFORMATION], ,[MAY CONTAIN PERSONALLY IDENTIFIABLE INFORMATION], ,[MAY CONTAIN PERSONALLY IDENTIFIABLE INFORMATION], ,Gunnison, ,CO ,[MAY CONTAIN PERSONALLY IDENTIFIABLE INFORMATION], ,Unknown,Unknown,Unknown,,Y,Unknown, , , , , , ,Y, ,,Unknown,Unknown,Yes,Unknown,Unknown,Unknown, , , , , , , , , , ,Y,Unknown,Yes,Unknown,Unknown,,Y, , , , , , , , , , ,Y,Y, , , , , , , ,Unknown,,Y,Unknown,,Y,,Y,,Y,"[REDACTED, MAY CONTAIN CONFIDENTIAL BUSINESS INFORMATION]",Y,"[REDACTED, MAY CONTAIN CONFIDENTIAL BUSINESS INFORMATION]",Y
13781-4910,1,"Tesla, Inc.",1-Day,,,FEB-2023,7SAYGDEE7NF, ,N/A,Tesla,Model Y, ,2022, ,0979b2e412b6212,27585, ,Consumer,"[REDACTED, MAY CONTAIN CONFIDENTIAL BUSINESS INFORMATION]", ,Y,, , ,, , ,, , ,,, , ,,,No,ADAS,, , ,Y, , , , , ,,FEB-2023, ,FEB-2023,17:38, ,a2e56e55b1ad8d9,[MAY CONTAIN PERSONALLY IDENTIFIABLE INFORMATION], ,[MAY CONTAIN PERSONALLY IDENTIFIABLE INFORMATION], ,[MAY CONTAIN PERSONALLY IDENTIFIABLE INFORMATION], ,La Grange, ,TX ,[MAY CONTAIN PERSONALLY IDENTIFIABLE INFORMATION], ,Unknown,Unknown,Unknown,,Y,Unknown, , , , , , ,Y, ,,Unknown,Unknown,Yes,Unknown,Unknown,Unknown, , , , , , , , , , ,Y,Unknown,Yes,Unknown,Unknown,,Y, , , , , , , , , , ,Y,Y, , , , , , , ,Unknown,,Y,Unknown,,Y,,Y,,Y,"[REDACTED, MAY CONTAIN CONFIDENTIAL BUSINESS INFORMATION]",Y,"[REDACTED, MAY CONTAIN CONFIDENTIAL BUSINESS INFORMATION]",Y
13781-4909,1,"Tesla, Inc.",1-Day,,,FEB-2023,5YJXCBE20JF, ,N/A,Tesla,Model X, ,2018, ,7b15c8defb24354,74471, ,Consumer,"[REDACTED, MAY CONTAIN CONFIDENTIAL BUSINESS INFORMATION]", ,Y,, , ,, , ,, , ,,, , ,,,No,ADAS,, , ,Y, , , , , ,,FEB-2023, ,FEB-2023,14:08, ,a67a30423fd3c4c,[MAY CONTAIN PERSONALLY IDENTIFIABLE INFORMATION], ,[MAY CONTAIN PERSONALLY IDENTIFIABLE INFORMATION], ,[MAY CONTAIN PERSONALLY IDENTIFIABLE INFORMATION], ,Tukwila, ,WA ,[MAY CONTAIN PERSONALLY IDENTIFIABLE INFORMATION], ,Highway / Freeway,Unknown,Unknown,,Y,Unknown, , , , , , ,Y, ,,Unknown,Unknown,Unknown,Unknown,Unknown,Unknown, , , , , , , , , , ,Y,Unknown,No,Yes,Unknown,,Y, , , , , , , , , , ,Y,Y, , , , , , , ,Unknown,,Y,Unknown,,Y,,Y,,Y,"[REDACTED, MAY CONTAIN CONFIDENTIAL BUSINESS INFORMATION]",Y,"[REDACTED, MAY CONTAIN CONFIDENTIAL BUSINESS INFORMATION]",Y
13781-4908,1,"Tesla, Inc.",1-Day,,,FEB-2023,5YJ3E1EA3PF, ,N/A,Tesla,Model 3, ,2023, ,dcfa777f50d243b,770, ,Consumer,"[REDACTED, MAY CONTAIN CONFIDENTIAL BUSINESS INFORMATION]", ,Y,, , ,, , ,, , ,,, , ,,,No,ADAS,, , ,Y, , , , , ,,FEB-2023, ,FEB-2023,07:35, ,261a2d9588871ff,[MAY CONTAIN PERSONALLY IDENTIFIABLE INFORMATION], ,[MAY CONTAIN PERSONALLY IDENTIFIABLE INFORMATION], ,[MAY CONTAIN PERSONALLY IDENTIFIABLE INFORMATION], ,New Waverly, ,TX ,[MAY CONTAIN PERSONALLY IDENTIFIABLE INFORMATION], ,Highway / Freeway,Unknown,Unknown,,Y,Unknown, , , , , , ,Y, ,,Unknown,Unknown,Yes,Unknown,Unknown,Unknown, , , , , , , , , , ,Y,Unknown,Yes,Unknown,Unknown,,Y, , , , , , , , , , ,Y,Y, , , , , , , ,Unknown,,Y,Unknown,,Y,,Y,,Y,"[REDACTED, MAY CONTAIN CONFIDENTIAL BUSINESS INFORMATION]",Y,"[REDACTED, MAY CONTAIN CONFIDENTIAL BUSINESS INFORMATION]",Y
30531-4907,1,Transdev Alternative Services,1-Day,,,FEB-2023,SADHW2S16M1, ,N/A,Jaguar,I-Pace, ,2021, ,539ccc1f53d0028,47034, ,In-Vehicle (Commercial / Test),5th Generation ADS, , ,, , ,, , ,, , ,,, , ,,,Yes,ADS,Waymo LLC, , ,Y, , , , , ,,FEB-2023, ,FEB-2023,13:08, ,5ab71fb3ca70aad,[MAY CONTAIN PERSONALLY IDENTIFIABLE INFORMATION], ,[MAY CONTAIN PERSONALLY IDENTIFIABLE INFORMATION], ,[MAY CONTAIN PERSONALLY IDENTIFIABLE INFORMATION], ,Tempe, ,AZ ,[MAY CONTAIN PERSONALLY IDENTIFIABLE INFORMATION], ,Highway / Freeway,Dry,No Unusual Conditions,65, ,Daylight,Y, , , , , , , ,,Passenger Car,No Injuries Reported,Yes,Proceeding Straight,No,No, , ,Y, , ,Y, , ,Y, , ,Proceeding Straight,No,Yes,Yes,13, ,Y, , ,Y, , ,Y, , , , , , ,Y, ,Y,Y, , ,Unknown,,Y,Yes,,Y,,Y,,Y,Yes, ,"On February [XXX], 2023 at 1:08 PM PST a Waymo Autonomous Vehicle (""Waymo AV"") operating in Tempe, AZ was in a collision involving a Passenger Car on [XXX] near [XXX] ([XXX]).
The Waymo AV was traveling in the second lane from the right (lane 4 out of 5 lanes) in the eastbound direction of [XXX] when it started to decelerate in response to slow traffic ahead in the AV's lane.  A passenger vehicle approached the Waymo AV from behind and made contact with the rear of the Waymo AV.  At the time of the impact, the Waymo AV's Level 4 ADS was not engaged and a test driver was operating the Waymo AV in manual mode.  The Waymo AV sustained damage.  The other vehicle left the scene without exchanging information.
Transdev Alternative Services is reporting this crash under Request No. 1 of Standing General Order 2021-01 because a vehicle involved was towed away.  Transdev may supplement or correct its reporting with additional information as it may become available.  This report is a duplicate of Report ID: 30270-4906-1",
30270-4906,1,Waymo LLC,1-Day,,,FEB-2023,SADHW2S16M1, ,N/A,Jaguar,I-Pace, ,2021, ,539ccc1f53d0028,47034, ,In-Vehicle (Commercial / Test),5th Generation ADS, , ,, , ,, , ,, , ,,, , ,,,Yes,ADS,Waymo LLC, , ,Y, , , , , ,,FEB-2023, ,FEB-2023,13:08, ,5ab71fb3ca70aad,[MAY CONTAIN PERSONALLY IDENTIFIABLE INFORMATION], ,[MAY CONTAIN PERSONALLY IDENTIFIABLE INFORMATION], ,[MAY CONTAIN PERSONALLY IDENTIFIABLE INFORMATION], ,Tempe, ,AZ ,[MAY CONTAIN PERSONALLY IDENTIFIABLE INFORMATION], ,Highway / Freeway,Dry,No Unusual Conditions,65, ,Daylight,Y, , , , , , , ,,Passenger Car,No Injuries Reported,Yes,Proceeding Straight,No,No, , ,Y, , ,Y, , ,Y, , ,Proceeding Straight,No,Yes,Yes,13, ,Y, , ,Y, , ,Y, , , , , , ,Y, ,Y,Y, , ,Unknown,,Y,Yes,,Y,,Y,,Y,Yes, ,"On February [XXX], 2023 at 1:08 PM PST a Waymo Autonomous Vehicle (Waymo AV) operating in Tempe, AZ was in a collision involving a Passenger Car on [XXX] near [XXX] ([XXX]).
The Waymo AV was traveling in the second lane from the right (lane 4 out of 5 lanes) in the eastbound direction of [XXX] when it started to decelerate in response to slow traffic ahead in the AVs lane. A passenger vehicle approached the Waymo AV from behind and made contact with the rear of the Waymo AV. At the time of the impact, the Waymo AVs Level 4 ADS was not engaged and a test driver was operating the Waymo AV in manual mode. The Waymo AV sustained damage. The other vehicle left the scene without exchanging information.
Waymo is reporting this crash under Request No. 1 of Standing General Order 2021-01 because a vehicle involved was towed away. Waymo may supplement or correct its reporting with additional information as it may become available. This report was submitted from the Pacific time zone on the required date.",
31099-4901,1,"Telenav, Inc.",No New or Updated Incident Reports,2,2023,FEB-2023,, ,,,, ,, , ,, ,,, , ,, , ,, , ,, , ,,, , ,,,,,, , , , , , , , ,,, ,,, , ,, ,, ,, ,, ,,, ,,,,, ,, , , , , , , , ,,,,,,,, , , , , , , , , , , ,,,,,, , , , , , , , , , , , , , , , , , ,, ,,, ,,, ,, ,, ,, ,,