Report ID,Report Version,Reporting Entity,Report Type,Report Month,Report Year,Report Submission Date,VIN,VIN - Unknown,Serial Number,Make,Model,Model - Unknown,Model Year,Model Year - Unknown,Same Vehicle ID,Mileage,Mileage - Unknown,Driver / Operator Type,ADAS/ADS System Version,ADAS/ADS System Version - Unk,ADAS/ADS System Version CBI,ADAS/ADS Hardware Version,ADAS/ADS Hardware Version - Unk,ADAS/ADS Hardware Version CBI,ADAS/ADS Software Version,ADAS/ADS Software Version - Unk,ADAS/ADS Software Version CBI,Other Reporting Entities?,Other Reporting Entities? - Unk,Other Reporting Entities? - NA,Federal Regulatory Exemption?,Other Federal Reg. Exemption,Federal Reg. Exemption - Unk,Federal Reg. Exemption - No,State or Local Permit?,State or Local Permit,ADS Equipped?,Automation System Engaged?,Operating Entity,Operating Entity - Unknown,Source - Complaint/Claim,Source - Telematics,Source - Law Enforcement,Source - Field Report,Source - Testing,Source - Media,Source - Other,Source - Other Text,Incident Date,Incident Date - Unknown,Notice Received Date,Incident Time (24:00),Incident Time - Unknown,Same Incident ID,Latitude,Latitude - Unknown,Longitude,Longitude - Unknown,Address,Address - Unknown,City,City - Unknown,State,Zip Code,Zip Code - Unknown,Roadway Type,Roadway Surface,Roadway Description,Posted Speed Limit (MPH),Posted Speed Limit - Unknown,Lighting,Weather - Clear,Weather - Snow,Weather - Cloudy,Weather - Fog/Smoke,Weather - Rain,Weather - Severe Wind,Weather - Unknown,Weather - Other,Weather - Other Text,Crash With,Highest Injury Severity Alleged,Property Damage?,CP Pre-Crash Movement,CP Any Air Bags Deployed?,CP Was Vehicle Towed?,CP Contact Area - Rear Left,CP Contact Area - Left,CP Contact Area - Front Left,CP Contact Area - Rear,CP Contact Area - Top,CP Contact Area - Front,CP Contact Area - Rear Right,CP Contact Area - Right,CP Contact Area - Front Right,CP Contact Area - Bottom,CP Contact Area - Unknown,SV Pre-Crash Movement,SV Any Air Bags Deployed?,SV Was Vehicle Towed?,SV Were All Passengers Belted?,SV Precrash Speed (MPH),SV Pre-crash Speed - Unknown,SV Contact Area - Rear Left,SV Contact Area - Left,SV Contact Area - Front Left,SV Contact Area - Rear,SV Contact Area - Top,SV Contact Area - Front,SV Contact Area - Rear Right,SV Contact Area - Right,SV Contact Area - Front Right,SV Contact Area - Bottom,SV Contact Area - Unknown,Data Availability - EDR,Data Availability - Police Rpt,Data Availability - Telematics,Data Availability - Complaints,Data Availability - Video,Data Availability - Other,Data Availability - No Data,Data Availability - Unknown,Law Enforcement Investigating?,Investigating Agency,Investigating Agency - Unknown,Rep Ent Or Mfr Investigating?,Investigating Officer Name,Inv. Officer Name - Unknown,Investigating Officer Phone,Inv. Officer Phone - Unknown,Investigating Officer Email,Inv. Officer Email - Unknown,Within ODD?,Within ODD? - CBI,Narrative,Narrative - CBI?
19901-3911,1,Valeo,No New or Updated Incident Reports,8,2022,SEP-2022,, ,,,, ,, , ,, ,,, , ,, , ,, , ,, , ,,, , ,,,,,, , , , , , , , ,,, ,,, , ,, ,, ,, ,, ,,, ,,,,, ,, , , , , , , , ,,,,,,,, , , , , , , , , , , ,,,,,, , , , , , , , , , , , , , , , , , ,, ,,, ,,, ,, ,, ,, ,,
13781-3910,1,"Tesla, Inc.",1-Day,,,SEP-2022,5YJ3E1EA2LF, ,N/A,Tesla,Model 3, ,2020, ,e24b4502b35bae7,,Y,Consumer,"[REDACTED, MAY CONTAIN CONFIDENTIAL BUSINESS INFORMATION]",Y,Y,, , ,, , ,, , ,,, , ,,,No,ADAS,, ,Y, , , , , , ,,SEP-2020, ,SEP-2022,,Y,a4f22e218171a4e,,Y,,Y,[MAY CONTAIN PERSONALLY IDENTIFIABLE INFORMATION], ,Belleville, ,NJ ,,Y,Intersection,Unknown,Unknown,,Y,Unknown, , , , , , ,Y, ,,Unknown,Serious,Yes,Unknown,Unknown,Unknown, , , , , , , , , , ,Y,Unknown,Unknown,Unknown,Unknown,,Y, , , , , , , , , , ,Y, , , , , , , ,Y,Unknown,,Y,Unknown,,Y,,Y,,Y,"[REDACTED, MAY CONTAIN CONFIDENTIAL BUSINESS INFORMATION]",Y,"[REDACTED, MAY CONTAIN CONFIDENTIAL BUSINESS INFORMATION]",Y
502-3906,1,Ford Motor Company,1-Day,,,SEP-2022,2FMPK4J93MB, ,N/A,Ford,Edge, ,2021, ,7c557e0168d9335,,Y,Consumer,CO-PILOT360 ASSIST+, , ,, , ,, , ,, , ,,, , ,,,No,ADAS,, , , , ,Y, , , ,,SEP-2022, ,SEP-2022,,Y,4507e653f3a4898,[MAY CONTAIN PERSONALLY IDENTIFIABLE INFORMATION], ,[MAY CONTAIN PERSONALLY IDENTIFIABLE INFORMATION], ,[MAY CONTAIN PERSONALLY IDENTIFIABLE INFORMATION], ,Portland, ,MI ,[MAY CONTAIN PERSONALLY IDENTIFIABLE INFORMATION], ,Highway / Freeway,Unknown,No Unusual Conditions,70, ,Unknown, , , , , , ,Y, ,,Other Fixed Object,No Injuries Reported,Yes,,,, , , , , , , , , , , ,Proceeding Straight,No,Yes,Yes,,Y, , , , , , , , ,Y, , , , , , , , ,Y, ,Unknown,,Y,Yes,,Y,,Y,,Y,Yes, ,"The driver reported to Ford that they were traveling East on [XXX] (near [XXX]) while using Adaptive Cruise Control (ACC) and Lane Centering Assist (LCA), at approximately 70 mph in the Right-hand lane.  The driver reached towards the center console/passenger seat, while keeping their left hand on steering wheel and the driver inadvertently pulled the steering wheel to the right causing the vehicle to cross the lane boundary and scrape down a barrier adjacent to the shoulder. The drivers inadvertent corrections steered the vehicle out if its lane and into the barrier.  The driver's interaction (manual steering input) overrides the LCA feature. The vehicle suffered damage to the right wheel and driveshaft and was towed.",
13781-3905,1,"Tesla, Inc.",1-Day,,,SEP-2022,7SAYGDEE8NF, ,N/A,Tesla,Model Y, ,2022, ,91193ef3ee9fece,18535, ,Consumer,"[REDACTED, MAY CONTAIN CONFIDENTIAL BUSINESS INFORMATION]", ,Y,, , ,, , ,, , ,,, , ,,,No,ADAS,, , ,Y, , , , , ,,SEP-2022, ,SEP-2022,03:39, ,cba65cc1ce20d39,[MAY CONTAIN PERSONALLY IDENTIFIABLE INFORMATION], ,[MAY CONTAIN PERSONALLY IDENTIFIABLE INFORMATION], ,[MAY CONTAIN PERSONALLY IDENTIFIABLE INFORMATION], ,City of New York, ,NY ,[MAY CONTAIN PERSONALLY IDENTIFIABLE INFORMATION], ,Unknown,Unknown,Unknown,,Y,Unknown, , , , , , ,Y, ,,Unknown,Unknown,Yes,Unknown,Unknown,Unknown, , , , , , , , , , ,Y,Unknown,Yes,Unknown,Unknown,,Y, , , , , , , , , , ,Y,Y, , , , , , , ,Unknown,,Y,Unknown,,Y,,Y,,Y,"[REDACTED, MAY CONTAIN CONFIDENTIAL BUSINESS INFORMATION]",Y,"[REDACTED, MAY CONTAIN CONFIDENTIAL BUSINESS INFORMATION]",Y
30414-3901,1,Easymile Inc.,No New or Updated Incident Reports,8,2022,SEP-2022,, ,,,, ,, , ,, ,,, , ,, , ,, , ,, , ,,, , ,,,,,, , , , , , , , ,,, ,,, , ,, ,, ,, ,, ,,, ,,,,, ,, , , , , , , , ,,,,,,,, , , , , , , , , , , ,,,,,, , , , , , , , , , , , , , , , , , ,, ,,, ,,, ,, ,, ,, ,,
13781-3900,1,"Tesla, Inc.",1-Day,,,SEP-2022,5YJ3E1EB3KF, ,N/A,Tesla,Model 3, ,2019, ,f3ff35df9cc2a80,,Y,Consumer,"[REDACTED, MAY CONTAIN CONFIDENTIAL BUSINESS INFORMATION]", ,Y,, , ,, , ,, , ,,, , ,,,No,ADAS,, , , , ,Y, , , ,,DEC-2021, ,SEP-2022,,Y,b1051e5d6cc60be,[MAY CONTAIN PERSONALLY IDENTIFIABLE INFORMATION], ,[MAY CONTAIN PERSONALLY IDENTIFIABLE INFORMATION], ,[MAY CONTAIN PERSONALLY IDENTIFIABLE INFORMATION], ,Palm Springs, ,CA ,[MAY CONTAIN PERSONALLY IDENTIFIABLE INFORMATION], ,Unknown,Unknown,Unknown,,Y,Unknown, , , , , , ,Y, ,,Unknown,Fatality,Yes,Unknown,Unknown,Unknown, , , , , , , , , , ,Y,Stopped,Yes,Unknown,Unknown,,Y, , , , , , , , , , ,Y,Y, , , ,Y,Y, , ,Unknown,,Y,Unknown,,Y,,Y,,Y,"[REDACTED, MAY CONTAIN CONFIDENTIAL BUSINESS INFORMATION]",Y,"[REDACTED, MAY CONTAIN CONFIDENTIAL BUSINESS INFORMATION]",Y
13781-3899,1,"Tesla, Inc.",1-Day,,,SEP-2022,5YJ3E1EA7NF, ,N/A,Tesla,Model 3, ,2022, ,a684dda6924589b,5266, ,Consumer,"[REDACTED, MAY CONTAIN CONFIDENTIAL BUSINESS INFORMATION]", ,Y,, , ,, , ,, , ,,, , ,,,No,ADAS,, , ,Y, , , , , ,,SEP-2022, ,SEP-2022,19:40, ,b18db83cc2f9c6c,[MAY CONTAIN PERSONALLY IDENTIFIABLE INFORMATION], ,[MAY CONTAIN PERSONALLY IDENTIFIABLE INFORMATION], ,[MAY CONTAIN PERSONALLY IDENTIFIABLE INFORMATION], ,Los Angeles, ,CA ,[MAY CONTAIN PERSONALLY IDENTIFIABLE INFORMATION], ,Unknown,Unknown,Unknown,,Y,Unknown, , , , , , ,Y, ,,Unknown,Unknown,Yes,Unknown,Unknown,Unknown, , , , , , , , , , ,Y,Unknown,Yes,Unknown,Unknown,,Y, , , , , , , , , , ,Y,Y, , , , , , , ,Unknown,,Y,Unknown,,Y,,Y,,Y,"[REDACTED, MAY CONTAIN CONFIDENTIAL BUSINESS INFORMATION]",Y,"[REDACTED, MAY CONTAIN CONFIDENTIAL BUSINESS INFORMATION]",Y
30690-3898,1,Robotic Research,No New or Updated Incident Reports,8,2022,SEP-2022,, ,,,, ,, , ,, ,,, , ,, , ,, , ,, , ,,, , ,,,,,, , , , , , , , ,,, ,,, , ,, ,, ,, ,, ,,, ,,,,, ,, , , , , , , , ,,,,,,,, , , , , , , , , , , ,,,,,, , , , , , , , , , , , , , , , , , ,, ,,, ,,, ,, ,, ,, ,,
30631-3897,1,"Locomation, Inc.",No New or Updated Incident Reports,8,2022,SEP-2022,, ,,,, ,, , ,, ,,, , ,, , ,, , ,, , ,,, , ,,,,,, , , , , , , , ,,, ,,, , ,, ,, ,, ,, ,,, ,,,,, ,, , , , , , , , ,,,,,,,, , , , , , , , , , , ,,,,,, , , , , , , , , , , , , , , , , , ,, ,,, ,,, ,, ,, ,, ,,
13781-3896,1,"Tesla, Inc.",1-Day,,,SEP-2022,5YJ3E1EB4KF, ,N/A,Tesla,Model 3, ,2019, ,3450210e2d8d149,36103, ,Consumer,"[REDACTED, MAY CONTAIN CONFIDENTIAL BUSINESS INFORMATION]", ,Y,, , ,, , ,, , ,,, , ,,,No,ADAS,, , ,Y, , , , , ,,SEP-2022, ,SEP-2022,11:44, ,214ca1642d6545f,[MAY CONTAIN PERSONALLY IDENTIFIABLE INFORMATION], ,[MAY CONTAIN PERSONALLY IDENTIFIABLE INFORMATION], ,[MAY CONTAIN PERSONALLY IDENTIFIABLE INFORMATION], ,Johnson Creek, ,WI ,[MAY CONTAIN PERSONALLY IDENTIFIABLE INFORMATION], ,Unknown,Unknown,Unknown,,Y,Unknown, , , , , , ,Y, ,,Unknown,Unknown,Yes,Unknown,Unknown,Unknown, , , , , , , , , , ,Y,Unknown,Yes,Unknown,Unknown,,Y, , , , , , , , , , ,Y,Y, , , , , , , ,Unknown,,Y,Unknown,,Y,,Y,,Y,"[REDACTED, MAY CONTAIN CONFIDENTIAL BUSINESS INFORMATION]",Y,"[REDACTED, MAY CONTAIN CONFIDENTIAL BUSINESS INFORMATION]",Y
13781-3895,1,"Tesla, Inc.",1-Day,,,SEP-2022,5YJXCDE25LF, ,N/A,Tesla,Model X, ,2020, ,d965758cacac2d5,27368, ,Consumer,"[REDACTED, MAY CONTAIN CONFIDENTIAL BUSINESS INFORMATION]", ,Y,, , ,, , ,, , ,,, , ,,,No,ADAS,, , ,Y, , , , , ,,SEP-2022, ,SEP-2022,01:55, ,09bb39587235f03,[MAY CONTAIN PERSONALLY IDENTIFIABLE INFORMATION], ,[MAY CONTAIN PERSONALLY IDENTIFIABLE INFORMATION], ,[MAY CONTAIN PERSONALLY IDENTIFIABLE INFORMATION], ,San Mateo, ,CA ,[MAY CONTAIN PERSONALLY IDENTIFIABLE INFORMATION], ,Unknown,Unknown,Unknown,,Y,Unknown, , , , , , ,Y, ,,Unknown,Unknown,Yes,Unknown,Unknown,Unknown, , , , , , , , , , ,Y,Unknown,Yes,Unknown,Unknown,,Y, , , , , , , , , , ,Y,Y, , , , , , , ,Unknown,,Y,Unknown,,Y,,Y,,Y,"[REDACTED, MAY CONTAIN CONFIDENTIAL BUSINESS INFORMATION]",Y,"[REDACTED, MAY CONTAIN CONFIDENTIAL BUSINESS INFORMATION]",Y
11199-3888,1,"Continental Automotive Systems, Inc.",No New or Updated Incident Reports,9,2022,SEP-2022,, ,,,, ,, , ,, ,,, , ,, , ,, , ,, , ,,, , ,,,,,, , , , , , , , ,,, ,,, , ,, ,, ,, ,, ,,, ,,,,, ,, , , , , , , , ,,,,,,,, , , , , , , , , , , ,,,,,, , , , , , , , , , , , , , , , , , ,, ,,, ,,, ,, ,, ,, ,,
1306-3876,1,Toyota Motor Engineering & Manufacturing,1-Day,,,SEP-2022,4T1F31AKXNU, ,N/A,Toyota,Camry HV, ,2022, ,449ff16ae8f5c16,4456, ,Consumer,L2, , ,, , ,, , ,, , ,,, , ,,,No,ADAS,, ,Y, , ,Y, , , ,,AUG-2022, ,AUG-2022,09:16, ,4d7c5d74eb9f6ec,,Y,,Y,[MAY CONTAIN PERSONALLY IDENTIFIABLE INFORMATION], ,Park Hills, ,MO ,[MAY CONTAIN PERSONALLY IDENTIFIABLE INFORMATION], ,Highway / Freeway,Dry,Unknown,,Y,Daylight,Y, , , , , , , ,,Other Fixed Object,Unknown,Yes,,,, , , , , , , , , , , ,Making Left Turn,No,No,"No, see Narrative",22, ,Y,Y,Y, , , , , , , , ,Y, , ,Y, ,Y, , ,Yes,Missouri Highway Patrol, ,Yes,,Y,,Y,,Y,"Unknown, see Narrative", ,"On August [XXX], 2022, Toyota received an allegation related to this crash from the owner of the vehicle through a call to the Toyota Brand Engagement Center. The contact record indicates that the owner alleged that, ""his daughter told him that she was traveling down a hill towards a curb at the bottom of the road when suddenly and unexpectedly the steering assist completely locked up on her preventing her from being able to steer the vehicle."" Guest stated that she ended up loosing [REDACTED, MAY CONTAIN CONFIDENTIAL BUSINESS INFORMATION] control of her brand new (2022 Toyota Camry) vehicle causing her to spin out of control and into a ditch."" Three other occupants were in the vehicle at the time the incident occurred. On August [XXX], 2022, Toyota completed a vehicle inspection and field report on the incident. On September [XXX], 2022, after additional analysis of the incident details, Toyota determined the case was reportable under the SGO.
Toyota obtained Vehicle Control History (VCH) and Event Data Recorder (EDR) data from the subject vehicle. VCH provides an approximately 7.9 second pre-crash data recording, and EDR provides an approximately 5 second pre-crash data recording. Based on the data obtained, the following information was observed: Lane Trace Assist (LTA) was engaged during the recording until approximately 5.5 seconds prior to the crash event. At the time of LTA disengagement, the driver turned the vehicle left at a steering angle increasing from 9 degrees to 49.5 degrees. Dynamic Radar Cruise Control (DRCC) was engaged during the recording until the crash event occurred. 
As a result of the crash incident, no airbags deployed in the subject vehicle and it was driven from the crash scene. 1 occupant was reportedly taken to the ER for headaches and potential concussion.",
1712-3886,1,"Robert Bosch, LLC",No New or Updated Incident Reports,9,2022,SEP-2022,, ,,,, ,, , ,, ,,, , ,, , ,, , ,, , ,,, , ,,,,,, , , , , , , , ,,, ,,, , ,, ,, ,, ,, ,,, ,,,,, ,, , , , , , , , ,,,,,,,, , , , , , , , , , , ,,,,,, , , , , , , , , , , , , , , , , , ,, ,,, ,,, ,, ,, ,, ,,
30351-3885,1,comma.ai,No New or Updated Incident Reports,9,2022,SEP-2022,, ,,,, ,, , ,, ,,, , ,, , ,, , ,, , ,,, , ,,,,,, , , , , , , , ,,, ,,, , ,, ,, ,, ,, ,,, ,,,,, ,, , , , , , , , ,,,,,,,, , , , , , , , , , , ,,,,,, , , , , , , , , , , , , , , , , , ,, ,,, ,,, ,, ,, ,, ,,
28349-3878,1,"Lucid USA, Inc.",No New or Updated Incident Reports,9,2022,SEP-2022,, ,,,, ,, , ,, ,,, , ,, , ,, , ,, , ,,, , ,,,,,, , , , , , , , ,,, ,,, , ,, ,, ,, ,, ,,, ,,,,, ,, , , , , , , , ,,,,,,,, , , , , , , , , , , ,,,,,, , , , , , , , , , , , , , , , , , ,, ,,, ,,, ,, ,, ,, ,,
30530-3875,1,"Aurora Operations, Inc.",No New or Updated Incident Reports,9,2022,SEP-2022,, ,,,, ,, , ,, ,,, , ,, , ,, , ,, , ,,, , ,,,,,, , , , , , , , ,,, ,,, , ,, ,, ,, ,, ,,, ,,,,, ,, , , , , , , , ,,,,,,,, , , , , , , , , , , ,,,,,, , , , , , , , , , , , , , , , , , ,, ,,, ,,, ,, ,, ,, ,,
30350-3874,1,AImotive Inc,No New or Updated Incident Reports,9,2022,SEP-2022,, ,,,, ,, , ,, ,,, , ,, , ,, , ,, , ,,, , ,,,,,, , , , , , , , ,,, ,,, , ,, ,, ,, ,, ,,, ,,,,, ,, , , , , , , , ,,,,,,,, , , , , , , , , , , ,,,,,, , , , , , , , , , , , , , , , , , ,, ,,, ,,, ,, ,, ,, ,,
842-3872,1,Mazda North American Operations,No New or Updated Incident Reports,9,2022,SEP-2022,, ,,,, ,, , ,, ,,, , ,, , ,, , ,, , ,,, , ,,,,,, , , , , , , , ,,, ,,, , ,, ,, ,, ,, ,,, ,,,,, ,, , , , , , , , ,,,,,,,, , , , , , , , , , , ,,,,,, , , , , , , , , , , , , , , , , , ,, ,,, ,,, ,, ,, ,, ,,
30370-3869,1,TuSimple,No New or Updated Incident Reports,8,2022,SEP-2022,, ,,,, ,, , ,, ,,, , ,, , ,, , ,, , ,,, , ,,,,,, , , , , , , , ,,, ,,, , ,, ,, ,, ,, ,,, ,,,,, ,, , , , , , , , ,,,,,,,, , , , , , , , , , , ,,,,,, , , , , , , , , , , , , , , , , , ,, ,,, ,,, ,, ,, ,, ,,
30590-3865,1,Apple Inc.,No New or Updated Incident Reports,8,2022,SEP-2022,, ,,,, ,, , ,, ,,, , ,, , ,, , ,, , ,,, , ,,,,,, , , , , , , , ,,, ,,, , ,, ,, ,, ,, ,,, ,,,,, ,, , , , , , , , ,,,,,,,, , , , , , , , , , , ,,,,,, , , , , , , , , , , , , , , , , , ,, ,,, ,,, ,, ,, ,, ,,
753-3863,1,"Kia America, Inc.",No New or Updated Incident Reports,9,2022,SEP-2022,, ,,,, ,, , ,, ,,, , ,, , ,, , ,, , ,,, , ,,,,,, , , , , , , , ,,, ,,, , ,, ,, ,, ,, ,,, ,,,,, ,, , , , , , , , ,,,,,,,, , , , , , , , , , , ,,,,,, , , , , , , , , , , , , , , , , , ,, ,,, ,,, ,, ,, ,, ,,
30353-3862,1,Magna International Inc.,No New or Updated Incident Reports,8,2022,SEP-2022,, ,,,, ,, , ,, ,,, , ,, , ,, , ,, , ,,, , ,,,,,, , , , , , , , ,,, ,,, , ,, ,, ,, ,, ,,, ,,,,, ,, , , , , , , , ,,,,,,,, , , , , , , , , , , ,,,,,, , , , , , , , , , , , , , , , , , ,, ,,, ,,, ,, ,, ,, ,,
273-3860,1,"Chrysler (FCA US, LLC)",No New or Updated Incident Reports,9,2022,SEP-2022,, ,,,, ,, , ,, ,,, , ,, , ,, , ,, , ,,, , ,,,,,, , , , , , , , ,,, ,,, , ,, ,, ,, ,, ,,, ,,,,, ,, , , , , , , , ,,,,,,,, , , , , , , , , , , ,,,,,, , , , , , , , , , , , , , , , , , ,, ,,, ,,, ,, ,, ,, ,,
11196-3831,1,"Denso International America, Inc.",No New or Updated Incident Reports,8,2022,SEP-2022,, ,,,, ,, , ,, ,,, , ,, , ,, , ,, , ,,, , ,,,,,, , , , , , , , ,,, ,,, , ,, ,, ,, ,, ,,, ,,,,, ,, , , , , , , , ,,,,,,,, , , , , , , , , , , ,,,,,, , , , , , , , , , , , , , , , , , ,, ,,, ,,, ,, ,, ,, ,,
30650-3859,1,"Qualcomm Technlogies, Inc",No New or Updated Incident Reports,9,2022,SEP-2022,, ,,,, ,, , ,, ,,, , ,, , ,, , ,, , ,,, , ,,,,,, , , , , , , , ,,, ,,, , ,, ,, ,, ,, ,,, ,,,,, ,, , , , , , , , ,,,,,,,, , , , , , , , , , , ,,,,,, , , , , , , , , , , , , , , , , , ,, ,,, ,,, ,, ,, ,, ,,
1243-3681,3,"Subaru of America, Inc.",Update,9,2022,SEP-2022,JF2SKAUC5LH, ,N/A,Subaru,Forester, ,2020, ,eeba4facc678a69,25938, ,Consumer,,Y, ,, , ,, , ,, , ,,, , ,,,No,ADAS,, ,Y, , , , , , ,,JUL-2022, ,AUG-2022,15:13, ,68b9212338077cd,[MAY CONTAIN PERSONALLY IDENTIFIABLE INFORMATION], ,[MAY CONTAIN PERSONALLY IDENTIFIABLE INFORMATION], ,[MAY CONTAIN PERSONALLY IDENTIFIABLE INFORMATION], ,Mamaroneck, ,NY ,[MAY CONTAIN PERSONALLY IDENTIFIABLE INFORMATION], ,Highway / Freeway,Dry,No Unusual Conditions,55, ,Daylight,Y, , , , , , , ,,Other Fixed Object,No Injuries Reported,Yes,,,, , , , , , , , , , , ,Proceeding Straight,Yes,Yes,Yes,55, , , , , , , , , , , ,Y, ,Y,Y,Y, , , , ,Unknown,,Y,Yes,,Y,,Y,,Y,"[REDACTED, MAY CONTAIN CONFIDENTIAL BUSINESS INFORMATION]",Y,"[REDACTED, MAY CONTAIN CONFIDENTIAL BUSINESS INFORMATION]",Y
855-3858,1,"Mercedes-Benz USA, LLC",No New or Updated Incident Reports,9,2022,SEP-2022,, ,,,, ,, , ,, ,,, , ,, , ,, , ,, , ,,, , ,,,,,, , , , , , , , ,,, ,,, , ,, ,, ,, ,, ,,, ,,,,, ,, , , , , , , , ,,,,,,,, , , , , , , , , , , ,,,,,, , , , , , , , , , , , , , , , , , ,, ,,, ,,, ,, ,, ,, ,,
10003-3857,1,"Navistar, Inc.",No New or Updated Incident Reports,9,2022,SEP-2022,, ,,,, ,, , ,, ,,, , ,, , ,, , ,, , ,,, , ,,,,,, , , , , , , , ,,, ,,, , ,, ,, ,, ,, ,,, ,,,,, ,, , , , , , , , ,,,,,,,, , , , , , , , , , , ,,,,,, , , , , , , , , , , , , , , , , , ,, ,,, ,,, ,, ,, ,, ,,
10003-3856,1,"Navistar, Inc.",No New or Updated Incident Reports,8,2022,SEP-2022,, ,,,, ,, , ,, ,,, , ,, , ,, , ,, , ,,, , ,,,,,, , , , , , , , ,,, ,,, , ,, ,, ,, ,, ,,, ,,,,, ,, , , , , , , , ,,,,,,,, , , , , , , , , , , ,,,,,, , , , , , , , , , , , , , , , , , ,, ,,, ,,, ,, ,, ,, ,,
883-3855,1,"Mitsubishi Motors North America, Inc.",No New or Updated Incident Reports,9,2022,SEP-2022,, ,,,, ,, , ,, ,,, , ,, , ,, , ,, , ,,, , ,,,,,, , , , , , , , ,,, ,,, , ,, ,, ,, ,, ,,, ,,,,, ,, , , , , , , , ,,,,,,,, , , , , , , , , , , ,,,,,, , , , , , , , , , , , , , , , , , ,, ,,, ,,, ,, ,, ,, ,,
10003-3854,1,"Navistar, Inc.",No New or Updated Incident Reports,7,2022,SEP-2022,, ,,,, ,, , ,, ,,, , ,, , ,, , ,, , ,,, , ,,,,,, , , , , , , , ,,, ,,, , ,, ,, ,, ,, ,,, ,,,,, ,, , , , , , , , ,,,,,,,, , , , , , , , , , , ,,,,,, , , , , , , , , , , , , , , , , , ,, ,,, ,,, ,, ,, ,, ,,
30792-3853,1,WeRide Corp,No New or Updated Incident Reports,9,2022,SEP-2022,, ,,,, ,, , ,, ,,, , ,, , ,, , ,, , ,,, , ,,,,,, , , , , , , , ,,, ,,, , ,, ,, ,, ,, ,,, ,,,,, ,, , , , , , , , ,,,,,,,, , , , , , , , , , , ,,,,,, , , , , , , , , , , , , , , , , , ,, ,,, ,,, ,, ,, ,, ,,
10039-3850,1,"BMW of North America, LLC",No New or Updated Incident Reports,9,2022,SEP-2022,, ,,,, ,, , ,, ,,, , ,, , ,, , ,, , ,,, , ,,,,,, , , , , , , , ,,, ,,, , ,, ,, ,, ,, ,,, ,,,,, ,, , , , , , , , ,,,,,,,, , , , , , , , , , , ,,,,,, , , , , , , , , , , , , , , , , , ,, ,,, ,,, ,, ,, ,, ,,
1042-3849,1,"Porsche Cars North America, Inc.",No New or Updated Incident Reports,9,2022,SEP-2022,, ,,,, ,, , ,, ,,, , ,, , ,, , ,, , ,,, , ,,,,,, , , , , , , , ,,, ,,, , ,, ,, ,, ,, ,,, ,,,,, ,, , , , , , , , ,,,,,,,, , , , , , , , , , , ,,,,,, , , , , , , , , , , , , , , , , , ,, ,,, ,,, ,, ,, ,, ,,
13781-3847,1,"Tesla, Inc.",1-Day,,,SEP-2022,5YJ3E1EA6LF, ,N/A,Tesla,Model 3, ,2020, ,415daa0a61baf8f,,Y,Consumer,"[REDACTED, MAY CONTAIN CONFIDENTIAL BUSINESS INFORMATION]",Y,Y,, , ,, , ,, , ,,, , ,,,No,ADAS,, ,Y, , , , , , ,,SEP-2020, ,SEP-2022,,Y,01d6cd8be0b5d87,,Y,,Y,,Y,Cobb County, ,GA ,,Y,Unknown,Unknown,Unknown,,Y,Unknown, , , , , , ,Y, ,,Unknown,Fatality,Yes,Unknown,Unknown,Unknown, , , , , , , , , , ,Y,Unknown,Unknown,Unknown,Unknown,,Y, , , , , , , , , , ,Y, , , , , , , ,Y,Unknown,,Y,Unknown,,Y,,Y,,Y,"[REDACTED, MAY CONTAIN CONFIDENTIAL BUSINESS INFORMATION]",Y,"[REDACTED, MAY CONTAIN CONFIDENTIAL BUSINESS INFORMATION]",Y
30533-3846,1,STEER Tech,No New or Updated Incident Reports,8,2022,SEP-2022,, ,,,, ,, , ,, ,,, , ,, , ,, , ,, , ,,, , ,,,,,, , , , , , , , ,,, ,,, , ,, ,, ,, ,, ,,, ,,,,, ,, , , , , , , , ,,,,,,,, , , , , , , , , , , ,,,,,, , , , , , , , , , , , , , , , , , ,, ,,, ,,, ,, ,, ,, ,,