Report ID,Report Version,Reporting Entity,Report Type,Report Month,Report Year,Report Submission Date,VIN,VIN - Unknown,Serial Number,Make,Model,Model - Unknown,Model Year,Model Year - Unknown,Same Vehicle ID,Mileage,Mileage - Unknown,Driver / Operator Type,ADAS/ADS System Version,ADAS/ADS System Version - Unk,ADAS/ADS System Version CBI,ADAS/ADS Hardware Version,ADAS/ADS Hardware Version - Unk,ADAS/ADS Hardware Version CBI,ADAS/ADS Software Version,ADAS/ADS Software Version - Unk,ADAS/ADS Software Version CBI,Other Reporting Entities?,Other Reporting Entities? - Unk,Other Reporting Entities? - NA,Federal Regulatory Exemption?,Other Federal Reg. Exemption,Federal Reg. Exemption - Unk,Federal Reg. Exemption - No,State or Local Permit?,State or Local Permit,ADS Equipped?,Automation System Engaged?,Operating Entity,Operating Entity - Unknown,Source - Complaint/Claim,Source - Telematics,Source - Law Enforcement,Source - Field Report,Source - Testing,Source - Media,Source - Other,Source - Other Text,Incident Date,Incident Date - Unknown,Notice Received Date,Incident Time (24:00),Incident Time - Unknown,Same Incident ID,Latitude,Latitude - Unknown,Longitude,Longitude - Unknown,Address,Address - Unknown,City,City - Unknown,State,Zip Code,Zip Code - Unknown,Roadway Type,Roadway Surface,Roadway Description,Posted Speed Limit (MPH),Posted Speed Limit - Unknown,Lighting,Weather - Clear,Weather - Snow,Weather - Cloudy,Weather - Fog/Smoke,Weather - Rain,Weather - Severe Wind,Weather - Unknown,Weather - Other,Weather - Other Text,Crash With,Highest Injury Severity Alleged,Property Damage?,CP Pre-Crash Movement,CP Any Air Bags Deployed?,CP Was Vehicle Towed?,CP Contact Area - Rear Left,CP Contact Area - Left,CP Contact Area - Front Left,CP Contact Area - Rear,CP Contact Area - Top,CP Contact Area - Front,CP Contact Area - Rear Right,CP Contact Area - Right,CP Contact Area - Front Right,CP Contact Area - Bottom,CP Contact Area - Unknown,SV Pre-Crash Movement,SV Any Air Bags Deployed?,SV Was Vehicle Towed?,SV Were All Passengers Belted?,SV Precrash Speed (MPH),SV Pre-crash Speed - Unknown,SV Contact Area - Rear Left,SV Contact Area - Left,SV Contact Area - Front Left,SV Contact Area - Rear,SV Contact Area - Top,SV Contact Area - Front,SV Contact Area - Rear Right,SV Contact Area - Right,SV Contact Area - Front Right,SV Contact Area - Bottom,SV Contact Area - Unknown,Data Availability - EDR,Data Availability - Police Rpt,Data Availability - Telematics,Data Availability - Complaints,Data Availability - Video,Data Availability - Other,Data Availability - No Data,Data Availability - Unknown,Law Enforcement Investigating?,Investigating Agency,Investigating Agency - Unknown,Rep Ent Or Mfr Investigating?,Investigating Officer Name,Inv. Officer Name - Unknown,Investigating Officer Phone,Inv. Officer Phone - Unknown,Investigating Officer Email,Inv. Officer Email - Unknown,Within ODD?,Within ODD? - CBI,Narrative,Narrative - CBI?
30791-3776,1,AutoX Technologies Inc,No New or Updated Incident Reports,8,2022,SEP-2022,, ,,,, ,, , ,, ,,, , ,, , ,, , ,, , ,,, , ,,,,,, , , , , , , , ,,, ,,, , ,, ,, ,, ,, ,,, ,,,,, ,, , , , , , , , ,,,,,,,, , , , , , , , , , , ,,,,,, , , , , , , , , , , , , , , , , , ,, ,,, ,,, ,, ,, ,, ,,
31099-3775,1,"Telenav, Inc.",No New or Updated Incident Reports,9,2022,SEP-2022,, ,,,, ,, , ,, ,,, , ,, , ,, , ,, , ,,, , ,,,,,, , , , , , , , ,,, ,,, , ,, ,, ,, ,, ,,, ,,,,, ,, , , , , , , , ,,,,,,,, , , , , , , , , , , ,,,,,, , , , , , , , , , , , , , , , , , ,, ,,, ,,, ,, ,, ,, ,,
30890-3774,1,Transdev Services Inc.,No New or Updated Incident Reports,8,2022,SEP-2022,, ,,,, ,, , ,, ,,, , ,, , ,, , ,, , ,,, , ,,,,,, , , , , , , , ,,, ,,, , ,, ,, ,, ,, ,,, ,,,,, ,, , , , , , , , ,,,,,,,, , , , , , , , , , , ,,,,,, , , , , , , , , , , , , , , , , , ,, ,,, ,,, ,, ,, ,, ,,
1306-3729,2,Toyota Motor Engineering & Manufacturing,10-Day Update,,,SEP-2022,4T3RWRFV7NU, ,[MAY CONTAIN PERSONALLY IDENTIFIABLE INFORMATION],Toyota,RAV4 HV, ,2022, ,c382b222f5cfb3c,5424, ,Consumer,ADAS L2, , ,, , ,, , ,, , ,,, , ,,,No,ADAS,, ,Y, , ,Y, , , ,,JUL-2022, ,AUG-2022,20:29, ,4c2e55083dab925,,Y,,Y,[MAY CONTAIN PERSONALLY IDENTIFIABLE INFORMATION], ,Catonsville, ,MD ,,Y,Highway / Freeway,Dry,Unknown,,Y,Unknown, , , , , , ,Y, ,,Unknown,No Injuries Reported,Yes,"Other, see Narrative",Unknown,Unknown, , , , , , , , , , ,Y,"Other, see Narrative",No,Yes,"No, see Narrative",9, ,Y,Y, ,Y, , ,Y,Y, , , ,Y, , ,Y, ,Y, , ,Unknown,,Y,Yes,,Y,,Y,,Y,"Unknown, see Narrative", ,"On August [XXX], 2022 Toyota completed a field report related to this crash. The vehicle was reportedly traveling east on MD [XXX], when it is alleged that it experienced a ""loss of stability control"" and ""swerving back and forth"" condition, forcing the driver to slow his vehicle. The driver alleged that he brought the vehicle to a stop, and approximately 5 seconds later another vehicle struck the subject vehicle in a rear-end collision. 
Toyota obtained Vehicle Control History (VCH) and Event Data Recorder (EDR) data from the subject vehicle. VCH provides an approximately 7.5 second pre-crash data recording, and EDR provides an approximately 5 second pre-crash data recording. Based on the data obtained, the following information was observed: Lane Trace Assist (LTA) was briefly engaged during the recording from approximately 4.8 seconds until 3.6  seconds prior to the crash event. The vehicle was traveling at approximately 53 MPH prior to applying the brakes. The vehicle was impacted in the rear when it was travelling at approximately 9 MPH. The driver's seat belt status was ""OFF"" (not buckled). 
As a result of the crash incident, the subject vehicle was towed away from the scene.
This report is a 10 Day update. The original report ID is 1306-3729-1.",
13781-3771,1,"Tesla, Inc.",1-Day,,,SEP-2022,5YJ3E1EA1LF, ,N/A,Tesla,Model 3, ,2020, ,4272126b51c759d,58073, ,Consumer,"[REDACTED, MAY CONTAIN CONFIDENTIAL BUSINESS INFORMATION]", ,Y,, , ,, , ,, , ,,, , ,,,No,ADAS,, , ,Y, , , , , ,,SEP-2022, ,SEP-2022,12:15, ,846eca1ab72b9af,[MAY CONTAIN PERSONALLY IDENTIFIABLE INFORMATION], ,[MAY CONTAIN PERSONALLY IDENTIFIABLE INFORMATION], ,[MAY CONTAIN PERSONALLY IDENTIFIABLE INFORMATION], ,Rosemont, ,IL ,[MAY CONTAIN PERSONALLY IDENTIFIABLE INFORMATION], ,Unknown,Unknown,Unknown,,Y,Unknown, , , , , , ,Y, ,,Unknown,Unknown,Yes,Unknown,Unknown,Unknown, , , , , , , , , , ,Y,Unknown,Yes,Unknown,Unknown,,Y, , , , , , , , , , ,Y,Y, , , , , , , ,Unknown,,Y,Unknown,,Y,,Y,,Y,"[REDACTED, MAY CONTAIN CONFIDENTIAL BUSINESS INFORMATION]",Y,"[REDACTED, MAY CONTAIN CONFIDENTIAL BUSINESS INFORMATION]",Y
30415-3769,1,NAVYA Inc.,No New or Updated Incident Reports,8,2022,SEP-2022,, ,,,, ,, , ,, ,,, , ,, , ,, , ,, , ,,, , ,,,,,, , , , , , , , ,,, ,,, , ,, ,, ,, ,, ,,, ,,,,, ,, , , , , , , , ,,,,,,,, , , , , , , , , , , ,,,,,, , , , , , , , , , , , , , , , , , ,, ,,, ,,, ,, ,, ,, ,,
1422-3730,2,"Volvo Car USA, LLC",10-Day Update,,,SEP-2022,YV4ED3GB1N2, ,N/A,Volvo,C40, ,2022, ,be5c9cd5a1ddb13,5275, ,Consumer,Pilot Assist, , ,, , ,, , ,, , ,,, , ,,,No,ADAS,, ,Y, , , , , , ,,,Y,AUG-2022,,Y, ,,Y,,Y,,Y,Beckett, ,MA ,,Y,Unknown,Unknown,Unknown,,Y,Unknown, , , , , , ,Y, ,,Unknown,Unknown,Unknown,Unknown,Unknown,Unknown, , , , , , , , , , ,Y,Unknown,Yes,Yes,Unknown,,Y, , , , , , , , , , ,Y, , , , , , , ,Y,Unknown,,Y,Yes,,Y,,Y,,Y,"Unknown, see Narrative", ,"Customer States: ""Traveling south, [XXX] in Beckett Mass. lane departure on, cruise on, ""pilot assist"" on, vehicle hit on drivers side front after crossing center lane without warning. then vehicle hit on passenger front""
10-day Update: Vehicle was inspected on September [XXX], 2022.  Data was downloaded from the vehicle at the time of the inspection.  We are currently analyzing the data recovered.",
273-3763,1,"Chrysler (FCA US, LLC)",1-Day,,,SEP-2022,1C4RJHDT5N8, ,N/A,Jeep,Grand Cherokee Overland 4x4, ,2022, ,032513dfe2c49b6,,Y,Consumer,,Y, ,, , ,, , ,, , ,,, , ,,,No,ADAS,, , , , ,Y, , , ,,SEP-2022, ,SEP-2022,16:30, ,eebcd6121d12599,,Y,,Y,[MAY CONTAIN PERSONALLY IDENTIFIABLE INFORMATION], ,,Y,MI ,,Y,Unknown,Unknown,Unknown,,Y,Daylight, , , , , , ,Y, ,,Unknown,Unknown,Yes,Making Left Turn,Unknown,Yes, , , , , , , , , , ,Y,Proceeding Straight,Unknown,Yes,Unknown,,Y, , , , , , , , , , ,Y, , , , , , , ,Y,Unknown,,Y,Yes,,Y,,Y,,Y,"Unknown, see Narrative", ,"Driver claims [REDACTED, MAY CONTAIN CONFIDENTIAL BUSINESS INFORMATION] Driver claims [REDACTED, MAY CONTAIN CONFIDENTIAL BUSINESS INFORMATION] in response to the question of whether the Highway Assist feature was being used at the time of the incident.",Y
30432-3766,1,Apex.AI Inc.,No New or Updated Incident Reports,8,2022,SEP-2022,, ,,,, ,, , ,, ,,, , ,, , ,, , ,, , ,,, , ,,,,,, , , , , , , , ,,, ,,, , ,, ,, ,, ,, ,,, ,,,,, ,, , , , , , , , ,,,,,,,, , , , , , , , , , , ,,,,,, , , , , , , , , , , , , , , , , , ,, ,,, ,,, ,, ,, ,, ,,
13781-3765,1,"Tesla, Inc.",1-Day,,,SEP-2022,5YJSA1E57NF, ,N/A,Tesla,Model S, ,2022, ,3556d47e02712bb,4849, ,Consumer,"[REDACTED, MAY CONTAIN CONFIDENTIAL BUSINESS INFORMATION]", ,Y,, , ,, , ,, , ,,, , ,,,No,ADAS,, , ,Y, , , , , ,,SEP-2022, ,SEP-2022,17:57, ,572ecf5d1bbec56,[MAY CONTAIN PERSONALLY IDENTIFIABLE INFORMATION], ,[MAY CONTAIN PERSONALLY IDENTIFIABLE INFORMATION], ,[MAY CONTAIN PERSONALLY IDENTIFIABLE INFORMATION], ,Pleasant Grove, ,CA ,[MAY CONTAIN PERSONALLY IDENTIFIABLE INFORMATION], ,Unknown,Unknown,Unknown,,Y,Unknown, , , , , , ,Y, ,,Unknown,Unknown,Yes,Unknown,Unknown,Unknown, , , , , , , , , , ,Y,Unknown,Yes,Unknown,Unknown,,Y, , , , , , , , , , ,Y,Y, , , , , , , ,Unknown,,Y,Unknown,,Y,,Y,,Y,"[REDACTED, MAY CONTAIN CONFIDENTIAL BUSINESS INFORMATION]",Y,"[REDACTED, MAY CONTAIN CONFIDENTIAL BUSINESS INFORMATION]",Y
540-3753,1,"General Motors, LLC",1-Day,,,SEP-2022,5G21A6P07N4, ,N/A,Cruise,AV, ,2022, ,afb12fabd0488b0,8598, ,In-Vehicle (Commercial / Test),,Y, ,, , ,, , ,, , ,,, , ,,,Yes,"Unknown, see Narrative",Cruise LLC, , ,Y, ,Y,Y, , ,,SEP-2022, ,SEP-2022,18:46, ,7dc63f84ed3a0fb,[MAY CONTAIN PERSONALLY IDENTIFIABLE INFORMATION], ,[MAY CONTAIN PERSONALLY IDENTIFIABLE INFORMATION], ,[MAY CONTAIN PERSONALLY IDENTIFIABLE INFORMATION], ,San Francisco, ,CA ,[MAY CONTAIN PERSONALLY IDENTIFIABLE INFORMATION], ,Street,Dry,No Unusual Conditions,25, ,Daylight,Y, , , , , , , ,,Motorcycle,Minor,Yes,Changing Lanes,Not Applicable,No, , , , , ,Y, , , , , ,Proceeding Straight,No,No,Yes,7, , , , , , , ,Y, , , , ,Y, ,Y,Y,Y,Y, , ,No,, ,Yes,, ,, ,, ,"Unknown, see Narrative", ,"On Sept [XXX], 2022 GM Cruise Holdings LLC (""Cruise"") filed an Incident Report (the ""Report"") under the Standing General Order 2021-01 dated June 29, 2021 (the ""Order""). General Motors LLC (GM) manufactured the Cruise-operated motor vehicle involved in the incident summarized in the Incident Report. Because GM is also a Reporting Entity under the Order, GM is submitting a duplicate of the redacted public copy of the Report. GM has selected ""Unknown"" in the ""ADS version"" and ""ODD time"" fields solely to avoid a second submission of nonpublic Cruise CBI GM is in possession of Cruise's responses to these fields, and incorporates Cruise's responses into this submission by reference. GM's submission is based on facts supplied to GM by Cruise. GM has not investigated the alleged incident and currently believes, based on a reasonable inquiry, that it has no independent knowledge of the facts in the Report. (Reference file: 30412-3748-1)",
30610-3752,1,"Zoox, Inc.",1-Day,,,SEP-2022,5TDDCRFH1GS, ,N/A,Toyota,Highlander, ,2016, ,2bb8d67435b9951,,Y,In-Vehicle (Commercial / Test),04.22.09.01, , ,, , ,, , ,, , ,,, , ,,,Yes,ADS,Zoox, , , , , ,Y, , ,,SEP-2022, ,SEP-2022,11:30, ,1e802a0a2cb0266,[MAY CONTAIN PERSONALLY IDENTIFIABLE INFORMATION], ,[MAY CONTAIN PERSONALLY IDENTIFIABLE INFORMATION], ,[MAY CONTAIN PERSONALLY IDENTIFIABLE INFORMATION], ,San Francisco, ,CA ,[MAY CONTAIN PERSONALLY IDENTIFIABLE INFORMATION], ,Street,Dry,No Unusual Conditions,,Y,Daylight,Y, , , , , , , ,,Non-Motorist: Cyclist,Unknown,Unknown,"Other, see Narrative",,, , , , , , , , , , , ,"Other, see Narrative",No,No,Yes,2, , , , , , , , , , , ,Y, , ,Y, ,Y, , , ,No,, ,No,, ,, ,, ,Yes, ,"A Zoox vehicle in autonomy was slowing for a right turn from [XXX] to [XXX] in San Francisco, CA with its turn indicator and brake lights illuminated, when a following bicyclist struck the rear right corner of the Zoox vehicle. The Zoox vehicle camera bracket was damaged. Police were not called and no injuries were reported.",
502-3744,1,Ford Motor Company,1-Day,,,SEP-2022,1FMJK1JT3NE, ,N/A,Ford,Expedition, ,2022, ,58178be26f37ef9,,Y,Consumer,Co-Pilot 360 Assist+, , ,, , ,, , ,, , ,,, , ,,,No,ADAS,, , , , ,Y, , , ,,AUG-2022, ,SEP-2022,17:00, ,e11fa1ed0a55cec,,Y,,Y,[MAY CONTAIN PERSONALLY IDENTIFIABLE INFORMATION], ,Bloomington, ,MN ,[MAY CONTAIN PERSONALLY IDENTIFIABLE INFORMATION], ,Highway / Freeway,Unknown,"Other, see Narrative",,Y,Daylight, , , , , , ,Y, ,,SUV,Minor,Yes,Proceeding Straight,No,Yes, , ,Y, , ,Y, , ,Y, , ,Stopped,No,No,Yes,0, , , , , , , ,Y, , , , , ,Y, , , , , , ,Yes,Minnesota State Patrol, ,Yes,[MAY CONTAIN PERSONALLY IDENTIFIABLE INFORMATION], ,,Y,,Y,Yes, ,"This SGO Report is the official Portal submission emailed to NHTSA on Sept [XXX], 2022, during that time the NHTSA SGO Portal was undergoing maintenance.  
The driver reported to Ford that they were traveling South on [XXX] while using Adaptive Cruise Control (ACC) and Lane Centering Assist (LCA), during traffic congestion the Ford driver applied the brakes and came to a complete stop.  The Jeep Wrangler directly behind failed to stop and impacted the right rear of the Ford vehicle, within 30 seconds of Ford vehicle ADAS Level 2 feature deactivation due to brake application.  The Jeep suffered front end damage and was towed, and the passenger was taken to the hospital for minor injuries.",
1306-3711,2,Toyota Motor Engineering & Manufacturing,10-Day Update,,,SEP-2022,JTDEPMAE0MJ, ,N/A,Toyota,Corolla, ,2021, ,2cde5f393940552,13954, ,Consumer,ADAS L2, , ,, , ,, , ,, , ,,, , ,,,No,ADAS,, ,Y, , ,Y, , , ,,JUL-2022, ,AUG-2022,02:59, ,03a412f6f32430b,,Y,,Y,[MAY CONTAIN PERSONALLY IDENTIFIABLE INFORMATION], ,Goldsboro, ,NC ,,Y,Highway / Freeway,Unknown,Unknown,,Y,Dark - Not Lighted, , , , , , ,Y, ,,Unknown,Unknown,Yes,Traveling Wrong Way,Unknown,Unknown, , , , , , , , , , ,Y,Proceeding Straight,No,Yes,Yes,89, ,Y,Y,Y,Y,Y,Y,Y,Y,Y, , ,Y, , ,Y,Y,Y, , ,Yes,North Carolina State Highway Patrol, ,Yes,,Y,,Y,,Y,"Unknown, see Narrative", ,"On August [XXX], 2022 Toyota received a field report related to this crash. The vehicle was reportedly traveling east on [XXX], when it approached a vehicle travelling the wrong way on the road operated by a drunk driver. The Toyota Corolla driver alleged that they attempted to swerve right to miss the oncoming vehicle, but collided with the vehicle on the driver side. As a result of the collision, the Toyota Corolla allegedly rolled over, landed on its wheels, and contacted a highway barrier. 
Toyota obtained Vehicle Control History (VCH) and Event Data Recorder (EDR) data from the subject vehicle. VCH provides an approximately 8 second pre-crash data recording, and EDR provides an approximately 4.80 second pre-crash data recording. Based on the data obtained, the following information was observed:  Lane Trace Assist (LTA) was engaged during the recording until approximately 6.7 seconds prior to the crash event and Dynamic Radar Cruise Control (DRCC) was engaged during the recording until approximately 5.5 seconds prior to the crash event. The vehicle was traveling at approximately 89 MPH prior to the crash event. 
As a result of the crash incident, the subject vehicle was towed away from the scene. Injuries to occupants of the subject vehicle were described by the owner as: Driver: Cerebral fluid leaking from nose, Concussion, whiplash, backpain Front Passenger: No injuries reported.
This report is a 10 Day update. The original report ID is 1306-3711-1.",
30412-3748,1,Cruise LLC,1-Day,,,SEP-2022,5G21A6P07N4, ,N/A,Cruise,AV, ,2022, ,afb12fabd0488b0,8598, ,In-Vehicle and Remote (Commercial / Test),"[REDACTED, MAY CONTAIN CONFIDENTIAL BUSINESS INFORMATION]", ,Y,, , ,, , ,, , ,,, , ,,,Yes,ADS,Cruise LLC, , ,Y, ,Y,Y, , ,,SEP-2022, ,SEP-2022,18:46, ,7dc63f84ed3a0fb,[MAY CONTAIN PERSONALLY IDENTIFIABLE INFORMATION], ,[MAY CONTAIN PERSONALLY IDENTIFIABLE INFORMATION], ,[MAY CONTAIN PERSONALLY IDENTIFIABLE INFORMATION], ,San Francisco, ,CA ,[MAY CONTAIN PERSONALLY IDENTIFIABLE INFORMATION], ,Street,Dry,No Unusual Conditions,25, ,Daylight,Y, , , , , , , ,,Motorcycle,Minor,Yes,Changing Lanes,Not Applicable,No, , , , , ,Y, , , , , ,Proceeding Straight,No,No,Yes,7, , , , , , , ,Y, , , , ,Y, ,Y,Y,Y,Y, , ,No,, ,Yes,, ,, ,, ,"[REDACTED, MAY CONTAIN CONFIDENTIAL BUSINESS INFORMATION]",Y,"A Cruise autonomous vehicle (""Cruise AV""), operating in supervised autonomous mode, was traveling westbound on [XXX] between [XXX] and [XXX]. At the same time, a motorcyclist approaching from the rear began to merge into the Cruise AV's lane behind the Cruise AV, and subsequently made contact with the Cruise AV's rear passenger side bumper, damaging the motorcycle's front fender. The driver of the motorcycle reported minor injuries and police were not called. [REDACTED, MAY CONTAIN CONFIDENTIAL BUSINESS INFORMATION]",Y
13781-3747,1,"Tesla, Inc.",1-Day,,,SEP-2022,5YJ3E1EA1LF, ,N/A,Tesla,Model 3, ,2020, ,199a0638f664640,61528, ,Consumer,"[REDACTED, MAY CONTAIN CONFIDENTIAL BUSINESS INFORMATION]", ,Y,, , ,, , ,, , ,,, , ,,,No,ADAS,, , ,Y, , , , , ,,SEP-2022, ,SEP-2022,06:20, ,e3252ba5b16a3d3,[MAY CONTAIN PERSONALLY IDENTIFIABLE INFORMATION], ,[MAY CONTAIN PERSONALLY IDENTIFIABLE INFORMATION], ,[MAY CONTAIN PERSONALLY IDENTIFIABLE INFORMATION], ,Dade City, ,FL ,[MAY CONTAIN PERSONALLY IDENTIFIABLE INFORMATION], ,Unknown,Unknown,Unknown,,Y,Unknown, , , , , , ,Y, ,,Unknown,Unknown,Yes,Unknown,Unknown,Unknown, , , , , , , , , , ,Y,Unknown,Yes,Unknown,Unknown,,Y, , , , , , , , , , ,Y,Y, , , , , , , ,Unknown,,Y,Unknown,,Y,,Y,,Y,"[REDACTED, MAY CONTAIN CONFIDENTIAL BUSINESS INFORMATION]",Y,"[REDACTED, MAY CONTAIN CONFIDENTIAL BUSINESS INFORMATION]",Y
13781-3746,1,"Tesla, Inc.",1-Day,,,SEP-2022,5YJXCAE21GF, ,N/A,Tesla,Model X, ,2016, ,3db2d48da5c60e0,224270, ,Consumer,"[REDACTED, MAY CONTAIN CONFIDENTIAL BUSINESS INFORMATION]", ,Y,, , ,, , ,, , ,,, , ,,,No,ADAS,, , ,Y, , , , , ,,SEP-2022, ,SEP-2022,14:31, ,9b51fc98a1d4696,[MAY CONTAIN PERSONALLY IDENTIFIABLE INFORMATION], ,[MAY CONTAIN PERSONALLY IDENTIFIABLE INFORMATION], ,[MAY CONTAIN PERSONALLY IDENTIFIABLE INFORMATION], ,Mountain View, ,CA ,[MAY CONTAIN PERSONALLY IDENTIFIABLE INFORMATION], ,Unknown,Unknown,Unknown,,Y,Unknown, , , , , , ,Y, ,,Unknown,Unknown,Yes,Unknown,Unknown,Unknown, , , , , , , , , , ,Y,Unknown,Yes,Unknown,Unknown,,Y, , , , , , , , , , ,Y,Y, , , , , , , ,Unknown,,Y,Unknown,,Y,,Y,,Y,"[REDACTED, MAY CONTAIN CONFIDENTIAL BUSINESS INFORMATION]",Y,"[REDACTED, MAY CONTAIN CONFIDENTIAL BUSINESS INFORMATION]",Y
13781-3745,1,"Tesla, Inc.",1-Day,,,SEP-2022,7SAYGDEE7NF, ,N/A,Tesla,Model Y, ,2022, ,d785c8bc6504800,1281, ,Consumer,"[REDACTED, MAY CONTAIN CONFIDENTIAL BUSINESS INFORMATION]", ,Y,, , ,, , ,, , ,,, , ,,,No,ADAS,, , ,Y, , , , , ,,SEP-2022, ,SEP-2022,06:52, ,e917ceda262e294,[MAY CONTAIN PERSONALLY IDENTIFIABLE INFORMATION], ,[MAY CONTAIN PERSONALLY IDENTIFIABLE INFORMATION], ,[MAY CONTAIN PERSONALLY IDENTIFIABLE INFORMATION], ,Philadelphia, ,PA ,[MAY CONTAIN PERSONALLY IDENTIFIABLE INFORMATION], ,Unknown,Unknown,Unknown,,Y,Unknown, , , , , , ,Y, ,,Unknown,Unknown,Yes,Unknown,Unknown,Unknown, , , , , , , , , , ,Y,Unknown,Yes,Unknown,Unknown,,Y, , , , , , , , , , ,Y,Y, , , , , , , ,Unknown,,Y,Unknown,,Y,,Y,,Y,"[REDACTED, MAY CONTAIN CONFIDENTIAL BUSINESS INFORMATION]",Y,"[REDACTED, MAY CONTAIN CONFIDENTIAL BUSINESS INFORMATION]",Y
13781-3743,1,"Tesla, Inc.",1-Day,,,SEP-2022,5YJ3E1EAXKF, ,N/A,Tesla,Model 3, ,2019, ,152c099f4eebd98,75581, ,Consumer,"[REDACTED, MAY CONTAIN CONFIDENTIAL BUSINESS INFORMATION]", ,Y,, , ,, , ,, , ,,, , ,,,No,ADAS,, , ,Y, , , , , ,,SEP-2022, ,SEP-2022,13:46, ,87c2f7f2e16b201,[MAY CONTAIN PERSONALLY IDENTIFIABLE INFORMATION], ,[MAY CONTAIN PERSONALLY IDENTIFIABLE INFORMATION], ,[MAY CONTAIN PERSONALLY IDENTIFIABLE INFORMATION], ,Durham, ,NC ,[MAY CONTAIN PERSONALLY IDENTIFIABLE INFORMATION], ,Unknown,Unknown,Unknown,,Y,Unknown, , , , , , ,Y, ,,Unknown,Unknown,Yes,Unknown,Unknown,Unknown, , , , , , , , , , ,Y,Unknown,Yes,Yes,Unknown,,Y, , , , , , , , , , ,Y,Y, , , , , , , ,Unknown,,Y,Unknown,,Y,,Y,,Y,"[REDACTED, MAY CONTAIN CONFIDENTIAL BUSINESS INFORMATION]",Y,"[REDACTED, MAY CONTAIN CONFIDENTIAL BUSINESS INFORMATION]",Y
13781-3742,1,"Tesla, Inc.",1-Day,,,SEP-2022,5YJYGDEE4LF, ,N/A,Tesla,Model Y, ,2020, ,38476b4b84a1392,57537, ,Consumer,"[REDACTED, MAY CONTAIN CONFIDENTIAL BUSINESS INFORMATION]", ,Y,, , ,, , ,, , ,,, , ,,,No,ADAS,, , ,Y, , , , , ,,SEP-2022, ,SEP-2022,09:48, ,5b5e0bd5f0ba750,[MAY CONTAIN PERSONALLY IDENTIFIABLE INFORMATION], ,[MAY CONTAIN PERSONALLY IDENTIFIABLE INFORMATION], ,[MAY CONTAIN PERSONALLY IDENTIFIABLE INFORMATION], ,Eden, ,WI ,[MAY CONTAIN PERSONALLY IDENTIFIABLE INFORMATION], ,Unknown,Unknown,Unknown,,Y,Unknown, , , , , , ,Y, ,,Unknown,Unknown,Yes,Unknown,Unknown,Unknown, , , , , , , , , , ,Y,Unknown,Yes,Unknown,Unknown,,Y, , , , , , , , , , ,Y,Y, , , , , , , ,Unknown,,Y,Unknown,,Y,,Y,,Y,"[REDACTED, MAY CONTAIN CONFIDENTIAL BUSINESS INFORMATION]",Y,"[REDACTED, MAY CONTAIN CONFIDENTIAL BUSINESS INFORMATION]",Y