Report ID,Report Version,Reporting Entity,Report Type,Report Month,Report Year,Report Submission Date,VIN,VIN - Unknown,Serial Number,Make,Model,Model - Unknown,Model Year,Model Year - Unknown,Same Vehicle ID,Mileage,Mileage - Unknown,Driver / Operator Type,ADAS/ADS System Version,ADAS/ADS System Version - Unk,ADAS/ADS System Version CBI,ADAS/ADS Hardware Version,ADAS/ADS Hardware Version - Unk,ADAS/ADS Hardware Version CBI,ADAS/ADS Software Version,ADAS/ADS Software Version - Unk,ADAS/ADS Software Version CBI,Other Reporting Entities?,Other Reporting Entities? - Unk,Other Reporting Entities? - NA,Federal Regulatory Exemption?,Other Federal Reg. Exemption,Federal Reg. Exemption - Unk,Federal Reg. Exemption - No,State or Local Permit?,State or Local Permit,ADS Equipped?,Automation System Engaged?,Operating Entity,Operating Entity - Unknown,Source - Complaint/Claim,Source - Telematics,Source - Law Enforcement,Source - Field Report,Source - Testing,Source - Media,Source - Other,Source - Other Text,Incident Date,Incident Date - Unknown,Notice Received Date,Incident Time (24:00),Incident Time - Unknown,Same Incident ID,Latitude,Latitude - Unknown,Longitude,Longitude - Unknown,Address,Address - Unknown,City,City - Unknown,State,Zip Code,Zip Code - Unknown,Roadway Type,Roadway Surface,Roadway Description,Posted Speed Limit (MPH),Posted Speed Limit - Unknown,Lighting,Weather - Clear,Weather - Snow,Weather - Cloudy,Weather - Fog/Smoke,Weather - Rain,Weather - Severe Wind,Weather - Unknown,Weather - Other,Weather - Other Text,Crash With,Highest Injury Severity Alleged,Property Damage?,CP Pre-Crash Movement,CP Any Air Bags Deployed?,CP Was Vehicle Towed?,CP Contact Area - Rear Left,CP Contact Area - Left,CP Contact Area - Front Left,CP Contact Area - Rear,CP Contact Area - Top,CP Contact Area - Front,CP Contact Area - Rear Right,CP Contact Area - Right,CP Contact Area - Front Right,CP Contact Area - Bottom,CP Contact Area - Unknown,SV Pre-Crash Movement,SV Any Air Bags Deployed?,SV Was Vehicle Towed?,SV Were All Passengers Belted?,SV Precrash Speed (MPH),SV Pre-crash Speed - Unknown,SV Contact Area - Rear Left,SV Contact Area - Left,SV Contact Area - Front Left,SV Contact Area - Rear,SV Contact Area - Top,SV Contact Area - Front,SV Contact Area - Rear Right,SV Contact Area - Right,SV Contact Area - Front Right,SV Contact Area - Bottom,SV Contact Area - Unknown,Data Availability - EDR,Data Availability - Police Rpt,Data Availability - Telematics,Data Availability - Complaints,Data Availability - Video,Data Availability - Other,Data Availability - No Data,Data Availability - Unknown,Law Enforcement Investigating?,Investigating Agency,Investigating Agency - Unknown,Rep Ent Or Mfr Investigating?,Investigating Officer Name,Inv. Officer Name - Unknown,Investigating Officer Phone,Inv. Officer Phone - Unknown,Investigating Officer Email,Inv. Officer Email - Unknown,Within ODD?,Within ODD? - CBI,Narrative,Narrative - CBI?
540-2706,1,"General Motors, LLC",Monthly,3,2022,APR-2022,5G21A6P07L4, ,N/A,Cruise,AV, ,2020, ,d273b956f145a16,43082, ,In-Vehicle and Remote (Commercial / Test),,Y, ,, , ,, , ,, , ,,, , ,,,Yes,ADS,Cruise LLC, , ,Y, ,Y,Y, , ,,MAR-2022, ,MAR-2022,12:26, ,3cb771235b0bfdc,[MAY CONTAIN PERSONALLY IDENTIFIABLE INFORMATION], ,[MAY CONTAIN PERSONALLY IDENTIFIABLE INFORMATION], ,[MAY CONTAIN PERSONALLY IDENTIFIABLE INFORMATION], ,San Francisco, ,CA ,[MAY CONTAIN PERSONALLY IDENTIFIABLE INFORMATION], ,Street,Dry,No Unusual Conditions,25, ,Daylight,Y, , , , , , , ,,Passenger Car,Moderate,Yes,Changing Lanes,Unknown,Unknown, , , , , , , ,Y, , , ,Changing Lanes,No,No,Yes,10, , ,Y, , , , , , , , , ,Y, ,Y,Y,Y,Y, , ,Unknown,,Y,Yes,,Y,,Y,,Y,"Unknown, see Narrative", ,"On April [XXX], 2022, GM Cruise Holdings LLC (""Cruise"") filed an Incident Report (the ""Report"") under the Standing General Order 2021-01 dated June 29, 2021 (the ""Order""). General Motors LLC (""GM"") manufactured the Cruise-operated motor vehicle involved in the incident summarized in the Incident Report.? Because GM is also a Reporting Entity under the Order, GM is submitting a duplicate of the redacted public copy of the Report. GM has selected ""Unknown"" in the ""ADS version"" and ""ODD time"" fields solely to avoid a second submission of nonpublic Cruise CBI; GM is in possession of Cruise's responses to these fields, and incorporates Cruise's responses into this submission by reference.? GM's submission is based on facts supplied to GM by Cruise.? GM has not investigated the alleged incident and currently believes, based on a reasonable inquiry, that it has no independent knowledge of the facts in the Report. (Reference file: (30412-2654-1)",
837-2719,1,"Maserati North America, Inc.",No New or Updated Incident Reports,4,2022,APR-2022,, ,,,, ,, , ,, ,,, , ,, , ,, , ,, , ,,, , ,,,,,, , , , , , , , ,,, ,,, , ,, ,, ,, ,, ,,, ,,,,, ,, , , , , , , , ,,,,,,,, , , , , , , , , , , ,,,,,, , , , , , , , , , , , , , , , , , ,, ,,, ,,, ,, ,, ,, ,,
20681-2718,1,McLaren Automotive Incorporated,No New or Updated Incident Reports,3,2022,APR-2022,, ,,,, ,, , ,, ,,, , ,, , ,, , ,, , ,,, , ,,,,,, , , , , , , , ,,, ,,, , ,, ,, ,, ,, ,,, ,,,,, ,, , , , , , , , ,,,,,,,, , , , , , , , , , , ,,,,,, , , , , , , , , , , , , , , , , , ,, ,,, ,,, ,, ,, ,, ,,
20681-2717,1,McLaren Automotive Incorporated,No New or Updated Incident Reports,2,2022,APR-2022,, ,,,, ,, , ,, ,,, , ,, , ,, , ,, , ,,, , ,,,,,, , , , , , , , ,,, ,,, , ,, ,, ,, ,, ,,, ,,,,, ,, , , , , , , , ,,,,,,,, , , , , , , , , , , ,,,,,, , , , , , , , , , , , , , , , , , ,, ,,, ,,, ,, ,, ,, ,,
20681-2716,1,McLaren Automotive Incorporated,No New or Updated Incident Reports,4,2022,APR-2022,, ,,,, ,, , ,, ,,, , ,, , ,, , ,, , ,,, , ,,,,,, , , , , , , , ,,, ,,, , ,, ,, ,, ,, ,,, ,,,,, ,, , , , , , , , ,,,,,,,, , , , , , , , , , , ,,,,,, , , , , , , , , , , , , , , , , , ,, ,,, ,,, ,, ,, ,, ,,
30411-2714,1,Pronto AI,No New or Updated Incident Reports,3,2022,APR-2022,, ,,,, ,, , ,, ,,, , ,, , ,, , ,, , ,,, , ,,,,,, , , , , , , , ,,, ,,, , ,, ,, ,, ,, ,,, ,,,,, ,, , , , , , , , ,,,,,,,, , , , , , , , , , , ,,,,,, , , , , , , , , , , , , , , , , , ,, ,,, ,,, ,, ,, ,, ,,
30891-2713,1,Inceptio Technonlogy Inc,No New or Updated Incident Reports,4,2022,APR-2022,, ,,,, ,, , ,, ,,, , ,, , ,, , ,, , ,,, , ,,,,,, , , , , , , , ,,, ,,, , ,, ,, ,, ,, ,,, ,,,,, ,, , , , , , , , ,,,,,,,, , , , , , , , , , , ,,,,,, , , , , , , , , , , , , , , , , , ,, ,,, ,,, ,, ,, ,, ,,
30891-2712,1,Inceptio Technonlogy Inc,No New or Updated Incident Reports,3,2022,APR-2022,, ,,,, ,, , ,, ,,, , ,, , ,, , ,, , ,,, , ,,,,,, , , , , , , , ,,, ,,, , ,, ,, ,, ,, ,,, ,,,,, ,, , , , , , , , ,,,,,,,, , , , , , , , , , , ,,,,,, , , , , , , , , , , , , , , , , , ,, ,,, ,,, ,, ,, ,, ,,
30891-2711,1,Inceptio Technonlogy Inc,No New or Updated Incident Reports,2,2022,APR-2022,, ,,,, ,, , ,, ,,, , ,, , ,, , ,, , ,,, , ,,,,,, , , , , , , , ,,, ,,, , ,, ,, ,, ,, ,,, ,,,,, ,, , , , , , , , ,,,,,,,, , , , , , , , , , , ,,,,,, , , , , , , , , , , , , , , , , , ,, ,,, ,,, ,, ,, ,, ,,
12381-2710,1,"Daimler Trucks North America, LLC",No New or Updated Incident Reports,3,2022,APR-2022,, ,,,, ,, , ,, ,,, , ,, , ,, , ,, , ,,, , ,,,,,, , , , , , , , ,,, ,,, , ,, ,, ,, ,, ,,, ,,,,, ,, , , , , , , , ,,,,,,,, , , , , , , , , , , ,,,,,, , , , , , , , , , , , , , , , , , ,, ,,, ,,, ,, ,, ,, ,,
30632-2709,1,Deeproute.ai Ltd.,No New or Updated Incident Reports,3,2022,APR-2022,, ,,,, ,, , ,, ,,, , ,, , ,, , ,, , ,,, , ,,,,,, , , , , , , , ,,, ,,, , ,, ,, ,, ,, ,,, ,,,,, ,, , , , , , , , ,,,,,,,, , , , , , , , , , , ,,,,,, , , , , , , , , , , , , , , , , , ,, ,,, ,,, ,, ,, ,, ,,
30391-2708,1,Kodiak Robotics,No New or Updated Incident Reports,3,2022,APR-2022,, ,,,, ,, , ,, ,,, , ,, , ,, , ,, , ,,, , ,,,,,, , , , , , , , ,,, ,,, , ,, ,, ,, ,, ,,, ,,,,, ,, , , , , , , , ,,,,,,,, , , , , , , , , , , ,,,,,, , , , , , , , , , , , , , , , , , ,, ,,, ,,, ,, ,, ,, ,,
31093-2707,1,Imagry Inc.,No New or Updated Incident Reports,3,2022,APR-2022,, ,,,, ,, , ,, ,,, , ,, , ,, , ,, , ,,, , ,,,,,, , , , , , , , ,,, ,,, , ,, ,, ,, ,, ,,, ,,,,, ,, , , , , , , , ,,,,,,,, , , , , , , , , , , ,,,,,, , , , , , , , , , , , , , , , , , ,, ,,, ,,, ,, ,, ,, ,,
690-2705,1,Isuzu Motors Limited,No New or Updated Incident Reports,3,2022,APR-2022,, ,,,, ,, , ,, ,,, , ,, , ,, , ,, , ,,, , ,,,,,, , , , , , , , ,,, ,,, , ,, ,, ,, ,, ,,, ,,,,, ,, , , , , , , , ,,,,,,,, , , , , , , , , , , ,,,,,, , , , , , , , , , , , , , , , , , ,, ,,, ,,, ,, ,, ,, ,,
30930-2704,1,MANDO Mobility Solutions,No New or Updated Incident Reports,4,2022,APR-2022,, ,,,, ,, , ,, ,,, , ,, , ,, , ,, , ,,, , ,,,,,, , , , , , , , ,,, ,,, , ,, ,, ,, ,, ,,, ,,,,, ,, , , , , , , , ,,,,,,,, , , , , , , , , , , ,,,,,, , , , , , , , , , , , , , , , , , ,, ,,, ,,, ,, ,, ,, ,,
30531-2616,2,Transdev Alternative Services,10-Day Update,,,APR-2022,SADHW2S18M1, ,N/A,Jaguar,I-Pace, ,2021, ,2c7a9a00277e615,25713, ,In-Vehicle (Commercial / Test),,Y, ,, , ,, , ,, , ,,, , ,,,"Unknown, see Narrative","Unknown, see Narrative",Waymo LLC., , , , ,Y, , , ,,MAR-2022, ,MAR-2022,11:07, ,b87c3d684c9934c,,Y,,Y,[MAY CONTAIN PERSONALLY IDENTIFIABLE INFORMATION], ,San Francisco, ,CA ,[MAY CONTAIN PERSONALLY IDENTIFIABLE INFORMATION], ,Intersection,Dry,No Unusual Conditions,25, ,Daylight,Y, , , , , , , ,,SUV,No Injuries Reported,Yes,Proceeding Straight,No,No, , ,Y, , ,Y, , ,Y, , ,Proceeding Straight,No,Yes,Yes,4, ,Y, , ,Y, , ,Y, , , , , , , , ,Y,Y, , ,No,, ,Yes,, ,, ,, ,Yes, ,"The content of this report is unchanged from the initial report submitted on April [XXX], 2022 [Report ID # 30531-2616-2].
On March [XXX], 2022 at 11:07 AM PST a Waymo Autonomous Vehicle ('Waymo AV') operating in San Francisco, California was in a collision involving an SUV on the 1000 block of [XXX]. 
The Waymo AV was stopped at a red traffic light on southbound [XXX] when a pedestrian entered the crosswalk. When the traffic light turned green, the Waymo AV remained stopped for a crossing pedestrian who had just reached the pedestrian island in the middle of the crosswalk. After a brief pause, the ADV started to proceed, when the SUV behind the Waymo AV then made contact with the rear of the Waymo AV. At the time of the impact, the Waymo AV's Level 4 ADS was engaged in autonomous mode, and a test driver was present (in the driver's seating position). Both vehicles sustained minor damage.
Transdev Alternative Services is reporting this crash under Request No. 1 of Standing General Order 2021-01 because a vehicle involved was towed away. Transdev may supplement or correct its reporting with additional information as it may become available. This report is a duplicate to WaymoLLC-2022031[XXX]-0 (rev.202204[XXX]165049).",
30531-2617,2,Transdev Alternative Services,10-Day Update,,,APR-2022,SADHW2S19M1, ,N/A,Jaguar,I-Pace, ,2021, ,d486f6b56e17cbc,10576, ,In-Vehicle (Commercial / Test),,Y, ,, , ,, , ,, , ,,, , ,,,"Unknown, see Narrative","Unknown, see Narrative",Waymo LLC., , , , ,Y, , , ,,APR-2022, ,APR-2022,02:27, ,a64835cbf9811d8,,Y,,Y,[MAY CONTAIN PERSONALLY IDENTIFIABLE INFORMATION], ,San Francisco, ,CA ,[MAY CONTAIN PERSONALLY IDENTIFIABLE INFORMATION], ,Intersection,Dry,No Unusual Conditions,30, ,Dark - Lighted,Y, , , , , , , ,,Passenger Car,No Injuries Reported,Yes,Making Right Turn,No,No, , , , , , ,Y, , , , ,Proceeding Straight,No,Yes,Yes,20, , , , , , ,Y, , , , , , , , , ,Y,Y, , ,No,, ,Yes,, ,, ,, ,Yes, ,"The content of this report is unchanged from the initial report submitted on April [XXX], 2022 [Report ID # 30531-2617-2]. 
On April [XXX], 2022 at 2:27 AM PST a Waymo Autonomous Vehicle ('Waymo AV') operating in San Francisco, California was in a collision involving a passenger vehicle on [XXX] at [XXX]. 
The Waymo AV was in autonomous mode and proceeding southbound on [XXX] in the rightmost lane, with a passenger vehicle traveling parallel in the left adjacent lane. As the two vehicles approached [XXX], the passenger vehicle cut into the Waymo's lane and braked before turning right on [XXX]. As the passenger vehicle executed the right turn, the Waymo AV test driver transitioned to manual mode, applied the brakes, but made contact with the passenger side rear corner of the passenger vehicle. At the time of the impact, the Waymo AV's Level 4 ADS was not engaged and a test driver was operating the Waymo AV in manual mode. The other party immediately left the scene of the event. The Waymo AV sustained minor damage.
Transdev Alternative Services is reporting this crash under Request No. 1 of Standing General Order 2021-01 because a vehicle involved was towed away. Transdev may supplement or correct its reporting with additional information as it may become available. This report is a duplicate to WaymoLLC-202204[XXX]-0 (rev.202204[XXX]155518).",
30433-2698,1,DiDi Labs,No New or Updated Incident Reports,4,2022,APR-2022,, ,,,, ,, , ,, ,,, , ,, , ,, , ,, , ,,, , ,,,,,, , , , , , , , ,,, ,,, , ,, ,, ,, ,, ,,, ,,,,, ,, , , , , , , , ,,,,,,,, , , , , , , , , , , ,,,,,, , , , , , , , , , , , , , , , , , ,, ,,, ,,, ,, ,, ,, ,,
13781-2697,1,"Tesla, Inc.",1-Day,,,APR-2022,5YJSA1E20HF, ,N/A,Tesla,Model S, ,2017, ,15ddfe7882d42af,46663, ,Consumer,"[REDACTED, MAY CONTAIN CONFIDENTIAL BUSINESS INFORMATION]", ,Y,, , ,, , ,, , ,,, , ,,,No,ADAS,, , ,Y, , , , , ,,APR-2022, ,APR-2022,03:35, ,643cdaea58dd796,[MAY CONTAIN PERSONALLY IDENTIFIABLE INFORMATION], ,[MAY CONTAIN PERSONALLY IDENTIFIABLE INFORMATION], ,[MAY CONTAIN PERSONALLY IDENTIFIABLE INFORMATION], ,Las Vegas, ,NV ,[MAY CONTAIN PERSONALLY IDENTIFIABLE INFORMATION], ,Highway / Freeway,Unknown,Unknown,,Y,Unknown, , , , , , ,Y, ,,Unknown,Unknown,Yes,Unknown,Unknown,Unknown, , , , , , , , , , ,Y,Unknown,Yes,Unknown,Unknown,,Y, , , , , , , , , , ,Y,Y, , , , , , , ,Unknown,,Y,Unknown,,Y,,Y,,Y,"[REDACTED, MAY CONTAIN CONFIDENTIAL BUSINESS INFORMATION]",Y,"[REDACTED, MAY CONTAIN CONFIDENTIAL BUSINESS INFORMATION]",Y
30414-2695,1,Easymile Inc.,No New or Updated Incident Reports,3,2022,APR-2022,, ,,,, ,, , ,, ,,, , ,, , ,, , ,, , ,,, , ,,,,,, , , , , , , , ,,, ,,, , ,, ,, ,, ,, ,,, ,,,,, ,, , , , , , , , ,,,,,,,, , , , , , , , , , , ,,,,,, , , , , , , , , , , , , , , , , , ,, ,,, ,,, ,, ,, ,, ,,
19901-2694,1,Valeo,No New or Updated Incident Reports,3,2022,APR-2022,, ,,,, ,, , ,, ,,, , ,, , ,, , ,, , ,,, , ,,,,,, , , , , , , , ,,, ,,, , ,, ,, ,, ,, ,,, ,,,,, ,, , , , , , , , ,,,,,,,, , , , , , , , , , , ,,,,,, , , , , , , , , , , , , , , , , , ,, ,,, ,,, ,, ,, ,, ,,
30330-2693,1,"TORC Robotics, Inc.",No New or Updated Incident Reports,4,2022,APR-2022,, ,,,, ,, , ,, ,,, , ,, , ,, , ,, , ,,, , ,,,,,, , , , , , , , ,,, ,,, , ,, ,, ,, ,, ,,, ,,,,, ,, , , , , , , , ,,,,,,,, , , , , , , , , , , ,,,,,, , , , , , , , , , , , , , , , , , ,, ,,, ,,, ,, ,, ,, ,,
30570-2689,1,QCraft.ai,No New or Updated Incident Reports,4,2022,APR-2022,, ,,,, ,, , ,, ,,, , ,, , ,, , ,, , ,,, , ,,,,,, , , , , , , , ,,, ,,, , ,, ,, ,, ,, ,,, ,,,,, ,, , , , , , , , ,,,,,,,, , , , , , , , , , , ,,,,,, , , , , , , , , , , , , , , , , , ,, ,,, ,,, ,, ,, ,, ,,
30550-2685,1,Intel Corporation,No New or Updated Incident Reports,3,2022,APR-2022,, ,,,, ,, , ,, ,,, , ,, , ,, , ,, , ,,, , ,,,,,, , , , , , , , ,,, ,,, , ,, ,, ,, ,, ,,, ,,,,, ,, , , , , , , , ,,,,,,,, , , , , , , , , , , ,,,,,, , , , , , , , , , , , , , , , , , ,, ,,, ,,, ,, ,, ,, ,,
30531-2672,1,Transdev Alternative Services,1-Day,,,APR-2022,SADHW2S14M1, ,N/A,Jaguar,I-Pace, ,2021, ,806445927154e05,17197, ,In-Vehicle (Commercial / Test),,Y, ,, , ,, , ,, , ,,, , ,,,"Unknown, see Narrative","Unknown, see Narrative",Waymo LLC., , , , ,Y, , , ,,APR-2022, ,APR-2022,18:29, ,b35fd97d24c2500,,Y,,Y,[MAY CONTAIN PERSONALLY IDENTIFIABLE INFORMATION], ,Phoenix, ,AZ ,[MAY CONTAIN PERSONALLY IDENTIFIABLE INFORMATION], ,Intersection,Dry,No Unusual Conditions,30, ,Daylight,Y, , , , , , , ,,Motorcycle,No Injuries Reported,Yes,Proceeding Straight,No,Unknown, , ,Y, , ,Y, , ,Y, , ,Making Right Turn,No,Yes,Yes,3, , , , ,Y, , , , , , , , ,Y, , ,Y,Y, , ,Yes,Phoenix Police Department, ,Yes,[MAY CONTAIN PERSONALLY IDENTIFIABLE INFORMATION], ,,Y,,Y,Yes, ,"On April [XXX], 2022 at 6:29 PM PST a Waymo Autonomous Vehicle ('Waymo AV') operating in Phoenix, Arizona was in a collision involving a motorcycle on [XXX] at [XXX]. 
The Waymo AV was preparing to make a right turn from southbound [XXX] onto westbound [XXX], when it slowed to yield to a pedestrian crossing [XXX]. As the Waymo AV yielded, a motorcycle directly behind the Waymo AV was rear-ended by a pick-up truck. The motorcycle was pushed forward and made contact with the rear of the Waymo AV. At the time of the impact, the Waymo AV's Level 4 ADS was engaged in autonomous mode, and a test driver was present (in the driver's seating position). The Waymo AV and the motorcycle sustained damage.
Transdev Alternative Services is reporting this crash under Request No. 1 of Standing General Order 2021-01 because a vehicle involved was towed away and a motorcycle was damaged. Transdev may supplement or correct its reporting with additional information as it may become available. This report is a duplicate to WaymoLLC-202204[XXX]-0 (rev.202204[XXX]154618).",
30352-2671,1,Embark Trucks,No New or Updated Incident Reports,3,2022,APR-2022,, ,,,, ,, , ,, ,,, , ,, , ,, , ,, , ,,, , ,,,,,, , , , , , , , ,,, ,,, , ,, ,, ,, ,, ,,, ,,,,, ,, , , , , , , , ,,,,,,,, , , , , , , , , , , ,,,,,, , , , , , , , , , , , , , , , , , ,, ,,, ,,, ,, ,, ,, ,,
29229-2670,1,"Lyft, Inc.",No New or Updated Incident Reports,3,2022,APR-2022,, ,,,, ,, , ,, ,,, , ,, , ,, , ,, , ,,, , ,,,,,, , , , , , , , ,,, ,,, , ,, ,, ,, ,, ,,, ,,,,, ,, , , , , , , , ,,,,,,,, , , , , , , , , , , ,,,,,, , , , , , , , , , , , , , , , , , ,, ,,, ,,, ,, ,, ,, ,,
13781-2669,1,"Tesla, Inc.",1-Day,,,APR-2022,5YJ3E1EC9LF, ,N/A,Tesla,Model 3, ,2020, ,2c41c96ddde7e27,66281, ,Consumer,"[REDACTED, MAY CONTAIN CONFIDENTIAL BUSINESS INFORMATION]", ,Y,, , ,, , ,, , ,,, , ,,,No,ADAS,, , ,Y, , , , , ,,APR-2022, ,APR-2022,04:13, ,b96b403bd32a227,[MAY CONTAIN PERSONALLY IDENTIFIABLE INFORMATION], ,[MAY CONTAIN PERSONALLY IDENTIFIABLE INFORMATION], ,[MAY CONTAIN PERSONALLY IDENTIFIABLE INFORMATION], ,Virginia Beach, ,VA ,[MAY CONTAIN PERSONALLY IDENTIFIABLE INFORMATION], ,Unknown,Unknown,Unknown,,Y,Unknown, , , , , , ,Y, ,,Unknown,Unknown,Yes,Unknown,Unknown,Unknown, , , , , , , , , , ,Y,Unknown,Yes,Unknown,Unknown,,Y, , , , , , , , , , ,Y,Y, , , , , , , ,Unknown,,Y,Unknown,,Y,,Y,,Y,"[REDACTED, MAY CONTAIN CONFIDENTIAL BUSINESS INFORMATION]",Y,"[REDACTED, MAY CONTAIN CONFIDENTIAL BUSINESS INFORMATION]",Y
13781-2668,1,"Tesla, Inc.",1-Day,,,APR-2022,5YJYGAEE0MF, ,N/A,Tesla,Model Y, ,2021, ,41d14434f5e0f06,32010, ,Consumer,"[REDACTED, MAY CONTAIN CONFIDENTIAL BUSINESS INFORMATION]", ,Y,, , ,, , ,, , ,,, , ,,,No,ADAS,, , ,Y, , , , , ,,APR-2022, ,APR-2022,21:21, ,a719e931e5590cf,[MAY CONTAIN PERSONALLY IDENTIFIABLE INFORMATION], ,[MAY CONTAIN PERSONALLY IDENTIFIABLE INFORMATION], ,[MAY CONTAIN PERSONALLY IDENTIFIABLE INFORMATION], ,San Antonio, ,TX ,[MAY CONTAIN PERSONALLY IDENTIFIABLE INFORMATION], ,Highway / Freeway,Unknown,Unknown,,Y,Unknown, , , , , , ,Y, ,,Unknown,Unknown,Yes,Unknown,Unknown,Unknown, , , , , , , , , , ,Y,Unknown,Yes,Unknown,Unknown,,Y, , , , , , , , , , ,Y,Y, , , , , , , ,Unknown,,Y,Unknown,,Y,,Y,,Y,"[REDACTED, MAY CONTAIN CONFIDENTIAL BUSINESS INFORMATION]",Y,"[REDACTED, MAY CONTAIN CONFIDENTIAL BUSINESS INFORMATION]",Y
13781-2667,1,"Tesla, Inc.",1-Day,,,APR-2022,5YJ3E1ECXLF, ,N/A,Tesla,Model 3, ,2020, ,da8f3e2d16e1bd8,37524, ,Consumer,"[REDACTED, MAY CONTAIN CONFIDENTIAL BUSINESS INFORMATION]", ,Y,, , ,, , ,, , ,,, , ,,,No,ADAS,, , ,Y, , , , , ,,APR-2022, ,APR-2022,08:39, ,23f0c50fde6993f,[MAY CONTAIN PERSONALLY IDENTIFIABLE INFORMATION], ,[MAY CONTAIN PERSONALLY IDENTIFIABLE INFORMATION], ,[MAY CONTAIN PERSONALLY IDENTIFIABLE INFORMATION], ,Sugar Land, ,TX ,[MAY CONTAIN PERSONALLY IDENTIFIABLE INFORMATION], ,Unknown,Unknown,Unknown,,Y,Unknown, , , , , , ,Y, ,,Unknown,Unknown,Yes,Unknown,Unknown,Unknown, , , , , , , , , , ,Y,Unknown,Yes,Unknown,Unknown,,Y, , , , , , , , , , ,Y,Y, , , , , , , ,Unknown,,Y,Unknown,,Y,,Y,,Y,"[REDACTED, MAY CONTAIN CONFIDENTIAL BUSINESS INFORMATION]",Y,"[REDACTED, MAY CONTAIN CONFIDENTIAL BUSINESS INFORMATION]",Y
30630-2665,1,Ambarella,No New or Updated Incident Reports,3,2022,APR-2022,, ,,,, ,, , ,, ,,, , ,, , ,, , ,, , ,,, , ,,,,,, , , , , , , , ,,, ,,, , ,, ,, ,, ,, ,,, ,,,,, ,, , , , , , , , ,,,,,,,, , , , , , , , , , , ,,,,,, , , , , , , , , , , , , , , , , , ,, ,,, ,,, ,, ,, ,, ,,
10039-2664,1,"BMW of North America, LLC",No New or Updated Incident Reports,4,2022,APR-2022,, ,,,, ,, , ,, ,,, , ,, , ,, , ,, , ,,, , ,,,,,, , , , , , , , ,,, ,,, , ,, ,, ,, ,, ,,, ,,,,, ,, , , , , , , , ,,,,,,,, , , , , , , , , , , ,,,,,, , , , , , , , , , , , , , , , , , ,, ,,, ,,, ,, ,, ,, ,,
988-2663,1,PACCAR Incorporated,No New or Updated Incident Reports,3,2022,APR-2022,, ,,,, ,, , ,, ,,, , ,, , ,, , ,, , ,,, , ,,,,,, , , , , , , , ,,, ,,, , ,, ,, ,, ,, ,,, ,,,,, ,, , , , , , , , ,,,,,,,, , , , , , , , , , , ,,,,,, , , , , , , , , , , , , , , , , , ,, ,,, ,,, ,, ,, ,, ,,
30450-2662,1,Ghost Locomotion Inc.,No New or Updated Incident Reports,4,2022,APR-2022,, ,,,, ,, , ,, ,,, , ,, , ,, , ,, , ,,, , ,,,,,, , , , , , , , ,,, ,,, , ,, ,, ,, ,, ,,, ,,,,, ,, , , , , , , , ,,,,,,,, , , , , , , , , , , ,,,,,, , , , , , , , , , , , , , , , , , ,, ,,, ,,, ,, ,, ,, ,,
30432-2660,1,Apex.AI Inc.,No New or Updated Incident Reports,4,2022,APR-2022,, ,,,, ,, , ,, ,,, , ,, , ,, , ,, , ,,, , ,,,,,, , , , , , , , ,,, ,,, , ,, ,, ,, ,, ,,, ,,,,, ,, , , , , , , , ,,,,,,,, , , , , , , , , , , ,,,,,, , , , , , , , , , , , , , , , , , ,, ,,, ,,, ,, ,, ,, ,,
31099-2658,1,"Telenav, Inc.",No New or Updated Incident Reports,4,2022,APR-2022,, ,,,, ,, , ,, ,,, , ,, , ,, , ,, , ,,, , ,,,,,, , , , , , , , ,,, ,,, , ,, ,, ,, ,, ,,, ,,,,, ,, , , , , , , , ,,,,,,,, , , , , , , , , , , ,,,,,, , , , , , , , , , , , , , , , , , ,, ,,, ,,, ,, ,, ,, ,,