Report ID,Report Version,Reporting Entity,Report Type,Report Month,Report Year,Report Submission Date,VIN,VIN - Unknown,Serial Number,Make,Model,Model - Unknown,Model Year,Model Year - Unknown,Same Vehicle ID,Mileage,Mileage - Unknown,Driver / Operator Type,ADAS/ADS System Version,ADAS/ADS System Version - Unk,ADAS/ADS System Version CBI,ADAS/ADS Hardware Version,ADAS/ADS Hardware Version - Unk,ADAS/ADS Hardware Version CBI,ADAS/ADS Software Version,ADAS/ADS Software Version - Unk,ADAS/ADS Software Version CBI,Other Reporting Entities?,Other Reporting Entities? - Unk,Other Reporting Entities? - NA,Federal Regulatory Exemption?,Other Federal Reg. Exemption,Federal Reg. Exemption - Unk,Federal Reg. Exemption - No,State or Local Permit?,State or Local Permit,ADS Equipped?,Automation System Engaged?,Operating Entity,Operating Entity - Unknown,Source - Complaint/Claim,Source - Telematics,Source - Law Enforcement,Source - Field Report,Source - Testing,Source - Media,Source - Other,Source - Other Text,Incident Date,Incident Date - Unknown,Notice Received Date,Incident Time (24:00),Incident Time - Unknown,Same Incident ID,Latitude,Latitude - Unknown,Longitude,Longitude - Unknown,Address,Address - Unknown,City,City - Unknown,State,Zip Code,Zip Code - Unknown,Roadway Type,Roadway Surface,Roadway Description,Posted Speed Limit (MPH),Posted Speed Limit - Unknown,Lighting,Weather - Clear,Weather - Snow,Weather - Cloudy,Weather - Fog/Smoke,Weather - Rain,Weather - Severe Wind,Weather - Unknown,Weather - Other,Weather - Other Text,Crash With,Highest Injury Severity Alleged,Property Damage?,CP Pre-Crash Movement,CP Any Air Bags Deployed?,CP Was Vehicle Towed?,CP Contact Area - Rear Left,CP Contact Area - Left,CP Contact Area - Front Left,CP Contact Area - Rear,CP Contact Area - Top,CP Contact Area - Front,CP Contact Area - Rear Right,CP Contact Area - Right,CP Contact Area - Front Right,CP Contact Area - Bottom,CP Contact Area - Unknown,SV Pre-Crash Movement,SV Any Air Bags Deployed?,SV Was Vehicle Towed?,SV Were All Passengers Belted?,SV Precrash Speed (MPH),SV Pre-crash Speed - Unknown,SV Contact Area - Rear Left,SV Contact Area - Left,SV Contact Area - Front Left,SV Contact Area - Rear,SV Contact Area - Top,SV Contact Area - Front,SV Contact Area - Rear Right,SV Contact Area - Right,SV Contact Area - Front Right,SV Contact Area - Bottom,SV Contact Area - Unknown,Data Availability - EDR,Data Availability - Police Rpt,Data Availability - Telematics,Data Availability - Complaints,Data Availability - Video,Data Availability - Other,Data Availability - No Data,Data Availability - Unknown,Law Enforcement Investigating?,Investigating Agency,Investigating Agency - Unknown,Rep Ent Or Mfr Investigating?,Investigating Officer Name,Inv. Officer Name - Unknown,Investigating Officer Phone,Inv. Officer Phone - Unknown,Investigating Officer Email,Inv. Officer Email - Unknown,Within ODD?,Within ODD? - CBI,Narrative,Narrative - CBI?
30270-2605,1,Waymo LLC,1-Day,,,MAR-2022,SADHW2S1XM1, ,N/A,Jaguar,I-Pace, ,2021, ,3f5f631b7210b62,25407, ,In-Vehicle (Commercial / Test),5th Generation ADS, , ,, , ,, , ,, , ,,, , ,,,Yes,ADS,Waymo LLC, , ,Y, , , , , ,,MAR-2022, ,MAR-2022,01:16, ,ef4200310e24064,[MAY CONTAIN PERSONALLY IDENTIFIABLE INFORMATION], ,[MAY CONTAIN PERSONALLY IDENTIFIABLE INFORMATION], ,[MAY CONTAIN PERSONALLY IDENTIFIABLE INFORMATION], ,San Francisco, ,CA ,[MAY CONTAIN PERSONALLY IDENTIFIABLE INFORMATION], ,Intersection,Dry,No Unusual Conditions,30, ,Dark - Lighted, , , , , , ,Y, ,,SUV,No Injuries Reported,Yes,Proceeding Straight,Unknown,No, , ,Y, , ,Y, , ,Y, , ,Proceeding Straight,No,Yes,Yes,9, ,Y, , ,Y, , ,Y, , , , , , ,Y, ,Y,Y, , ,No,, ,Yes,, ,, ,, ,Yes, ,"On March [XXX], 2022 at 1:16 AM PST a Waymo Autonomous Vehicle ('Waymo AV') operating in San Francisco, California was in a collision involving a SUV on [XXX] and [XXX].
The Waymo AV was slowing for a stop sign while traveling westbound on [XXX] in autonomous mode. An SUV approached from behind and made contact with the rear of the Waymo AV. The other party immediately left the scene of the event. At the time of the impact, the Waymo AV's Level 4 ADS was engaged in autonomous mode, and a test driver was present (in the driver's seating position). Both vehicles sustained moderate damage.
Waymo is reporting this crash under Request No. 1 of Standing General Order 2021-01 because a vehicle involved was towed away. Waymo's initial internal report mistakenly indicated that this event occurred in manual mode but a routine review of collision data revealed that the ADS was engaged. Waymo immediately submitted this report the same day this was discovered. Waymo may supplement or correct its reporting with additional information as it may become available.",
502-2582,1,Ford Motor Company,1-Day,,,MAR-2022,1FMCU0DZ8LU, ,N/A,Ford,Escape, ,2020, ,5954abcabbc11f0,10449, ,Consumer,"[REDACTED, MAY CONTAIN CONFIDENTIAL BUSINESS INFORMATION]", ,Y,, , ,, , ,, , ,,, , ,,,No,ADAS,, ,Y, , , , , , ,,JAN-2022, ,MAR-2022,10:21, ,2f2a84cb87197db,[MAY CONTAIN PERSONALLY IDENTIFIABLE INFORMATION], ,[MAY CONTAIN PERSONALLY IDENTIFIABLE INFORMATION], ,[MAY CONTAIN PERSONALLY IDENTIFIABLE INFORMATION], ,Paradise Valley, ,AZ ,,Y,Intersection,Dry,No Unusual Conditions,45, ,Daylight,Y, , , , , , , ,,Passenger Car,Minor,Yes,Proceeding Straight,No,No, , ,Y, , ,Y, , , , , ,Making Right Turn,No,Yes,Unknown,,Y, , ,Y, , ,Y, ,Y, , , , ,Y, ,Y, , , , ,Yes,Peoria PD, ,Yes,[MAY CONTAIN PERSONALLY IDENTIFIABLE INFORMATION], ,,Y,,Y,"[REDACTED, MAY CONTAIN CONFIDENTIAL BUSINESS INFORMATION]",Y,"[REDACTED, MAY CONTAIN CONFIDENTIAL BUSINESS INFORMATION]",Y
13781-2603,1,"Tesla, Inc.",1-Day,,,MAR-2022,5YJYGDEEXMF, ,N/A,Tesla,Model Y, ,2021, ,3225d3776bec2d1,34447, ,Consumer,"[REDACTED, MAY CONTAIN CONFIDENTIAL BUSINESS INFORMATION]", ,Y,, , ,, , ,, , ,,, , ,,,No,ADAS,, , ,Y, , , , , ,,MAR-2022, ,MAR-2022,23:57, ,564fdac381965d4,[MAY CONTAIN PERSONALLY IDENTIFIABLE INFORMATION], ,[MAY CONTAIN PERSONALLY IDENTIFIABLE INFORMATION], ,[MAY CONTAIN PERSONALLY IDENTIFIABLE INFORMATION], ,Concord, ,NC ,[MAY CONTAIN PERSONALLY IDENTIFIABLE INFORMATION], ,Highway / Freeway,Unknown,Unknown,,Y,Unknown, , , , , , ,Y, ,,Unknown,Unknown,Unknown,Unknown,Unknown,Unknown, , , , , , , , , , ,Y,Unknown,Yes,Unknown,Unknown,,Y, , , , , , , , , , ,Y,Y, , , , , , , ,Unknown,,Y,Unknown,,Y,,Y,,Y,"[REDACTED, MAY CONTAIN CONFIDENTIAL BUSINESS INFORMATION]",Y,"[REDACTED, MAY CONTAIN CONFIDENTIAL BUSINESS INFORMATION]",Y
13781-2602,1,"Tesla, Inc.",1-Day,,,MAR-2022,5YJYGAEE9MF, ,N/A,Tesla,Model Y, ,2021, ,d0326588a1a21ad,26426, ,Consumer,"[REDACTED, MAY CONTAIN CONFIDENTIAL BUSINESS INFORMATION]", ,Y,, , ,, , ,, , ,,, , ,,,No,ADAS,, , ,Y, , , , , ,,MAR-2022, ,MAR-2022,07:07, ,fedae81e127458a,[MAY CONTAIN PERSONALLY IDENTIFIABLE INFORMATION], ,[MAY CONTAIN PERSONALLY IDENTIFIABLE INFORMATION], ,[MAY CONTAIN PERSONALLY IDENTIFIABLE INFORMATION], ,Fontana, ,CA ,[MAY CONTAIN PERSONALLY IDENTIFIABLE INFORMATION], ,Highway / Freeway,Unknown,Unknown,,Y,Unknown, , , , , , ,Y, ,,Unknown,Unknown,Unknown,Unknown,Unknown,Unknown, , , , , , , , , , ,Y,Unknown,Yes,Unknown,Unknown,,Y, , , , , , , , , , ,Y,Y, , , , , , , ,Unknown,,Y,Unknown,,Y,,Y,,Y,"[REDACTED, MAY CONTAIN CONFIDENTIAL BUSINESS INFORMATION]",Y,"[REDACTED, MAY CONTAIN CONFIDENTIAL BUSINESS INFORMATION]",Y
13781-2601,1,"Tesla, Inc.",1-Day,,,MAR-2022,5YJYGDEE1MF, ,N/A,Tesla,Model Y, ,2021, ,513ab65ec4d1913,7169, ,Consumer,"[REDACTED, MAY CONTAIN CONFIDENTIAL BUSINESS INFORMATION]", ,Y,, , ,, , ,, , ,,, , ,,,No,ADAS,, , ,Y, , , , , ,,MAR-2022, ,MAR-2022,16:55, ,d0d430d61079055,[MAY CONTAIN PERSONALLY IDENTIFIABLE INFORMATION], ,[MAY CONTAIN PERSONALLY IDENTIFIABLE INFORMATION], ,[MAY CONTAIN PERSONALLY IDENTIFIABLE INFORMATION], ,Pasadena, ,CA ,[MAY CONTAIN PERSONALLY IDENTIFIABLE INFORMATION], ,Highway / Freeway,Unknown,Unknown,,Y,Unknown, , , , , , ,Y, ,,Unknown,Unknown,Unknown,Unknown,Unknown,Unknown, , , , , , , , , , ,Y,Unknown,Yes,Unknown,Unknown,,Y, , , , , , , , , , ,Y,Y, , , , , , , ,Unknown,,Y,Unknown,,Y,,Y,,Y,"[REDACTED, MAY CONTAIN CONFIDENTIAL BUSINESS INFORMATION]",Y,"[REDACTED, MAY CONTAIN CONFIDENTIAL BUSINESS INFORMATION]",Y
13781-2600,1,"Tesla, Inc.",1-Day,,,MAR-2022,5YJYGDEE4MF, ,N/A,Tesla,Model Y, ,2021, ,965b4c0feecf32f,51967, ,Consumer,"[REDACTED, MAY CONTAIN CONFIDENTIAL BUSINESS INFORMATION]", ,Y,, , ,, , ,, , ,,, , ,,,No,"Unknown, see Narrative",, , , , , , ,Y, ,,MAR-2022, ,MAR-2022,22:23, ,026455ffa911355,,Y,,Y,[MAY CONTAIN PERSONALLY IDENTIFIABLE INFORMATION], ,Castro Valley, ,CA ,[MAY CONTAIN PERSONALLY IDENTIFIABLE INFORMATION], ,Highway / Freeway,Unknown,Unknown,,Y,Unknown, , , , , , ,Y, ,,Unknown,Fatality,Yes,Unknown,Unknown,Unknown, , , , , , , , , , ,Y,Unknown,Unknown,Unknown,Unknown,,Y, , , , , , , , , , ,Y,Y, , , , , , , ,Unknown,,Y,Unknown,,Y,,Y,,Y,"[REDACTED, MAY CONTAIN CONFIDENTIAL BUSINESS INFORMATION]",Y,"[REDACTED, MAY CONTAIN CONFIDENTIAL BUSINESS INFORMATION]",Y
30510-2599,1,"Cyngn, Inc",No New or Updated Incident Reports,2,2022,MAR-2022,, ,,,, ,, , ,, ,,, , ,, , ,, , ,, , ,,, , ,,,,,, , , , , , , , ,,, ,,, , ,, ,, ,, ,, ,,, ,,,,, ,, , , , , , , , ,,,,,,,, , , , , , , , , , , ,,,,,, , , , , , , , , , , , , , , , , , ,, ,,, ,,, ,, ,, ,, ,,
13781-2580,2,"Tesla, Inc.",10-Day Update,,,MAR-2022,5YJ3E1EA3MF, ,N/A,Tesla,Model 3, ,2021, ,01683a58743c555,6988, ,Consumer,"[REDACTED, MAY CONTAIN CONFIDENTIAL BUSINESS INFORMATION]", ,Y,, , ,, , ,, , ,,, , ,,,No,ADAS,, , ,Y, , , , , ,,MAR-2022, ,MAR-2022,02:03, ,9675bc88b538997,[MAY CONTAIN PERSONALLY IDENTIFIABLE INFORMATION], ,[MAY CONTAIN PERSONALLY IDENTIFIABLE INFORMATION], ,[MAY CONTAIN PERSONALLY IDENTIFIABLE INFORMATION], ,Fremont, ,CA ,[MAY CONTAIN PERSONALLY IDENTIFIABLE INFORMATION], ,Highway / Freeway,Dry,"Other, see Narrative",65, ,Daylight,Y, , , , , , , ,,Passenger Car,Unknown,Yes,Proceeding Straight,Unknown,Unknown, , , , , ,Y, , , , , ,Proceeding Straight,No,Yes,Unknown,20, , , , ,Y, , , , , , , ,Y, ,Y, ,Y,Y, , ,Unknown,,Y,Unknown,,Y,,Y,,Y,"[REDACTED, MAY CONTAIN CONFIDENTIAL BUSINESS INFORMATION]",Y,"[REDACTED, MAY CONTAIN CONFIDENTIAL BUSINESS INFORMATION]",Y
30531-2595,1,Transdev Alternative Services,1-Day,,,MAR-2022,SADHW2S19M1, ,N/A,Jaguar,I-Pace, ,2021, ,720a2c8a04ccf0d,13088, ,In-Vehicle (Commercial / Test),,Y, ,, , ,, , ,, , ,,, , ,,,"Unknown, see Narrative","Unknown, see Narrative",Waymo LLC., , , , ,Y, , , ,,MAR-2022, ,MAR-2022,14:57, ,078bbba609474d8,,Y,,Y,[MAY CONTAIN PERSONALLY IDENTIFIABLE INFORMATION], ,Phoenix, ,AZ ,[MAY CONTAIN PERSONALLY IDENTIFIABLE INFORMATION], ,Intersection,Dry,No Unusual Conditions,25, ,Daylight, , ,Y, , , , , ,,Passenger Car,Unknown,Yes,Proceeding Straight,Yes,Yes, , ,Y, , ,Y, , ,Y, , ,Stopped,No,Yes,Yes,0, , , ,Y, , ,Y, , , , , , , , , ,Y,Y, , ,Yes,Pheonix Police Department, ,Yes,[MAY CONTAIN PERSONALLY IDENTIFIABLE INFORMATION], ,,Y,,Y,Yes, ,"On March [XXX], 2022 at 15:14 PM PST a Waymo Autonomous Vehicle ('Waymo AV') operating in Phoenix, Airozna was in a collision involving a passenger car on [XXX] at [XXX]. 
At the time of the impact, the Waymo AV's Level 4 ADS was not engaged and a test driver was operating the Waymo AV in manual mode.  The Waymo AV was stationary at a 4-way stop sign intersection when an oncoming car departed from its lane and struck the Waymo AV.  Both vehicles sustained damage in the front of the vehicle. 
Transdev Alternative Services is reporting this crash under Request No. 1 of Standing General Order 2021-01 because a vehicle involved was towed away and a vehicle's airbag(s) deployed. Transdev may supplement or correct its reporting with additional information as it may become available. This repot is a duplicate to WaymoLLC-202203[XXX]-0 (rev.202203[XXX]213142).",
540-2594,1,"General Motors, LLC",1-Day,,,MAR-2022,5G21A6P06L4, ,N/A,Cruise,AV, ,2020, ,cb78e142f7d9e1d,39342, ,Remote (Commercial / Test),,Y, ,, , ,, , ,, , ,,, , ,,,Yes,ADS,Cruise LLC, , ,Y, , , , , ,,MAR-2022, ,MAR-2022,02:07, ,b6c5a51fe02a6c7,[MAY CONTAIN PERSONALLY IDENTIFIABLE INFORMATION], ,[MAY CONTAIN PERSONALLY IDENTIFIABLE INFORMATION], ,[MAY CONTAIN PERSONALLY IDENTIFIABLE INFORMATION], ,San Francisco, ,CA ,[MAY CONTAIN PERSONALLY IDENTIFIABLE INFORMATION], ,Street,Dry,No Unusual Conditions,25, ,Dark - Lighted,Y, , , , , , , ,,Pickup Truck,No Injuries Reported,Yes,Backing,No,No, , , ,Y, , , , , , , ,Stopped,No,Yes,No Passengers in Vehicle,0, , , , , , ,Y, , , , , ,Y, ,Y, ,Y,Y, , ,Unknown,,Y,Yes,,Y,,Y,,Y,"Unknown, see Narrative", ,"On March [XXX], GM Cruise Holdings LLC (""Cruise"") filed an Incident Report (the ""Report"") under the Standing General Order 2021-01 dated June 29, 2021 (the ""Order""). General Motors LLC (""GM"") manufactured the Cruise-operated motor vehicle involved in the incident summarized in the Incident Report. Because GM is also a Reporting Entity under the Order, GM is submitting a duplicate of the redacted public copy of the Report. GM has selected ""Unknown"" in the ""ADS version"" and ""ODD time"" fields solely to avoid a second submission of nonpublic Cruise CBI; GM is in possession of Cruise's responses to these fields, and incorporates Cruise's responses into this submission by reference. GM's submission is based on facts supplied to GM by Cruise. GM has not investigated the alleged incident and currently believes, based on a reasonable inquiry, that it has no independent knowledge of the facts in the Report. (Reference file: (30412-2593-1).",
30412-2593,1,Cruise LLC,1-Day,,,MAR-2022,5G21A6P06L4, ,N/A,Cruise,AV, ,2020, ,cb78e142f7d9e1d,39342, ,Remote (Commercial / Test),"[REDACTED, MAY CONTAIN CONFIDENTIAL BUSINESS INFORMATION]", ,Y,, , ,, , ,, , ,,, , ,,,Yes,ADS,Cruise LLC, , ,Y, , , , , ,,MAR-2022, ,MAR-2022,02:07, ,b6c5a51fe02a6c7,[MAY CONTAIN PERSONALLY IDENTIFIABLE INFORMATION], ,[MAY CONTAIN PERSONALLY IDENTIFIABLE INFORMATION], ,[MAY CONTAIN PERSONALLY IDENTIFIABLE INFORMATION], ,San Francisco, ,CA ,[MAY CONTAIN PERSONALLY IDENTIFIABLE INFORMATION], ,Street,Dry,No Unusual Conditions,25, ,Dark - Lighted,Y, , , , , , , ,,Pickup Truck,No Injuries Reported,Yes,Backing,No,No, , , ,Y, , , , , , , ,Stopped,No,Yes,No Passengers in Vehicle,0, , , , , , ,Y, , , , , ,Y, ,Y, ,Y,Y, , ,Unknown,,Y,Yes,,Y,,Y,,Y,"[REDACTED, MAY CONTAIN CONFIDENTIAL BUSINESS INFORMATION]",Y,"A Cruise autonomous vehicle (""Cruise AV""), operating in driverless autonomous mode, was traveling eastbound on [XXX] between [XXX] and [XXX]. The Cruise AV approached a pickup truck that was reversing on eastbound [XXX] and the Cruise AV stopped as the pickup truck continued to reverse. The pickup truck continued to reverse and made contact with the Cruise AV, damaging the front bumper of the Cruise AV. There were no injuries and the Cruise AV was towed from the incident. [REDACTED CONFIDENTIAL BUSINESS INFORMATION]",Y
13781-2592,1,"Tesla, Inc.",1-Day,,,MAR-2022,5YJ3E1EA9JF, ,N/A,Tesla,Model 3, ,2018, ,895fca8808f587f,44485, ,Consumer,"[REDACTED, MAY CONTAIN CONFIDENTIAL BUSINESS INFORMATION]", ,Y,, , ,, , ,, , ,,, , ,,,No,"Unknown, see Narrative",, ,Y, , , , , , ,,NOV-2021, ,MAR-2022,,Y,9f55185451c241e,[MAY CONTAIN PERSONALLY IDENTIFIABLE INFORMATION], ,[MAY CONTAIN PERSONALLY IDENTIFIABLE INFORMATION], ,[MAY CONTAIN PERSONALLY IDENTIFIABLE INFORMATION], ,Tustin, ,CA ,[MAY CONTAIN PERSONALLY IDENTIFIABLE INFORMATION], ,Highway / Freeway,Unknown,Unknown,,Y,Unknown, , , , , , ,Y, ,,Unknown,No Injuries Reported,Yes,Unknown,Unknown,Unknown, , , , , , , , , , ,Y,Unknown,Yes,Unknown,Unknown,41, , , , , , , , , , , ,Y,Y, , , , , , , ,Unknown,,Y,Unknown,,Y,,Y,,Y,"[REDACTED, MAY CONTAIN CONFIDENTIAL BUSINESS INFORMATION]",Y,"[REDACTED, MAY CONTAIN CONFIDENTIAL BUSINESS INFORMATION]",Y
30270-2591,1,Waymo LLC,1-Day,,,MAR-2022,SADHW2S19M1, ,N/A,Jaguar,I-Pace, ,2021, ,720a2c8a04ccf0d,13088, ,In-Vehicle (Commercial / Test),5th Generation ADS, , ,, , ,, , ,, , ,,, , ,,,Yes,ADS,WAYMO LLC, , ,Y, , , , , ,,MAR-2022, ,MAR-2022,14:57, ,078bbba609474d8,[MAY CONTAIN PERSONALLY IDENTIFIABLE INFORMATION], ,[MAY CONTAIN PERSONALLY IDENTIFIABLE INFORMATION], ,[MAY CONTAIN PERSONALLY IDENTIFIABLE INFORMATION], ,Phoenix, ,AZ ,[MAY CONTAIN PERSONALLY IDENTIFIABLE INFORMATION], ,Intersection,Dry,No Unusual Conditions,25, ,Daylight, , ,Y, , , , , ,,Passenger Car,Unknown,Yes,Proceeding Straight,Yes,Yes, , ,Y, , ,Y, , ,Y, , ,Stopped,No,Yes,Yes,0, , , ,Y, , ,Y, , , , , , , ,Y, ,Y,Y, , ,Yes,Phoenix Police Department, ,Yes,[MAY CONTAIN PERSONALLY IDENTIFIABLE INFORMATION], ,,Y,,Y,Yes, ,"On March [XXX], 2022 at 15:14 PM PST a Waymo Autonomous Vehicle ('Waymo AV') operating in Phoenix, Arizona was in a collision involving a passenger car on [XXX] at [XXX]. 
At the time of the impact, the Waymo AV's Level 4 ADS was not engaged and a test driver was operating the Waymo AV in manual mode.  The Waymo AV was stationary at a 4-way stop sign intersection when an oncoming car departed from its lane and struck the Waymo AV.  Both vehicles sustained damage in the front of the vehicle. 
Waymo is reporting this crash under Request No. 1 of Standing General Order 2021-01 because a vehicle involved was towed away and a vehicle's airbag(s) deployed. Waymo may supplement or correct its reporting with additional information as it may become available. This report was submitted from the Pacific time zone on the required date.",
540-2590,1,"General Motors, LLC",1-Day,,,MAR-2022,5G21A6P06N4, ,N/A,Cruise,AV, ,2022, ,a3dbf2235f1daf1,10025, ,In-Vehicle and Remote (Commercial / Test),,Y, ,, , ,, , ,, , ,,, , ,,,Yes,ADS,Cruise LLC, , , , ,Y,Y, , ,,MAR-2022, ,MAR-2022,13:24, ,71233f2d25b765e,[MAY CONTAIN PERSONALLY IDENTIFIABLE INFORMATION], ,[MAY CONTAIN PERSONALLY IDENTIFIABLE INFORMATION], ,[MAY CONTAIN PERSONALLY IDENTIFIABLE INFORMATION], ,San Francisco, ,CA ,[MAY CONTAIN PERSONALLY IDENTIFIABLE INFORMATION], ,Street,Dry,No Unusual Conditions,30, ,Daylight, , ,Y, , , , , ,,Non-Motorist: Cyclist,Serious,Unknown,Proceeding Straight,,, , , , , , , , , , , ,Proceeding Straight,No,No,Yes,4, , , , ,Y, , , , , , , ,Y,Y,Y, ,Y,Y, , ,Yes,San Francisco Police Department, ,Yes,[MAY CONTAIN PERSONALLY IDENTIFIABLE INFORMATION], ,[MAY CONTAIN PERSONALLY IDENTIFIABLE INFORMATION], ,,Y,"Unknown, see Narrative", ,"On March [XXX], 2022, GM Cruise Holdings LLC (""Cruise"") filed an Incident Report (the ""Report"") under the Standing General Order 2021-01 dated June 29, 2021 (the ""Order""). General Motors LLC (""GM"") manufactured the Cruise-operated motor vehicle involved in the incident summarized in the Incident Report. Because GM is also a Reporting Entity under the Order, GM is submitting a duplicate of the redacted public copy of the Report. GM has selected ""Unknown"" in the ""ADS version"" and ""ODD time"" fields solely to avoid a second submission of nonpublic Cruise CBI; GM is in possession of Cruise's responses to these fields, and incorporates Cruise's responses into this submission by reference. GM's submission is based on facts supplied to GM by Cruise. GM has not investigated the alleged incident and currently believes, based on a reasonable inquiry, that it has no independent knowledge of the facts in the Report.? (Reference file: 30412-2588-1).",
30412-2588,1,Cruise LLC,1-Day,,,MAR-2022,5G21A6P06N4, ,N/A,Cruise,AV, ,2022, ,a3dbf2235f1daf1,10025, ,In-Vehicle and Remote (Commercial / Test),"[REDACTED, MAY CONTAIN CONFIDENTIAL BUSINESS INFORMATION]", ,Y,, , ,, , ,, , ,,, , ,,,Yes,ADS,Cruise LLC, , , , ,Y,Y, , ,,MAR-2022, ,MAR-2022,13:24, ,71233f2d25b765e,[MAY CONTAIN PERSONALLY IDENTIFIABLE INFORMATION], ,[MAY CONTAIN PERSONALLY IDENTIFIABLE INFORMATION], ,[MAY CONTAIN PERSONALLY IDENTIFIABLE INFORMATION], ,San Francisco, ,CA ,[MAY CONTAIN PERSONALLY IDENTIFIABLE INFORMATION], ,Street,Dry,No Unusual Conditions,30, ,Daylight, , ,Y, , , , , ,,Non-Motorist: Cyclist,Serious,Unknown,Proceeding Straight,,, , , , , , , , , , , ,Proceeding Straight,No,No,Yes,4, , , , ,Y, , , , , , , ,Y,Y,Y, ,Y,Y, , ,Yes,San Francisco Police Department, ,Yes,[MAY CONTAIN PERSONALLY IDENTIFIABLE INFORMATION], ,[MAY CONTAIN PERSONALLY IDENTIFIABLE INFORMATION], ,,Y,"[REDACTED, MAY CONTAIN CONFIDENTIAL BUSINESS INFORMATION]",Y,"A Cruise autonomous vehicle (""Cruise AV""), operating in supervised autonomous mode, was traveling southbound on Point [XXX] between [XXX] and [XXX]. The Cruise AV was traveling downhill when a cyclist approached the Cruise AV from behind. The Cruise AV began to brake, and shortly thereafter, the cyclist made contact with the rear window of the Cruise AV. The cyclist fell to the ground and sustained injuries. Police and Emergency Medical Services (EMS) were called. The cyclist was transferred from the scene via EMS. The impact caused damage to the rear passenger side of the bumper, rear hatch, and rear window of the Cruise AV. [REDACTED CONFIDENTIAL BUSINESS INFORMATION]",Y
30610-2584,1,"Zoox, Inc.",1-Day,,,MAR-2022,5TDDCRFH5GS, ,N/A,Toyota,Highlander, ,2016, ,1ccf97db22289e8,72592, ,In-Vehicle (Commercial / Test),62.22.03.22, , ,, , ,, , ,, , ,,, , ,,,Yes,ADS,Zoox, , , , , ,Y, , ,,MAR-2022, ,MAR-2022,15:00, ,50de63f80743bbd,[MAY CONTAIN PERSONALLY IDENTIFIABLE INFORMATION], ,[MAY CONTAIN PERSONALLY IDENTIFIABLE INFORMATION], ,[MAY CONTAIN PERSONALLY IDENTIFIABLE INFORMATION], ,San Francisco, ,CA ,[MAY CONTAIN PERSONALLY IDENTIFIABLE INFORMATION], ,Intersection,Dry,No Unusual Conditions,15, ,Daylight,Y, , , , , , , ,,Non-Motorist: Other,Minor,Unknown,Proceeding Straight,,, , , , , , , , , , , ,Proceeding Straight,No,No,Yes,2, , , , , , , ,Y, , , , ,Y, ,Y, ,Y, , , ,No,, ,No,, ,, ,, ,Yes, ,"A Zoox vehicle in manual mode was proceeding with the right of way through a four-way stop, when a person operating an electric scooter failed to stop at the stop sign and proceeded into the intersection from the right and made contact with the rear corner of the Zoox vehicle at low speed. Police were not called. The Zoox vehicle was in autonomy in the 30 second period prior to contact.",
502-2581,1,Ford Motor Company,1-Day,,,MAR-2022,1FTEW1EP1MF, ,[MAY CONTAIN PERSONALLY IDENTIFIABLE INFORMATION],Ford,F150, ,2021, ,de167202f6f70d6,3800, ,Consumer,"[REDACTED, MAY CONTAIN CONFIDENTIAL BUSINESS INFORMATION]", ,Y,, , ,, , ,, , ,,, , ,,,No,ADAS,, ,Y, , , , , , ,,NOV-2021, ,MAR-2022,,Y,ddfa237edc9bb3b,,Y,,Y,,Y,Airmont, ,NY ,,Y,Unknown,Unknown,Unknown,,Y,Unknown, , , , , , ,Y, ,,Pole / Tree,Serious,Unknown,,,, , , , , , , , , , , ,Unknown,Yes,Unknown,Unknown,,Y, , , , , , , , , , ,Y, ,Y, , , , , , ,Yes,Ramapo Police Department in Rockland County, ,Yes,,Y,,Y,,Y,"[REDACTED, MAY CONTAIN CONFIDENTIAL BUSINESS INFORMATION]",Y,"[REDACTED, MAY CONTAIN CONFIDENTIAL BUSINESS INFORMATION]",Y