Report ID,Report Version,Reporting Entity,Report Type,Report Month,Report Year,Report Submission Date,VIN,VIN - Unknown,Serial Number,Make,Model,Model - Unknown,Model Year,Model Year - Unknown,Same Vehicle ID,Mileage,Mileage - Unknown,Driver / Operator Type,ADAS/ADS System Version,ADAS/ADS System Version - Unk,ADAS/ADS System Version CBI,ADAS/ADS Hardware Version,ADAS/ADS Hardware Version - Unk,ADAS/ADS Hardware Version CBI,ADAS/ADS Software Version,ADAS/ADS Software Version - Unk,ADAS/ADS Software Version CBI,Other Reporting Entities?,Other Reporting Entities? - Unk,Other Reporting Entities? - NA,Federal Regulatory Exemption?,Other Federal Reg. Exemption,Federal Reg. Exemption - Unk,Federal Reg. Exemption - No,State or Local Permit?,State or Local Permit,ADS Equipped?,Automation System Engaged?,Operating Entity,Operating Entity - Unknown,Source - Complaint/Claim,Source - Telematics,Source - Law Enforcement,Source - Field Report,Source - Testing,Source - Media,Source - Other,Source - Other Text,Incident Date,Incident Date - Unknown,Notice Received Date,Incident Time (24:00),Incident Time - Unknown,Same Incident ID,Latitude,Latitude - Unknown,Longitude,Longitude - Unknown,Address,Address - Unknown,City,City - Unknown,State,Zip Code,Zip Code - Unknown,Roadway Type,Roadway Surface,Roadway Description,Posted Speed Limit (MPH),Posted Speed Limit - Unknown,Lighting,Weather - Clear,Weather - Snow,Weather - Cloudy,Weather - Fog/Smoke,Weather - Rain,Weather - Severe Wind,Weather - Unknown,Weather - Other,Weather - Other Text,Crash With,Highest Injury Severity Alleged,Property Damage?,CP Pre-Crash Movement,CP Any Air Bags Deployed?,CP Was Vehicle Towed?,CP Contact Area - Rear Left,CP Contact Area - Left,CP Contact Area - Front Left,CP Contact Area - Rear,CP Contact Area - Top,CP Contact Area - Front,CP Contact Area - Rear Right,CP Contact Area - Right,CP Contact Area - Front Right,CP Contact Area - Bottom,CP Contact Area - Unknown,SV Pre-Crash Movement,SV Any Air Bags Deployed?,SV Was Vehicle Towed?,SV Were All Passengers Belted?,SV Precrash Speed (MPH),SV Pre-crash Speed - Unknown,SV Contact Area - Rear Left,SV Contact Area - Left,SV Contact Area - Front Left,SV Contact Area - Rear,SV Contact Area - Top,SV Contact Area - Front,SV Contact Area - Rear Right,SV Contact Area - Right,SV Contact Area - Front Right,SV Contact Area - Bottom,SV Contact Area - Unknown,Data Availability - EDR,Data Availability - Police Rpt,Data Availability - Telematics,Data Availability - Complaints,Data Availability - Video,Data Availability - Other,Data Availability - No Data,Data Availability - Unknown,Law Enforcement Investigating?,Investigating Agency,Investigating Agency - Unknown,Rep Ent Or Mfr Investigating?,Investigating Officer Name,Inv. Officer Name - Unknown,Investigating Officer Phone,Inv. Officer Phone - Unknown,Investigating Officer Email,Inv. Officer Email - Unknown,Within ODD?,Within ODD? - CBI,Narrative,Narrative - CBI?
30412-2173,1,Cruise LLC,1-Day,,,JAN-2022,5G21A6P04L4, ,N/A,Cruise,AV, ,2020, ,7c5cce40a8c4c2d,44037, ,In-Vehicle and Remote (Commercial / Test),"[REDACTED, MAY CONTAIN CONFIDENTIAL BUSINESS INFORMATION]", ,Y,, , ,, , ,, , ,,, , ,,,Yes,ADAS,Cruise LLC, , , , , ,Y, , ,,JAN-2022, ,JAN-2022,03:56, ,4b0988fa9b7493b,[MAY CONTAIN PERSONALLY IDENTIFIABLE INFORMATION], ,[MAY CONTAIN PERSONALLY IDENTIFIABLE INFORMATION], ,[MAY CONTAIN PERSONALLY IDENTIFIABLE INFORMATION], ,San Francisco, ,CA ,[MAY CONTAIN PERSONALLY IDENTIFIABLE INFORMATION], ,Intersection,Dry,No Unusual Conditions,25, ,Dark - Lighted,Y, , , , , , , ,,SUV,No Injuries Reported,Yes,Proceeding Straight,No,Unknown, , ,Y, , ,Y, , , , , ,Proceeding Straight,No,Yes,Yes,25, , , , , , , , ,Y,Y, , ,Y, ,Y, ,Y,Y, , ,Unknown,,Y,Yes,,Y,,Y,,Y,"[REDACTED, MAY CONTAIN CONFIDENTIAL BUSINESS INFORMATION]",Y,"A Cruise autonomous vehicle (""Cruise AV""), operating in supervised autonomous mode, was traveling southbound on [XXX] between [XXX] and [XXX]. The Cruise AV was traveling 24.9 mph upon coming to the intersection with [XXX] on a green light. As the Cruise AV entered the intersection, a 2021 Range Rover was traveling the wrong way on a one-way section of [XXX]. The 2021 Range Rover was traveling eastbound on [XXX] and entered the intersection on a red light. The Cruise AV braked prior to the Cruise AV operator disengaging the Cruise AV from autonomous mode. The Cruise AV operator continued to brake while steering away from the approaching vehicle but, shortly thereafter, the 2021 Range Rover made contact with the Cruise AV, damaging the front right of the Cruise AV and the front left bumper of the 2021 Range Rover. The Cruise AV was traveling 11.2 mph at the time of contact. Police were called to the scene and no injuries were reported. [REDACTED CONFIDENTIAL BUSINESS INFORMATION]",Y
13781-2174,1,"Tesla, Inc.",1-Day,,,JAN-2022,5YJYGDEF3LF, ,N/A,Tesla,Model Y, ,2020, ,5d9709cf99fa3c4,17801, ,Consumer,"[REDACTED, MAY CONTAIN CONFIDENTIAL BUSINESS INFORMATION]", ,Y,, , ,, , ,, , ,,, , ,,,No,ADAS,, , ,Y, , , , , ,,JAN-2022, ,JAN-2022,12:37, ,44815bfba6eefc2,[MAY CONTAIN PERSONALLY IDENTIFIABLE INFORMATION], ,[MAY CONTAIN PERSONALLY IDENTIFIABLE INFORMATION], ,[MAY CONTAIN PERSONALLY IDENTIFIABLE INFORMATION], ,Sterrett, ,AL ,[MAY CONTAIN PERSONALLY IDENTIFIABLE INFORMATION], ,Unknown,Unknown,Unknown,,Y,Unknown, , , , , , ,Y, ,,Unknown,Unknown,Yes,Unknown,Unknown,Unknown, , , , , , , , , , ,Y,Unknown,Yes,Unknown,Unknown,,Y, , , , , , , , , , ,Y,Y, , , , , , , ,Unknown,,Y,Unknown,,Y,,Y,,Y,"[REDACTED, MAY CONTAIN CONFIDENTIAL BUSINESS INFORMATION]",Y,"[REDACTED, MAY CONTAIN CONFIDENTIAL BUSINESS INFORMATION]",Y
13781-2172,1,"Tesla, Inc.",1-Day,,,JAN-2022,5YJYGAEE3MF, ,N/A,Tesla,Model Y, ,2021, ,7a34dda5f0a4b89,2902, ,Consumer,"[REDACTED, MAY CONTAIN CONFIDENTIAL BUSINESS INFORMATION]", ,Y,, , ,, , ,, , ,,, , ,,,No,ADAS,, , ,Y, , , , , ,,JAN-2022, ,JAN-2022,01:00, ,8ae72fcceaea67a,[MAY CONTAIN PERSONALLY IDENTIFIABLE INFORMATION], ,[MAY CONTAIN PERSONALLY IDENTIFIABLE INFORMATION], ,[MAY CONTAIN PERSONALLY IDENTIFIABLE INFORMATION], ,Hanford, ,CA ,[MAY CONTAIN PERSONALLY IDENTIFIABLE INFORMATION], ,Highway / Freeway,Unknown,Unknown,,Y,Unknown, , , , , , ,Y, ,,Unknown,Unknown,Yes,Unknown,Unknown,Unknown, , , , , , , , , , ,Y,Unknown,Yes,Unknown,Unknown,,Y, , , , , , , , , , ,Y,Y, , , , , , , ,Unknown,,Y,Unknown,,Y,,Y,,Y,"[REDACTED, MAY CONTAIN CONFIDENTIAL BUSINESS INFORMATION]",Y,"[REDACTED, MAY CONTAIN CONFIDENTIAL BUSINESS INFORMATION]",Y
1042-2072,2,"Porsche Cars North America, Inc.",10-Day Update,,,JAN-2022,WP1BE2AY4ND, ,N/A,Porsche,Cayenne E-hybrid, ,2022, ,a809a3fbe856453,100, ,Consumer,,Y, ,, , ,, , ,, , ,,, , ,,,Yes,ADAS,, ,Y, ,Y, , , , ,,DEC-2021, ,JAN-2022,13:00, ,572462203aa9640,[MAY CONTAIN PERSONALLY IDENTIFIABLE INFORMATION], ,[MAY CONTAIN PERSONALLY IDENTIFIABLE INFORMATION], ,[MAY CONTAIN PERSONALLY IDENTIFIABLE INFORMATION], ,Sandy Springs, ,GA ,,Y,Intersection,Unknown,Traffic Incident,,Y,Daylight, , , , , , ,Y, ,,SUV,Minor,No,Making U-Turn,Yes,Yes, , , , , , , ,Y, , , ,Proceeding Straight,Yes,Yes,Unknown,,Y, , , , , ,Y, , , , , , ,Y, , , , , , ,No,, ,No,, ,, ,, ,"Unknown, see Narrative", ,Subject vehicle was traveling straight and another vehicle turned left into the path of the subject vehicle. The customer feels the automatic braking feature of the subject vehicle should have activated.,
30531-2169,1,Transdev Alternative Services,1-Day,,,JAN-2022,SADHW2S1XM1, ,N/A,Jaguar,I-Phase, ,2021, ,f604b97275349cf,25141, ,In-Vehicle (Commercial / Test),,Y, ,, , ,, , ,, , ,,, , ,,,"Unknown, see Narrative","Unknown, see Narrative",Waymo LLC., , , , ,Y, , , ,,JAN-2022, ,JAN-2022,02:11, ,803359be848aa10,,Y,,Y,[MAY CONTAIN PERSONALLY IDENTIFIABLE INFORMATION], ,San Francisco, ,CA ,[MAY CONTAIN PERSONALLY IDENTIFIABLE INFORMATION], ,Intersection,Dry,No Unusual Conditions,25, ,Dark - Lighted,Y, , , , , , , ,,Motorcycle,No Injuries Reported,Yes,Making Left Turn,No,No, , , , , , , , , , ,Y,Proceeding Straight,No,No,Yes,2, ,Y, , , , , , , , , , , , , , ,Y,Y, , ,No,, ,Yes,, ,, ,, ,Yes, ,"On January [XXX], 2022 at 2:11 AM PST a Waymo Autonomous Vehicle ('Waymo AV') operating in San Francisco, CA was in a collision involving a motorcycle on [XXX] at [XXX].
The Waymo AV was in autonomous mode on southbound [XXX] in the intersection with [XXX], when the Waymo AV began to slow for a motorcyclist traveling on northbound [XXX] signaling to make an unprotected left turn onto [XXX]. The test driver (in the driver's seating position) transitioned to manual mode and continued to slow the Waymo AV. The motorcyclist attempted to turn behind the Waymo AV and made contact with the left rear corner of the Waymo AV. The motorcyclist remained upright and rode away without stopping to provide any information. At the time of the impact, the Waymo AV's Level 4 ADS was not engaged and a test driver was operating the Waymo AV in manual mode. The Waymo AV sustained damage to the driver's side of the rear bumper.
Transdev Alternative Services is reporting this crash under Request No. 1 of Standing General Order 2021-01 because a vulnerable road user (motorcyclist) was involved. Transdev may supplement or correct its reporting with additional information as it may become available. This report is a duplicate to Waymo LLC report: WaymoLLC-202101[XXX]-0 (rev.202201[XXX]214716).",
13781-2166,1,"Tesla, Inc.",1-Day,,,JAN-2022,5YJ3E1EB3JF, ,N/A,Tesla,Model 3, ,2018, ,d431affd288741c,31634, ,Consumer,"[REDACTED, MAY CONTAIN CONFIDENTIAL BUSINESS INFORMATION]", ,Y,, , ,, , ,, , ,,, , ,,,No,ADAS,, , ,Y, , , , , ,,JAN-2022, ,JAN-2022,17:59, ,c62e18b0c868058,[MAY CONTAIN PERSONALLY IDENTIFIABLE INFORMATION], ,[MAY CONTAIN PERSONALLY IDENTIFIABLE INFORMATION], ,[MAY CONTAIN PERSONALLY IDENTIFIABLE INFORMATION], ,Sacramento, ,CA ,[MAY CONTAIN PERSONALLY IDENTIFIABLE INFORMATION], ,Unknown,Unknown,Unknown,,Y,Unknown, , , , , , ,Y, ,,Unknown,Unknown,Yes,Unknown,Unknown,Unknown, , , , , , , , , , ,Y,Unknown,Yes,Unknown,Unknown,,Y, , , , , , , , , , ,Y,Y, , , , , , , ,Unknown,,Y,Unknown,,Y,,Y,,Y,"[REDACTED, MAY CONTAIN CONFIDENTIAL BUSINESS INFORMATION]",Y,"[REDACTED, MAY CONTAIN CONFIDENTIAL BUSINESS INFORMATION]",Y
13781-2165,1,"Tesla, Inc.",1-Day,,,JAN-2022,5YJYGAEE4MF, ,N/A,Tesla,Model Y, ,2021, ,50f0edb048a50ec,10835, ,Consumer,"[REDACTED, MAY CONTAIN CONFIDENTIAL BUSINESS INFORMATION]", ,Y,, , ,, , ,, , ,,, , ,,,No,ADAS,, , ,Y, , , , , ,,JAN-2022, ,JAN-2022,16:35, ,d96bfa0f2eff186,[MAY CONTAIN PERSONALLY IDENTIFIABLE INFORMATION], ,[MAY CONTAIN PERSONALLY IDENTIFIABLE INFORMATION], ,[MAY CONTAIN PERSONALLY IDENTIFIABLE INFORMATION], ,Pinson, ,AL ,[MAY CONTAIN PERSONALLY IDENTIFIABLE INFORMATION], ,Highway / Freeway,Unknown,Unknown,,Y,Unknown, , , , , , ,Y, ,,Unknown,Unknown,Yes,Unknown,Unknown,Unknown, , , , , , , , , , ,Y,Unknown,Yes,Unknown,Unknown,,Y, , , , , , , , , , ,Y,Y, , , , , , , ,Unknown,,Y,Unknown,,Y,,Y,,Y,"[REDACTED, MAY CONTAIN CONFIDENTIAL BUSINESS INFORMATION]",Y,"[REDACTED, MAY CONTAIN CONFIDENTIAL BUSINESS INFORMATION]",Y
13781-2164,1,"Tesla, Inc.",1-Day,,,JAN-2022,5YJ3E1EAXJF, ,N/A,Tesla,Model 3, ,2018, ,993faa407510bcb,50341, ,Consumer,"[REDACTED, MAY CONTAIN CONFIDENTIAL BUSINESS INFORMATION]", ,Y,, , ,, , ,, , ,,, , ,,,No,ADAS,, , ,Y, , , , , ,,JAN-2022, ,JAN-2022,18:35, ,dd026462f6b1f3b,[MAY CONTAIN PERSONALLY IDENTIFIABLE INFORMATION], ,[MAY CONTAIN PERSONALLY IDENTIFIABLE INFORMATION], ,[MAY CONTAIN PERSONALLY IDENTIFIABLE INFORMATION], ,Diamond Bar, ,CA ,[MAY CONTAIN PERSONALLY IDENTIFIABLE INFORMATION], ,Highway / Freeway,Unknown,Unknown,,Y,Unknown, , , , , , ,Y, ,,Unknown,Unknown,Yes,Unknown,Unknown,Unknown, , , , , , , , , , ,Y,Unknown,No,Yes,Unknown,,Y, , , , , , , , , , ,Y,Y, , , , , , , ,Unknown,,Y,Unknown,,Y,,Y,,Y,"[REDACTED, MAY CONTAIN CONFIDENTIAL BUSINESS INFORMATION]",Y,"[REDACTED, MAY CONTAIN CONFIDENTIAL BUSINESS INFORMATION]",Y
13781-2163,1,"Tesla, Inc.",1-Day,,,JAN-2022,5YJ3E1EA7MF, ,N/A,Tesla,Model 3, ,2021, ,557fa6e067577bd,13718, ,Consumer,"[REDACTED, MAY CONTAIN CONFIDENTIAL BUSINESS INFORMATION]", ,Y,, , ,, , ,, , ,,, , ,,,No,ADAS,, , ,Y, , , , , ,,JAN-2022, ,JAN-2022,04:39, ,5b5eefe143e8de3,[MAY CONTAIN PERSONALLY IDENTIFIABLE INFORMATION], ,[MAY CONTAIN PERSONALLY IDENTIFIABLE INFORMATION], ,[MAY CONTAIN PERSONALLY IDENTIFIABLE INFORMATION], ,Rockville, ,MD ,[MAY CONTAIN PERSONALLY IDENTIFIABLE INFORMATION], ,Unknown,Unknown,Unknown,,Y,Unknown, , , , , , ,Y, ,,Unknown,Unknown,Yes,Unknown,Unknown,Unknown, , , , , , , , , , ,Y,Unknown,Yes,Unknown,Unknown,,Y, , , , , , , , , , ,Y,Y, , , , , , , ,Unknown,,Y,Unknown,,Y,,Y,,Y,"[REDACTED, MAY CONTAIN CONFIDENTIAL BUSINESS INFORMATION]",Y,"[REDACTED, MAY CONTAIN CONFIDENTIAL BUSINESS INFORMATION]",Y
13781-2162,1,"Tesla, Inc.",1-Day,,,JAN-2022,5YJ3E1EB3KF, ,N/A,Tesla,Model 3, ,2019, ,73d30d1c5300b04,27472, ,Consumer,"[REDACTED, MAY CONTAIN CONFIDENTIAL BUSINESS INFORMATION]", ,Y,, , ,, , ,, , ,,, , ,,,No,ADAS,, , ,Y, , , , , ,,JAN-2022, ,JAN-2022,12:01, ,05b791068150f1b,[MAY CONTAIN PERSONALLY IDENTIFIABLE INFORMATION], ,[MAY CONTAIN PERSONALLY IDENTIFIABLE INFORMATION], ,[MAY CONTAIN PERSONALLY IDENTIFIABLE INFORMATION], ,Plymouth, ,MI ,[MAY CONTAIN PERSONALLY IDENTIFIABLE INFORMATION], ,Unknown,Unknown,Unknown,,Y,Unknown, , , , , , ,Y, ,,Unknown,Unknown,Yes,Unknown,Unknown,Unknown, , , , , , , , , , ,Y,Unknown,Yes,Unknown,Unknown,,Y, , , , , , , , , , ,Y,Y, , , , , , , ,Unknown,,Y,Unknown,,Y,,Y,,Y,"[REDACTED, MAY CONTAIN CONFIDENTIAL BUSINESS INFORMATION]",Y,"[REDACTED, MAY CONTAIN CONFIDENTIAL BUSINESS INFORMATION]",Y
30531-2161,1,Transdev Alternative Services,1-Day,,,JAN-2022,SADHW2S19M1, ,N/A,Jaguar,I-Pace, ,2021, ,86b92a23b213253,20556, ,In-Vehicle (Commercial / Test),,Y, ,, , ,, , ,, , ,,, , ,,,Yes,"Unknown, see Narrative",Waymo LLC., , , , ,Y, , , ,,JAN-2022, ,JAN-2022,17:20, ,7e9b9cd2a74e8fc,,Y,,Y,[MAY CONTAIN PERSONALLY IDENTIFIABLE INFORMATION], ,San Francisco, ,CA ,[MAY CONTAIN PERSONALLY IDENTIFIABLE INFORMATION], ,Intersection,Dry,No Unusual Conditions,25, ,Dawn / Dusk,Y, , , , , , , ,,Passenger Car,No Injuries Reported,Yes,Proceeding Straight,No,Yes, ,Y, , , , , , , , , ,Proceeding Straight,No,Yes,Yes,11, , , ,Y, , ,Y, , ,Y, , , , , , ,Y,Y, , ,No,, ,Yes,, ,, ,, ,Yes, ,"On January [XXX], 2022 at 5:20 PM PST a Waymo Autonomous Vehicle ('Waymo AV') operating in San Francisco, CA was in a collision involving a passenger vehicle on [XXX] at [XXX].
The Waymo AV was in autonomous mode on eastbound [XXX] as it approached [XXX]. The test driver (in the driver's seating position) transitioned to manual mode before reaching the intersection. The Waymo AV then proceeded through a green light into the intersection in manual mode. A passenger vehicle traveling northbound on [XXX] then entered the intersection against its red light, making contact with the front of the Waymo AV. At the time of the impact, the Waymo AV's Level 4 ADS was not engaged and a test driver was operating the Waymo AV in manual mode. The Waymo AV sustained damage to its front fascia and the passenger vehicle sustained damage to its driver side doors.
Transdev Alternative Services is reporting this crash under Request No. 1 of Standing General Order 2021-01 because the Waymo AV was towed away and the passenger vehicle's airbags deployed. Transdev may supplement or correct its reporting with additional information as it may become available. This report is a duplicate of Waymo report WaymoLLC-202201[XXX]-0 (rev.202201[XXX]203105).",
13781-2157,1,"Tesla, Inc.",1-Day,,,JAN-2022,5YJ3E1EC7LF, ,N/A,Tesla,Model 3, ,2020, ,4ea4e7528bd87e9,58289, ,Consumer,"[REDACTED, MAY CONTAIN CONFIDENTIAL BUSINESS INFORMATION]", ,Y,, , ,, , ,, , ,,, , ,,,No,ADAS,, , ,Y, , , , , ,,JAN-2022, ,JAN-2022,17:26, ,b975e126534f1ca,[MAY CONTAIN PERSONALLY IDENTIFIABLE INFORMATION], ,[MAY CONTAIN PERSONALLY IDENTIFIABLE INFORMATION], ,[MAY CONTAIN PERSONALLY IDENTIFIABLE INFORMATION], ,Pleasanton, ,CA ,[MAY CONTAIN PERSONALLY IDENTIFIABLE INFORMATION], ,Highway / Freeway,Unknown,Unknown,,Y,Unknown, , , , , , ,Y, ,,Unknown,Unknown,Yes,Unknown,Unknown,Unknown, , , , , , , , , , ,Y,Unknown,Yes,Yes,Unknown,,Y, , , , , , , , , , ,Y,Y, , , , , , , ,Unknown,,Y,Unknown,,Y,,Y,,Y,"[REDACTED, MAY CONTAIN CONFIDENTIAL BUSINESS INFORMATION]",Y,"[REDACTED, MAY CONTAIN CONFIDENTIAL BUSINESS INFORMATION]",Y
855-1341,4,"Mercedes-Benz USA, LLC",Update,1,2022,JAN-2022,W1K6G7GB3MA, ,N/A,Mercedes-Benz,S580 4Matic, ,2021, ,96539e67fd1b15d,976, ,Consumer,Distronic with Active Steering Assist, , ,, , ,, , ,, , ,,, , ,,,Yes,"Unknown, see Narrative",, ,Y, , , , , , ,,SEP-2021, ,SEP-2021,14:15, ,4ad7d7dddd47356,,Y,,Y,[MAY CONTAIN PERSONALLY IDENTIFIABLE INFORMATION], ,San Antonio, ,TX ,[MAY CONTAIN PERSONALLY IDENTIFIABLE INFORMATION], ,Street,Wet,No Unusual Conditions,35, ,Daylight,Y, , , , , , , ,,Passenger Car,Minor,No,Stopped,Yes,Yes, , , ,Y, ,Y, , , , , ,Unknown,No,Yes,Yes,,Y, , ,Y, , ,Y, , ,Y, , , , , , , ,Y, , ,Unknown,,Y,Yes,,Y,,Y,,Y,"Unknown, see Narrative", ,"All prior narratives have been removed due to character limit. Please see reports 855-1341-(1 through 3) to see prior updates.
01/[XXX]/22 Update to [XXX]:The customer submitted a Vehicle Owner's Questionnaire (""VOQ"") to NHTSA, complaint ID 1758659. An update is being provided based on new and differing information provided in the VOQ mainly with regards to the circumstances leading up to the alleged collision event.
""The contact owns a 2021 Mercedes-Benz S580. The contact stated while driving at 60 MPH, the contact pressed a button on the steering wheel to engage the cruise control function on the vehicle. The contact stated when driving past a mileage sign stating 40 MPH, the vehicle suddenly reduce in speed to 40 MPH, while the contact was on the highway in the fast lane. The contact was able to move the vehicle over to the side of the road waited a few minutes took off the cruise control function and reapplied it back on and continued to drive the vehicle again. After a few minutes when the contact was exiting off the highway and the contact drove past a sign that said 60 MPH when suddenly the vehicle automatically accelerated on its own which caused the contact to rear-end a parked vehicle in front of them. The air bags did not deploy or the S.O.S. signal did not turn on. The contact was injured where they broke two bones in the right foot, left knee injury, and whiplash on their neck due to the seat belt. There was medical treatment at the scene. A police report was filed. The vehicle was towed to a local dealer where the vehicle was inspected but could not diagnose the caused the failure. The vehicle was not repaired. The manufacturer was made of the failure. The failure mileage was approximately 976.""",
28349-2153,1,"Lucid USA, Inc.",No New or Updated Incident Reports,1,2022,JAN-2022,, ,,,, ,, , ,, ,,, , ,, , ,, , ,, , ,,, , ,,,,,, , , , , , , , ,,, ,,, , ,, ,, ,, ,, ,,, ,,,,, ,, , , , , , , , ,,,,,,,, , , , , , , , , , , ,,,,,, , , , , , , , , , , , , , , , , , ,, ,,, ,,, ,, ,, ,, ,,
30590-2148,1,Apple Inc.,No New or Updated Incident Reports,12,2021,JAN-2022,, ,,,, ,, , ,, ,,, , ,, , ,, , ,, , ,,, , ,,,,,, , , , , , , , ,,, ,,, , ,, ,, ,, ,, ,,, ,,,,, ,, , , , , , , , ,,,,,,,, , , , , , , , , , , ,,,,,, , , , , , , , , , , , , , , , , , ,, ,,, ,,, ,, ,, ,, ,,
30570-2147,1,QCraft.ai,No New or Updated Incident Reports,1,2022,JAN-2022,, ,,,, ,, , ,, ,,, , ,, , ,, , ,, , ,,, , ,,,,,, , , , , , , , ,,, ,,, , ,, ,, ,, ,, ,,, ,,,,, ,, , , , , , , , ,,,,,,,, , , , , , , , , , , ,,,,,, , , , , , , , , , , , , , , , , , ,, ,,, ,,, ,, ,, ,, ,,
842-2146,1,Mazda North American Operations,No New or Updated Incident Reports,1,2022,JAN-2022,, ,,,, ,, , ,, ,,, , ,, , ,, , ,, , ,,, , ,,,,,, , , , , , , , ,,, ,,, , ,, ,, ,, ,, ,,, ,,,,, ,, , , , , , , , ,,,,,,,, , , , , , , , , , , ,,,,,, , , , , , , , , , , , , , , , , , ,, ,,, ,,, ,, ,, ,, ,,
30310-2145,1,First Transit,No New or Updated Incident Reports,12,2021,JAN-2022,, ,,,, ,, , ,, ,,, , ,, , ,, , ,, , ,,, , ,,,,,, , , , , , , , ,,, ,,, , ,, ,, ,, ,, ,,, ,,,,, ,, , , , , , , , ,,,,,,,, , , , , , , , , , , ,,,,,, , , , , , , , , , , , , , , , , , ,, ,,, ,,, ,, ,, ,, ,,
30650-2144,1,"Qualcomm Technlogies, Inc",No New or Updated Incident Reports,1,2022,JAN-2022,, ,,,, ,, , ,, ,,, , ,, , ,, , ,, , ,,, , ,,,,,, , , , , , , , ,,, ,,, , ,, ,, ,, ,, ,,, ,,,,, ,, , , , , , , , ,,,,,,,, , , , , , , , , , , ,,,,,, , , , , , , , , , , , , , , , , , ,, ,,, ,,, ,, ,, ,, ,,
10225-2143,1,Polaris Inc.,No New or Updated Incident Reports,12,2021,JAN-2022,, ,,,, ,, , ,, ,,, , ,, , ,, , ,, , ,,, , ,,,,,, , , , , , , , ,,, ,,, , ,, ,, ,, ,, ,,, ,,,,, ,, , , , , , , , ,,,,,,,, , , , , , , , , , , ,,,,,, , , , , , , , , , , , , , , , , , ,, ,,, ,,, ,, ,, ,, ,,
753-2142,1,"Kia America, Inc.",No New or Updated Incident Reports,1,2022,JAN-2022,, ,,,, ,, , ,, ,,, , ,, , ,, , ,, , ,,, , ,,,,,, , , , , , , , ,,, ,,, , ,, ,, ,, ,, ,,, ,,,,, ,, , , , , , , , ,,,,,,,, , , , , , , , , , , ,,,,,, , , , , , , , , , , , , , , , , , ,, ,,, ,,, ,, ,, ,, ,,
30351-2141,1,comma.ai,No New or Updated Incident Reports,1,2022,JAN-2022,, ,,,, ,, , ,, ,,, , ,, , ,, , ,, , ,,, , ,,,,,, , , , , , , , ,,, ,,, , ,, ,, ,, ,, ,,, ,,,,, ,, , , , , , , , ,,,,,,,, , , , , , , , , , , ,,,,,, , , , , , , , , , , , , , , , , , ,, ,,, ,,, ,, ,, ,, ,,
30792-2140,1,WeRide Corp,No New or Updated Incident Reports,1,2022,JAN-2022,, ,,,, ,, , ,, ,,, , ,, , ,, , ,, , ,,, , ,,,,,, , , , , , , , ,,, ,,, , ,, ,, ,, ,, ,,, ,,,,, ,, , , , , , , , ,,,,,,,, , , , , , , , , , , ,,,,,, , , , , , , , , , , , , , , , , , ,, ,,, ,,, ,, ,, ,, ,,
30634-2139,1,PlusAI Inc,No New or Updated Incident Reports,1,2022,JAN-2022,, ,,,, ,, , ,, ,,, , ,, , ,, , ,, , ,,, , ,,,,,, , , , , , , , ,,, ,,, , ,, ,, ,, ,, ,,, ,,,,, ,, , , , , , , , ,,,,,,,, , , , , , , , , , , ,,,,,, , , , , , , , , , , , , , , , , , ,, ,,, ,,, ,, ,, ,, ,,
30350-2138,1,AImotive Inc,No New or Updated Incident Reports,1,2022,JAN-2022,, ,,,, ,, , ,, ,,, , ,, , ,, , ,, , ,,, , ,,,,,, , , , , , , , ,,, ,,, , ,, ,, ,, ,, ,,, ,,,,, ,, , , , , , , , ,,,,,,,, , , , , , , , , , , ,,,,,, , , , , , , , , , , , , , , , , , ,, ,,, ,,, ,, ,, ,, ,,