Report ID,Report Version,Reporting Entity,Report Type,Report Month,Report Year,Report Submission Date,VIN,VIN - Unknown,Serial Number,Make,Model,Model - Unknown,Model Year,Model Year - Unknown,Same Vehicle ID,Mileage,Mileage - Unknown,Driver / Operator Type,ADAS/ADS System Version,ADAS/ADS System Version - Unk,ADAS/ADS System Version CBI,ADAS/ADS Hardware Version,ADAS/ADS Hardware Version - Unk,ADAS/ADS Hardware Version CBI,ADAS/ADS Software Version,ADAS/ADS Software Version - Unk,ADAS/ADS Software Version CBI,Other Reporting Entities?,Other Reporting Entities? - Unk,Other Reporting Entities? - NA,Federal Regulatory Exemption?,Other Federal Reg. Exemption,Federal Reg. Exemption - Unk,Federal Reg. Exemption - No,State or Local Permit?,State or Local Permit,ADS Equipped?,Automation System Engaged?,Operating Entity,Operating Entity - Unknown,Source - Complaint/Claim,Source - Telematics,Source - Law Enforcement,Source - Field Report,Source - Testing,Source - Media,Source - Other,Source - Other Text,Incident Date,Incident Date - Unknown,Notice Received Date,Incident Time (24:00),Incident Time - Unknown,Same Incident ID,Latitude,Latitude - Unknown,Longitude,Longitude - Unknown,Address,Address - Unknown,City,City - Unknown,State,Zip Code,Zip Code - Unknown,Roadway Type,Roadway Surface,Roadway Description,Posted Speed Limit (MPH),Posted Speed Limit - Unknown,Lighting,Weather - Clear,Weather - Snow,Weather - Cloudy,Weather - Fog/Smoke,Weather - Rain,Weather - Severe Wind,Weather - Unknown,Weather - Other,Weather - Other Text,Crash With,Highest Injury Severity Alleged,Property Damage?,CP Pre-Crash Movement,CP Any Air Bags Deployed?,CP Was Vehicle Towed?,CP Contact Area - Rear Left,CP Contact Area - Left,CP Contact Area - Front Left,CP Contact Area - Rear,CP Contact Area - Top,CP Contact Area - Front,CP Contact Area - Rear Right,CP Contact Area - Right,CP Contact Area - Front Right,CP Contact Area - Bottom,CP Contact Area - Unknown,SV Pre-Crash Movement,SV Any Air Bags Deployed?,SV Was Vehicle Towed?,SV Were All Passengers Belted?,SV Precrash Speed (MPH),SV Pre-crash Speed - Unknown,SV Contact Area - Rear Left,SV Contact Area - Left,SV Contact Area - Front Left,SV Contact Area - Rear,SV Contact Area - Top,SV Contact Area - Front,SV Contact Area - Rear Right,SV Contact Area - Right,SV Contact Area - Front Right,SV Contact Area - Bottom,SV Contact Area - Unknown,Data Availability - EDR,Data Availability - Police Rpt,Data Availability - Telematics,Data Availability - Complaints,Data Availability - Video,Data Availability - Other,Data Availability - No Data,Data Availability - Unknown,Law Enforcement Investigating?,Investigating Agency,Investigating Agency - Unknown,Rep Ent Or Mfr Investigating?,Investigating Officer Name,Inv. Officer Name - Unknown,Investigating Officer Phone,Inv. Officer Phone - Unknown,Investigating Officer Email,Inv. Officer Email - Unknown,Within ODD?,Within ODD? - CBI,Narrative,Narrative - CBI?
31030-1822,1,Dominion Energy,No New or Updated Incident Reports,11,2021,DEC-2021,, ,,,, ,, , ,, ,,, , ,, , ,, , ,, , ,,, , ,,,,,, , , , , , , , ,,, ,,, , ,, ,, ,, ,, ,,, ,,,,, ,, , , , , , , , ,,,,,,,, , , , , , , , , , , ,,,,,, , , , , , , , , , , , , , , , , , ,, ,,, ,,, ,, ,, ,, ,,
30531-1821,1,Transdev Alternative Services,1-Day,,,DEC-2021,SADHW2S10M1, ,N/A,Jaguar,I-Pace, ,2021, ,07333aef835ef03,17392, ,In-Vehicle (Commercial / Test),,Y, ,, , ,, , ,, , ,,, , ,,,Yes,ADS,Waymo LLC., , , , ,Y, , , ,,DEC-2021, ,DEC-2021,16:30, ,92abe0be65a945a,,Y,,Y,[MAY CONTAIN PERSONALLY IDENTIFIABLE INFORMATION], ,San Francisco, ,CA ,[MAY CONTAIN PERSONALLY IDENTIFIABLE INFORMATION], ,Street,Unknown,No Unusual Conditions,25, ,Daylight, , , , , , ,Y, ,,SUV,No Injuries Reported,Yes,Changing Lanes,No,Unknown, , , , , , , , ,Y, , ,Proceeding Straight,No,Yes,Yes,8, , , ,Y, , , , , , , , , , , , ,Y,Y, , ,No,, ,Yes,, ,, ,, ,Yes, ,"On December [XXX], 2021 at 4:30 PM PST a Waymo Autonomous Vehicle ('Waymo AV') operating in San Francisco, CA was in a collision involving an SUV on [XXX] between [XXX] and [XXX] avenues. 
While in autonomous mode, the Waymo AV turned right from southbound [XXX] onto westbound [XXX]. As the Waymo AV proceeded onto [XXX] in the far right lane, an SUV also proceeding westbound on [XXX] made a continuous right lane change from the far left lane, through the middle lane, and entered the far right lane in front of the Waymo AV. The Waymo AV was decelerating when the test driver transitioned to manual mode. The Waymo AV then made contact with the SUV. At the time of the impact, the Waymo AV's Level 4 ADS was not engaged and a test driver (in the driver's seating position) was operating the Waymo AV in manual mode. The Waymo AV sustained damage to its front driver side fender and the SUV sustained damage to its front passenger side fender. 
Transdev Alternative Services is reporting this crash under Request No. 1 of Standing General Order 2021-01 because a vehicle involved was towed away. Transdev may supplement or correct its reporting with additional information as it may become available. This report is a duplicate submitted by Waymo LLC. WaymoLLC-202112[XXX]-0 (rev.20211[XXX]5173620).",
30352-1819,1,Embark Trucks,No New or Updated Incident Reports,11,2021,DEC-2021,, ,,,, ,, , ,, ,,, , ,, , ,, , ,, , ,,, , ,,,,,, , , , , , , , ,,, ,,, , ,, ,, ,, ,, ,,, ,,,,, ,, , , , , , , , ,,,,,,,, , , , , , , , , , , ,,,,,, , , , , , , , , , , , , , , , , , ,, ,,, ,,, ,, ,, ,, ,,
31099-1818,1,"Telenav, Inc.",No New or Updated Incident Reports,12,2021,DEC-2021,, ,,,, ,, , ,, ,,, , ,, , ,, , ,, , ,,, , ,,,,,, , , , , , , , ,,, ,,, , ,, ,, ,, ,, ,,, ,,,,, ,, , , , , , , , ,,,,,,,, , , , , , , , , , , ,,,,,, , , , , , , , , , , , , , , , , , ,, ,,, ,,, ,, ,, ,, ,,
2622-1817,1,"Bendix Commercial Vehicle Systems, LLC",No New or Updated Incident Reports,12,2021,DEC-2021,, ,,,, ,, , ,, ,,, , ,, , ,, , ,, , ,,, , ,,,,,, , , , , , , , ,,, ,,, , ,, ,, ,, ,, ,,, ,,,,, ,, , , , , , , , ,,,,,,,, , , , , , , , , , , ,,,,,, , , , , , , , , , , , , , , , , , ,, ,,, ,,, ,, ,, ,, ,,
30810-1816,1,Verizon,No New or Updated Incident Reports,11,2021,DEC-2021,, ,,,, ,, , ,, ,,, , ,, , ,, , ,, , ,,, , ,,,,,, , , , , , , , ,,, ,,, , ,, ,, ,, ,, ,,, ,,,,, ,, , , , , , , , ,,,,,,,, , , , , , , , , , , ,,,,,, , , , , , , , , , , , , , , , , , ,, ,,, ,,, ,, ,, ,, ,,
62-1814,1,Honda (American Honda Motor Co.),1-Day,,,DEC-2021,1HGCV3F55KA, ,n/a,Honda,Accord Hybrid, ,2019, ,4a8d55f30f9136d,,Y,Consumer,,Y, ,, , ,, , ,, , ,,, , ,,,No,ADAS,, ,Y, , , , , , ,,NOV-2021, ,DEC-2021,,Y,11ca65630051868,,Y,,Y,,Y,Scottsdale, ,AR ,,Y,Unknown,Unknown,Unknown,,Y,Unknown, , , , , , ,Y, ,,Passenger Car,No Injuries Reported,Unknown,Proceeding Straight,Unknown,Unknown, , , , , , , , , , ,Y,"Other, see Narrative",Yes,Yes,Unknown,,Y, , , , , ,Y, , , , , , , , ,Y, , , , ,No,, ,No,, ,, ,, ,Unknown, ,Customer was pulling out of an apartment complex and onto a street when another driver hit the customer's vehicle. The customer alleges that both the Lane Keep Assist System and Adaptive Cruise Control were engaged.,
30351-1807,1,comma.ai,1-Day,,,DEC-2021,WAUK8GFF3H1, ,N/A,Audi,A3, ,2017, ,196698ad4ce9b5c,,Y,In-Vehicle (Commercial / Test),2017 Audi A3 ACC & openpilot 0.8.12 LKAS, , ,, , ,, , ,, , ,,, , ,,,,ADAS,[XXX], , , , , , , ,Y,Employee,DEC-2021, ,DEC-2021,17:50, ,7e6e503f6d3e132,[MAY CONTAIN PERSONALLY IDENTIFIABLE INFORMATION], ,[MAY CONTAIN PERSONALLY IDENTIFIABLE INFORMATION], ,[MAY CONTAIN PERSONALLY IDENTIFIABLE INFORMATION], ,San Diego, ,CA ,[MAY CONTAIN PERSONALLY IDENTIFIABLE INFORMATION], ,Highway / Freeway,Dry,No Unusual Conditions,65, ,Dark - Lighted,Y, , , , , , , ,,SUV,No Injuries Reported,Yes,Proceeding Straight,No,No, , , ,Y, , , , , , , ,Proceeding Straight,Yes,Yes,Yes,35, , , , , , ,Y, , , , , , ,Y, , ,Y, , , ,Unknown,,Y,Yes,,Y,,Y,,Y,Yes, ,"Without agreeing with NHTSA's interpretations or conceding that comma is obligated to respond to the General Order, comma provides this information:
Video:[XXX]",
28349-1805,1,"Lucid USA, Inc.",1-Day,,,DEC-2021,50EA1DAA5NA, ,N/A,Lucid Motors,Dream/Prototype, ,2022, ,eab07ddb37ca3f0,7328, ,In-Vehicle (Commercial / Test),Level 2, , ,, , ,, , ,, , ,,, , ,,,,ADAS,Lucid Motors- Test Driver, , ,Y, , ,Y, , ,,NOV-2021, ,DEC-2021,21:45, ,4f2f2a2f3679797,[MAY CONTAIN PERSONALLY IDENTIFIABLE INFORMATION], ,[MAY CONTAIN PERSONALLY IDENTIFIABLE INFORMATION], ,,Y,Newark, ,CA ,[MAY CONTAIN PERSONALLY IDENTIFIABLE INFORMATION], ,Highway / Freeway,Dry,No Unusual Conditions,65, ,Dark - Not Lighted,Y, , , , , , , ,,Passenger Car,No Injuries Reported,Yes,Stopped,Unknown,Yes,Y, , , , , , , , , , ,Proceeding Straight,Yes,Yes,Yes,69, , , , , , , , , ,Y, , ,Y,Y,Y, ,Y, , , ,Yes,California Highway Patrol, ,Yes,[MAY CONTAIN PERSONALLY IDENTIFIABLE INFORMATION], ,[MAY CONTAIN PERSONALLY IDENTIFIABLE INFORMATION], ,[MAY CONTAIN PERSONALLY IDENTIFIABLE INFORMATION], ,Yes, ,"[REDACTED, MAY CONTAIN CONFIDENTIAL BUSINESS INFORMATION]",Y
62-1804,1,Honda (American Honda Motor Co.),1-Day,,,DEC-2021,5J8YD4H38LL, ,n/a,Acura,MDX, ,2020, ,4977743e379da3e,,Y,Consumer,,Y, ,, , ,, , ,, , ,,, , ,,,No,ADAS,, ,Y, , , , , , ,,SEP-2021, ,DEC-2021,,Y,e73fc98909dc9c9,,Y,,Y,,Y,Glen Cove, ,NY ,,Y,Unknown,Unknown,Unknown,,Y,Unknown, , , , , , ,Y, ,,Pickup Truck,No Injuries Reported,Unknown,Proceeding Straight,Unknown,Unknown, , , , , , , , , , ,Y,Stopped,No,Yes,Unknown,0, , , , , , , , , , , ,Y, , , ,Y, , , , ,Unknown,,Y,No,,Y,,Y,,Y,Unknown, ,Customer was stopped at an intersection when a pickup truck tried to drive between the customer and another vehicle. The pickup truck swiped both vehicles as a result. The customer alleges that both the Lane Keep Assist System and Adaptive Cruise Control were engaged.,
62-1803,1,Honda (American Honda Motor Co.),1-Day,,,DEC-2021,5J8YD3H55JL, ,n/a,Acura,MDX, ,2018, ,30d16ddd1f05fdd,,Y,Consumer,,Y, ,, , ,, , ,, , ,,, , ,,,No,ADAS,, ,Y, , , , , , ,,NOV-2021, ,DEC-2021,,Y,c2519a0d511dd6b,,Y,,Y,,Y,San Diego, ,CA ,,Y,Street,Unknown,Unknown,,Y,Unknown, , , , , , ,Y, ,,Unknown,No Injuries Reported,Unknown,Stopped,Unknown,Unknown, ,Y, , , , , , , , , ,Making Left Turn,No,Yes,Unknown,,Y, , , , , , , , , , ,Y, , , ,Y, , , , ,No,, ,No,, ,, ,, ,Unknown, ,"The customer made a sharp turn and swiped a parked vehicle. After driving approximately 50 feet, the customer noticed flames coming out of her vehicle's hood. The customer alleges that both the Lane Keep Assist System and Adaptive Cruise Control were engaged.",
13781-1802,1,"Tesla, Inc.",1-Day,,,DEC-2021,5YJ3E1EC5MF, ,N/A,Tesla,Model 3, ,2021, ,9287f345b1aea9a,3482, ,Consumer,"[REDACTED, MAY CONTAIN CONFIDENTIAL BUSINESS INFORMATION]", ,Y,, , ,, , ,, , ,,, , ,,,No,ADAS,, , ,Y, , , , , ,,DEC-2021, ,DEC-2021,07:15, ,d760c9121ae32bb,[MAY CONTAIN PERSONALLY IDENTIFIABLE INFORMATION], ,[MAY CONTAIN PERSONALLY IDENTIFIABLE INFORMATION], ,[MAY CONTAIN PERSONALLY IDENTIFIABLE INFORMATION], ,San Jose, ,CA ,[MAY CONTAIN PERSONALLY IDENTIFIABLE INFORMATION], ,Unknown,Unknown,Unknown,,Y,Unknown, , , , , , ,Y, ,,Unknown,Unknown,Unknown,Unknown,Unknown,Unknown, , , , , , , , , , ,Y,Unknown,Yes,Unknown,Unknown,,Y, , , , , , , , , , ,Y,Y, , , , , , , ,Unknown,,Y,Unknown,,Y,,Y,,Y,"[REDACTED, MAY CONTAIN CONFIDENTIAL BUSINESS INFORMATION]",Y,"[REDACTED, MAY CONTAIN CONFIDENTIAL BUSINESS INFORMATION]",Y
30411-1801,1,Pronto AI,No New or Updated Incident Reports,11,2021,DEC-2021,, ,,,, ,, , ,, ,,, , ,, , ,, , ,, , ,,, , ,,,,,, , , , , , , , ,,, ,,, , ,, ,, ,, ,, ,,, ,,,,, ,, , , , , , , , ,,,,,,,, , , , , , , , , , , ,,,,,, , , , , , , , , , , , , , , , , , ,, ,,, ,,, ,, ,, ,, ,,
273-1794,1,"Chrysler (FCA US, LLC)",1-Day,,,DEC-2021,1C4SJVGJ5NS, ,N/A,Jeep,Grand Wagoneer, ,2022, ,e8ac4f7f8ad0f25,14000, ,Consumer,,Y, ,, , ,, , ,, , ,,, , ,,,,,, , , , ,Y, , , ,,NOV-2021, ,NOV-2021,,Y,ad8a04e3d3a3ce9,,Y,,Y,[MAY CONTAIN PERSONALLY IDENTIFIABLE INFORMATION], ,Vienna, ,VA ,,Y,Unknown,Dry,Unknown,35, ,Unknown,Y, , , , , , , ,,Passenger Car,No Injuries Reported,Yes,Unknown,Unknown,Yes, , , , , , , , , , ,Y,Crossing into Opposing Lane,No,No,Yes,15, , , , , , , , , , , ,Y, , , , , , , ,Y,Unknown,,Y,Unknown,,Y,,Y,,Y,Unknown, ,"[REDACTED, MAY CONTAIN CONFIDENTIAL BUSINESS INFORMATION]",Y
13781-1800,1,"Tesla, Inc.",1-Day,,,DEC-2021,5YJYGDEF4MF, ,N/A,Tesla,Model Y, ,2021, ,109c773001953c9,4939, ,Consumer,"[REDACTED, MAY CONTAIN CONFIDENTIAL BUSINESS INFORMATION]", ,Y,, , ,, , ,, , ,,, , ,,,No,ADAS,, , ,Y, , , , , ,,NOV-2021, ,DEC-2021,06:32, ,202381ad8d8e6c4,[MAY CONTAIN PERSONALLY IDENTIFIABLE INFORMATION], ,[MAY CONTAIN PERSONALLY IDENTIFIABLE INFORMATION], ,[MAY CONTAIN PERSONALLY IDENTIFIABLE INFORMATION], ,Los Angeles, ,CA ,[MAY CONTAIN PERSONALLY IDENTIFIABLE INFORMATION], ,Unknown,Unknown,Unknown,,Y,Unknown, , , , , , ,Y, ,,Unknown,Unknown,Unknown,Unknown,Unknown,Unknown, , , , , , , , , , ,Y,Unknown,Yes,Unknown,Unknown,,Y, , , , , , , , , , ,Y,Y, , , , , , , ,Unknown,,Y,Unknown,,Y,,Y,,Y,"[REDACTED, MAY CONTAIN CONFIDENTIAL BUSINESS INFORMATION]",Y,"[REDACTED, MAY CONTAIN CONFIDENTIAL BUSINESS INFORMATION]",Y
1263-1799,1,"Suzuki Motor USA, LLC",No New or Updated Incident Reports,12,2021,DEC-2021,, ,,,, ,, , ,, ,,, , ,, , ,, , ,, , ,,, , ,,,,,, , , , , , , , ,,, ,,, , ,, ,, ,, ,, ,,, ,,,,, ,, , , , , , , , ,,,,,,,, , , , , , , , , , , ,,,,,, , , , , , , , , , , , , , , , , , ,, ,,, ,,, ,, ,, ,, ,,
30631-1798,1,"Locomation, Inc.",No New or Updated Incident Reports,11,2021,DEC-2021,, ,,,, ,, , ,, ,,, , ,, , ,, , ,, , ,,, , ,,,,,, , , , , , , , ,,, ,,, , ,, ,, ,, ,, ,,, ,,,,, ,, , , , , , , , ,,,,,,,, , , , , , , , , , , ,,,,,, , , , , , , , , , , , , , , , , , ,, ,,, ,,, ,, ,, ,, ,,
30570-1797,1,QCraft.ai,No New or Updated Incident Reports,11,2021,NOV-2021,, ,,,, ,, , ,, ,,, , ,, , ,, , ,, , ,,, , ,,,,,, , , , , , , , ,,, ,,, , ,, ,, ,, ,, ,,, ,,,,, ,, , , , , , , , ,,,,,,,, , , , , , , , , , , ,,,,,, , , , , , , , , , , , , , , , , , ,, ,,, ,,, ,, ,, ,, ,,
30531-1796,1,Transdev Alternative Services,1-Day,,,NOV-2021,SADHW2S13M1, ,N/A,Jaguar,I-Pace, ,2021, ,f97408305266b85,13034, ,In-Vehicle (Commercial / Test),,Y, ,, , ,, , ,, , ,,, , ,,,Yes,ADS,Waymo LLC., , , , ,Y, , , ,,NOV-2021, ,NOV-2021,18:08, ,462947832bd2caa,,Y,,Y,[MAY CONTAIN PERSONALLY IDENTIFIABLE INFORMATION], ,San Francisco, ,CA ,[MAY CONTAIN PERSONALLY IDENTIFIABLE INFORMATION], ,Intersection,Dry,No Unusual Conditions,25, ,Dark - Lighted,Y, , , , , , , ,,Passenger Car,No Injuries Reported,Yes,Proceeding Straight,No,No, , , , , ,Y, , , , , ,Stopped,No,Yes,Yes,0, ,Y, , ,Y, , , , , , , , , , , ,Y,Y, , ,No,, ,Yes,, ,, ,, ,Yes, ,"On November [XXX], 2021 at 6:08 PM PST a Waymo Autonomous Vehicle ('Waymo AV') operating in San Francisco, CA was in a collision involving a passenger vehicle at [XXX] at [XXX]. 
The Waymo AV was stopped at a red light on eastbound [XXX] at [XXX] when a passenger vehicle struck the Waymo AV's rear bumper. At the time of the impact, the Waymo AV's Level 4 ADS was engaged in autonomous mode, and a test driver was present (in the driver's seating position). The Waymo AV's rear bumper sustained damage, and the passenger vehicle's front bumper sustained damage.
Transdev Alternative Services is reporting this crash under Request No. 1 of Standing General Order 2021-01 because a vehicle involved was towed away. Transdev may supplement or correct its reporting with additional information as it may become available. This report is a duplicate to WaymoLLC-202111[XXX]-0 (rev.202111[XXX]211408).",
13781-1793,1,"Tesla, Inc.",1-Day,,,NOV-2021,5YJSA1E26GF, ,N/A,Tesla,Model S, ,2016, ,1ce49b60b46932f,81365, ,Consumer,"[REDACTED, MAY CONTAIN CONFIDENTIAL BUSINESS INFORMATION]", ,Y,, , ,, , ,, , ,,, , ,,,No,ADAS,, , ,Y, , , , , ,,NOV-2021, ,NOV-2021,12:07, ,a888fba15843acb,[MAY CONTAIN PERSONALLY IDENTIFIABLE INFORMATION], ,[MAY CONTAIN PERSONALLY IDENTIFIABLE INFORMATION], ,[MAY CONTAIN PERSONALLY IDENTIFIABLE INFORMATION], ,North Miami Beach, ,FL ,[MAY CONTAIN PERSONALLY IDENTIFIABLE INFORMATION], ,Unknown,Unknown,Unknown,,Y,Unknown, , , , , , ,Y, ,,Unknown,Unknown,Unknown,Unknown,Unknown,Unknown, , , , , , , , , , ,Y,Unknown,Yes,Unknown,Unknown,,Y, , , , , , , , , , ,Y,Y, , , , , , , ,Unknown,,Y,Unknown,,Y,,Y,,Y,"[REDACTED, MAY CONTAIN CONFIDENTIAL BUSINESS INFORMATION]",Y,"[REDACTED, MAY CONTAIN CONFIDENTIAL BUSINESS INFORMATION]",Y
13781-1785,1,"Tesla, Inc.",1-Day,,,NOV-2021,5YJXCAE28HF, ,N/A,Tesla,Model X, ,2017, ,f39bef165c82032,15923, ,Consumer,"[REDACTED, MAY CONTAIN CONFIDENTIAL BUSINESS INFORMATION]", ,Y,, , ,, , ,, , ,,, , ,,,No,ADAS,, ,Y, , , , , , ,,AUG-2019, ,NOV-2021,,Y,78f06bf09979eb7,,Y,,Y,[MAY CONTAIN PERSONALLY IDENTIFIABLE INFORMATION], ,Mount Pleasant, ,NY ,,Y,Unknown,Unknown,Unknown,,Y,Unknown, , , , , , ,Y, ,,Passenger Car,Fatality,Unknown,Unknown,Unknown,Unknown, , , , , , , , , , ,Y,Unknown,Unknown,Unknown,Unknown,,Y, , , , , , , , , , ,Y,Y, , , , , , , ,Unknown,,Y,Unknown,,Y,,Y,,Y,"[REDACTED, MAY CONTAIN CONFIDENTIAL BUSINESS INFORMATION]",Y,"[REDACTED, MAY CONTAIN CONFIDENTIAL BUSINESS INFORMATION]",Y
13781-1784,1,"Tesla, Inc.",1-Day,,,NOV-2021,5YJ3E1EB2JF, ,N/A,Tesla,Model 3, ,2018, ,580db6e98667367,29349, ,Consumer,"[REDACTED, MAY CONTAIN CONFIDENTIAL BUSINESS INFORMATION]", ,Y,, , ,, , ,, , ,,, , ,,,No,ADAS,, , ,Y, , , , , ,,NOV-2021, ,NOV-2021,20:10, ,35d5bd97c16350f,[MAY CONTAIN PERSONALLY IDENTIFIABLE INFORMATION], ,[MAY CONTAIN PERSONALLY IDENTIFIABLE INFORMATION], ,[MAY CONTAIN PERSONALLY IDENTIFIABLE INFORMATION], ,Las Vegas, ,NV ,[MAY CONTAIN PERSONALLY IDENTIFIABLE INFORMATION], ,Unknown,Unknown,Unknown,,Y,Unknown, , , , , , ,Y, ,,Unknown,Unknown,Unknown,Unknown,Unknown,Unknown, , , , , , , , , , ,Y,Unknown,Yes,Unknown,Unknown,,Y, , , , , , , , , , ,Y,Y, , , , , , , ,Unknown,,Y,Unknown,,Y,,Y,,Y,"[REDACTED, MAY CONTAIN CONFIDENTIAL BUSINESS INFORMATION]",Y,"[REDACTED, MAY CONTAIN CONFIDENTIAL BUSINESS INFORMATION]",Y
30711-1759,2,Pony.ai,10-Day Update,,,NOV-2021,KM8K23AG0MU, ,N/A,Hyundai,Kona EV, ,2021, ,39f3358183a2dbc,2550, ,In-Vehicle and Remote (Commercial / Test),L4, , ,, , ,, , ,, , ,,, , ,,,Yes,ADS,Pony.ai, , , , , ,Y, , ,,OCT-2021, ,OCT-2021,10:50, ,aeb0ef282584e35,[MAY CONTAIN PERSONALLY IDENTIFIABLE INFORMATION], ,[MAY CONTAIN PERSONALLY IDENTIFIABLE INFORMATION], ,[MAY CONTAIN PERSONALLY IDENTIFIABLE INFORMATION], ,Fremont, ,CA ,[MAY CONTAIN PERSONALLY IDENTIFIABLE INFORMATION], ,Street,Dry,No Unusual Conditions,40, ,Daylight,Y, , , , , , , ,,Other Fixed Object,No Injuries Reported,Yes,,,, , , , , , , , , , , ,Changing Lanes,No,Yes,Yes,35, , , , , , ,Y, , , ,Y, ,Y, ,Y, ,Y, , , ,No,, ,Yes,, ,, ,, ,Yes, ,"Pony.ai originally submitted a monthly report on November [XXX], 2021, and an amended and corrected report on November [XXX], 2021. This is intended to serve as the ""10-day"" update to the amended report.  
On October [XXX], 2021, after turning right onto [XXX] from [XXX], the Pony.ai Autonomous Vehicle (""Pony.ai AV"") performed a left lane change maneuver in autonomous mode (SAE L4). While performing the lane change, the Pony.ai AV came into contact with a center divider on [XXX]. and the traffic sign that was posted on the divider. The Pony.ai AV suffered moderate damage to the front of the vehicle and the undercarriage. There were no injuries and no other vehicles involved. Fremont Police Department were called to report the incident and the damaged street sign. Pony.ai has subsequently worked with local authorities to resolve all issues related to the damaged sign. Please note that the latitude/longitude provided are GPS coordinates of the location address.
NHTSA has requested the Company to debrief the Agency on this incident. That meeting is scheduled for November [XXX], 2021.  Pony.ai will present a full updated report of the incident to NHTSA at that time and the current status of the Company's investigation.",
30531-1782,1,Transdev Alternative Services,1-Day,,,NOV-2021,SADHW2S16M1, ,N/A,Jaguar,I-Pace, ,2021, ,cf331f383ea5d94,23878, ,In-Vehicle (Commercial / Test),,Y, ,, , ,, , ,, , ,,, , ,,,Yes,ADS,Waymo LLC., , , , ,Y, , , ,,NOV-2021, ,NOV-2021,00:39, ,8f5dc21a34007ed,,Y,,Y,[MAY CONTAIN PERSONALLY IDENTIFIABLE INFORMATION], ,Phoenix, ,AZ ,[MAY CONTAIN PERSONALLY IDENTIFIABLE INFORMATION], ,Intersection,Dry,No Unusual Conditions,35, ,Daylight,Y, , , , , , , ,,Passenger Car,Unknown,Yes,Proceeding Straight,Yes,Yes, , ,Y, , ,Y, , ,Y, , ,Stopped,No,Yes,Yes,0, ,Y, , ,Y, , ,Y, , , , , , , , ,Y,Y, , ,Yes,Phoenix Police Department, ,Yes,[MAY CONTAIN PERSONALLY IDENTIFIABLE INFORMATION], ,[MAY CONTAIN PERSONALLY IDENTIFIABLE INFORMATION], ,,Y,Yes, ,"On November [XXX], 2021 at 12:39 AM PST a Waymo Autonomous Vehicle ('Waymo AV') operating in Phoenix, AZ was in a collision involving a passenger vehicle at [XXX] and [XXX]. 
The Waymo AV was stopped at a right light on southbound [XXX] at [XXX] when a passenger vehicle struck the Waymo AV's rear bumper. At the time of the impact, the Waymo AV's Level 4 ADS was engaged in autonomous mode, and a test driver was present (in the driver's seating position). The Waymo AV's rear bumper and undercarriage sustained damage, and the passenger vehicle's front bumper and hood sustained damage.
Transdev Alternative Services is reporting this crash under Request No. 1 of Standing General Order 2021-01. Transdev may supplement or correct its reporting with additional information as it may become available. This report is a duplicate to Waymo's original report WaymoLLC-202111[XXX]-0 (rev.20211[XXX]4125446).",