Report ID,Report Version,Reporting Entity,Report Type,Report Month,Report Year,Report Submission Date,VIN,VIN - Unknown,Serial Number,Make,Model,Model - Unknown,Model Year,Model Year - Unknown,Same Vehicle ID,Mileage,Mileage - Unknown,Driver / Operator Type,ADAS/ADS System Version,ADAS/ADS System Version - Unk,ADAS/ADS System Version CBI,ADAS/ADS Hardware Version,ADAS/ADS Hardware Version - Unk,ADAS/ADS Hardware Version CBI,ADAS/ADS Software Version,ADAS/ADS Software Version - Unk,ADAS/ADS Software Version CBI,Other Reporting Entities?,Other Reporting Entities? - Unk,Other Reporting Entities? - NA,Federal Regulatory Exemption?,Other Federal Reg. Exemption,Federal Reg. Exemption - Unk,Federal Reg. Exemption - No,State or Local Permit?,State or Local Permit,ADS Equipped?,Automation System Engaged?,Operating Entity,Operating Entity - Unknown,Source - Complaint/Claim,Source - Telematics,Source - Law Enforcement,Source - Field Report,Source - Testing,Source - Media,Source - Other,Source - Other Text,Incident Date,Incident Date - Unknown,Notice Received Date,Incident Time (24:00),Incident Time - Unknown,Same Incident ID,Latitude,Latitude - Unknown,Longitude,Longitude - Unknown,Address,Address - Unknown,City,City - Unknown,State,Zip Code,Zip Code - Unknown,Roadway Type,Roadway Surface,Roadway Description,Posted Speed Limit (MPH),Posted Speed Limit - Unknown,Lighting,Weather - Clear,Weather - Snow,Weather - Cloudy,Weather - Fog/Smoke,Weather - Rain,Weather - Severe Wind,Weather - Unknown,Weather - Other,Weather - Other Text,Crash With,Highest Injury Severity Alleged,Property Damage?,CP Pre-Crash Movement,CP Any Air Bags Deployed?,CP Was Vehicle Towed?,CP Contact Area - Rear Left,CP Contact Area - Left,CP Contact Area - Front Left,CP Contact Area - Rear,CP Contact Area - Top,CP Contact Area - Front,CP Contact Area - Rear Right,CP Contact Area - Right,CP Contact Area - Front Right,CP Contact Area - Bottom,CP Contact Area - Unknown,SV Pre-Crash Movement,SV Any Air Bags Deployed?,SV Was Vehicle Towed?,SV Were All Passengers Belted?,SV Precrash Speed (MPH),SV Pre-crash Speed - Unknown,SV Contact Area - Rear Left,SV Contact Area - Left,SV Contact Area - Front Left,SV Contact Area - Rear,SV Contact Area - Top,SV Contact Area - Front,SV Contact Area - Rear Right,SV Contact Area - Right,SV Contact Area - Front Right,SV Contact Area - Bottom,SV Contact Area - Unknown,Data Availability - EDR,Data Availability - Police Rpt,Data Availability - Telematics,Data Availability - Complaints,Data Availability - Video,Data Availability - Other,Data Availability - No Data,Data Availability - Unknown,Law Enforcement Investigating?,Investigating Agency,Investigating Agency - Unknown,Rep Ent Or Mfr Investigating?,Investigating Officer Name,Inv. Officer Name - Unknown,Investigating Officer Phone,Inv. Officer Phone - Unknown,Investigating Officer Email,Inv. Officer Email - Unknown,Within ODD?,Within ODD? - CBI,Narrative,Narrative - CBI?
30830-1625,1,Local Motors Industries,No New or Updated Incident Reports,11,2021,NOV-2021,, ,,,, ,, , ,, ,,, , ,, , ,, , ,, , ,,, , ,,,,,, , , , , , , , ,,, ,,, , ,, ,, ,, ,, ,,, ,,,,, ,, , , , , , , , ,,,,,,,, , , , , , , , , , , ,,,,,, , , , , , , , , , , , , , , , , , ,, ,,, ,,, ,, ,, ,, ,,
62-1623,1,Honda (American Honda Motor Co.),1-Day,,,NOV-2021,1HGCV1F15MA, ,n/a,Honda,Accord, ,2021, ,bd8ef67f5c483ce,,Y,Consumer,,Y, ,, , ,, , ,, , ,,, , ,,,No,ADAS,, ,Y, , , , , , ,,DEC-2020, ,NOV-2021,,Y,2c1c6e38e9cf0ff,,Y,,Y,,Y,North Montgomery, ,AL ,,Y,Highway / Freeway,Unknown,Unknown,,Y,Unknown, , , , , , ,Y, ,,Unknown,No Injuries Reported,Unknown,Unknown,Unknown,Unknown, , , , , , , , , , ,Y,Proceeding Straight,No,Yes,Unknown,,Y, , , ,Y, , , , , , , , , , ,Y, , , , ,No,, ,No,, ,, ,, ,Unknown, ,The customer was driving on a highway when another vehicle rear-ended the customer's vehicle. The customer alleges that both the Lane Keep Assist System and Adaptive Cruise Control were engaged.,
31101-1622,1,Yandex Self Driving Group Inc.,No New or Updated Incident Reports,11,2021,NOV-2021,, ,,,, ,, , ,, ,,, , ,, , ,, , ,, , ,,, , ,,,,,, , , , , , , , ,,, ,,, , ,, ,, ,, ,, ,,, ,,,,, ,, , , , , , , , ,,,,,,,, , , , , , , , , , , ,,,,,, , , , , , , , , , , , , , , , , , ,, ,,, ,,, ,, ,, ,, ,,
540-1621,1,"General Motors, LLC",No New or Updated Incident Reports,11,2021,NOV-2021,, ,,,, ,, , ,, ,,, , ,, , ,, , ,, , ,,, , ,,,,,, , , , , , , , ,,, ,,, , ,, ,, ,, ,, ,,, ,,,,, ,, , , , , , , , ,,,,,,,, , , , , , , , , , , ,,,,,, , , , , , , , , , , , , , , , , , ,, ,,, ,,, ,, ,, ,, ,,
30630-1620,1,Ambarella,No New or Updated Incident Reports,10,2021,NOV-2021,, ,,,, ,, , ,, ,,, , ,, , ,, , ,, , ,,, , ,,,,,, , , , , , , , ,,, ,,, , ,, ,, ,, ,, ,,, ,,,,, ,, , , , , , , , ,,,,,,,, , , , , , , , , , , ,,,,,, , , , , , , , , , , , , , , , , , ,, ,,, ,,, ,, ,, ,, ,,
13781-1619,1,"Tesla, Inc.",1-Day,,,NOV-2021,5YJ3E1EA1JF, ,N/A,Tesla,Model 3, ,2018, ,baf0f21f5424105,35120, ,Consumer,"[REDACTED, MAY CONTAIN CONFIDENTIAL BUSINESS INFORMATION]", ,Y,, , ,, , ,, , ,,, , ,,,No,ADAS,, , ,Y, , , , , ,,NOV-2021, ,NOV-2021,18:41, ,cef783847363573,[MAY CONTAIN PERSONALLY IDENTIFIABLE INFORMATION], ,[MAY CONTAIN PERSONALLY IDENTIFIABLE INFORMATION], ,[MAY CONTAIN PERSONALLY IDENTIFIABLE INFORMATION], ,Fremont, ,CA ,[MAY CONTAIN PERSONALLY IDENTIFIABLE INFORMATION], ,Unknown,Unknown,Unknown,,Y,Unknown, , , , , , ,Y, ,,Unknown,Unknown,Unknown,Unknown,Unknown,Unknown, , , , , , , , , , ,Y,Unknown,Yes,Unknown,Unknown,,Y, , , , , , , , , , ,Y,Y, , , , , , , ,Unknown,,Y,Unknown,,Y,,Y,,Y,"[REDACTED, MAY CONTAIN CONFIDENTIAL BUSINESS INFORMATION]",Y,"[REDACTED, MAY CONTAIN CONFIDENTIAL BUSINESS INFORMATION]",Y
30531-1618,1,Transdev Alternative Services,1-Day,,,NOV-2021,SADHW2S17M1, ,N/A,Jaguar,I-Pace, ,2021, ,c7cd0871d60a651,10606, ,In-Vehicle (Commercial / Test),,Y, ,, , ,, , ,, , ,,, , ,,,Yes,ADS,Waymo LLC., , , , ,Y, , , ,,NOV-2021, ,NOV-2021,16:28, ,b4618f349040cbb,,Y,,Y,[MAY CONTAIN PERSONALLY IDENTIFIABLE INFORMATION], ,San Francisco, ,CA ,,Y,Intersection,Dry,No Unusual Conditions,25, ,Daylight, , ,Y, , , , , ,,Passenger Car,No Injuries Reported,Yes,Proceeding Straight,No,Unknown, , , , , ,Y, , ,Y, , ,Stopped,No,No,Yes,0, ,Y, , ,Y, , , , , , , , , , , ,Y,Y, , ,Unknown,San Francisco PD, ,Yes,,Y,,Y,,Y,Yes, ,"On November [XXX], 2021 at 4:28 PM PDT a Waymo Autonomous Vehicle ('Waymo AV') operating in San Francisco, California was in a collision involving a passenger vehicle on [XXX] at [XXX]. 
The Waymo AV was traveling in autonomous mode southbound on [XXX] when it activated its right turn signal and prepared to make a right turn onto [XXX]. The Waymo AV stopped to yield to a pedestrian who was in the adjacent crosswalk on [XXX]. A passenger vehicle behind the Waymo AV struck the rear of the Waymo AV. The Waymo AV sustained minor damage to its rear bumper, and the trailing passenger vehicle sustained minor damage to its front bumper. 
Transdev Alternative Services is reporting this crash under Request No. 1 of Standing General Order 2021-01 because the Waymo AV was stopped for a pedestrian when the impact occurred. Transdev may supplement or correct its reporting with additional information as it may become available.",
30410-1617,1,Motional,No New or Updated Incident Reports,10,2021,NOV-2021,, ,,,, ,, , ,, ,,, , ,, , ,, , ,, , ,,, , ,,,,,, , , , , , , , ,,, ,,, , ,, ,, ,, ,, ,,, ,,,,, ,, , , , , , , , ,,,,,,,, , , , , , , , , , , ,,,,,, , , , , , , , , , , , , , , , , , ,, ,,, ,,, ,, ,, ,, ,,
30432-1615,1,Apex.AI Inc.,No New or Updated Incident Reports,11,2021,NOV-2021,, ,,,, ,, , ,, ,,, , ,, , ,, , ,, , ,,, , ,,,,,, , , , , , , , ,,, ,,, , ,, ,, ,, ,, ,,, ,,,,, ,, , , , , , , , ,,,,,,,, , , , , , , , , , , ,,,,,, , , , , , , , , , , , , , , , , , ,, ,,, ,,, ,, ,, ,, ,,
30631-1614,1,"Locomation, Inc.",No New or Updated Incident Reports,10,2021,NOV-2021,, ,,,, ,, , ,, ,,, , ,, , ,, , ,, , ,,, , ,,,,,, , , , , , , , ,,, ,,, , ,, ,, ,, ,, ,,, ,,,,, ,, , , , , , , , ,,,,,,,, , , , , , , , , , , ,,,,,, , , , , , , , , , , , , , , , , , ,, ,,, ,,, ,, ,, ,, ,,
273-1597,1,"Chrysler (FCA US, LLC)",1-Day,,,NOV-2021,1C4RJKEGXM8, ,N/A,Jeep,Grand Cherokee, ,2021, ,b1622ef286d26bf,,Y,In-Vehicle (Commercial / Test),,Y, ,, , ,, , ,, , ,,, , ,,,,,APTIV, , , , , , , ,Y,APTIV,NOV-2021, ,NOV-2021,16:00, ,d3825fdba7cadca,,Y,,Y,[MAY CONTAIN PERSONALLY IDENTIFIABLE INFORMATION], ,Lincolnwood, ,IL ,,Y,Highway / Freeway,Unknown,Unknown,,Y,Daylight, , , , , , ,Y, ,,Pickup Truck,Unknown,Yes,Unknown,Unknown,Yes, , , , , , , , , , ,Y,Proceeding Straight,Unknown,Yes,Unknown,,Y, , , , , , , , , , ,Y, , , , , , , ,Y,Yes,,Y,Unknown,,Y,,Y,,Y,Unknown, ,"[REDACTED, MAY CONTAIN CONFIDENTIAL BUSINESS INFORMATION]",Y
62-1609,1,Honda (American Honda Motor Co.),1-Day,,,NOV-2021,JHMCR6F74HC, ,n/a,Honda,Accord Hybrid, ,2017, ,8671841be157fae,,Y,Consumer,,Y, ,, , ,, , ,, , ,,, , ,,,No,ADAS,, ,Y, , , , , , ,,SEP-2021, ,NOV-2021,,Y,1bd0a3dbefc9039,,Y,,Y,,Y,San Diego, ,CA ,,Y,Unknown,Unknown,"Other, see Narrative",,Y,Unknown, , , , , , ,Y, ,,Unknown,No Injuries Reported,No,Parked,Unknown,Unknown, , , ,Y, , , , , , , ,Parking Maneuver,Yes,No,Unknown,,Y, , , , , ,Y, , , , , , , , ,Y, , , , ,No,, ,No,, ,, ,, ,Unknown, ,The customer was parking on a hill and rear-ended the vehicle in front of her. The customer alleges that the Lane Keep Assist System and Adaptive Cruise Control were engaged.,
62-1607,1,Honda (American Honda Motor Co.),1-Day,,,NOV-2021,2HGFC2F64LH, ,n/a,Honda,Civic, ,2020, ,2b449b726fdd406,,Y,Consumer,,Y, ,, , ,, , ,, , ,,, , ,,,No,ADAS,, ,Y, , , , , , ,,OCT-2021, ,NOV-2021,,Y,75847196e343f0c,,Y,,Y,,Y,Los Angeles, ,CA ,,Y,Intersection,Unknown,Unknown,,Y,Unknown, , , , , , ,Y, ,,Unknown,Moderate,Unknown,Proceeding Straight,Unknown,Unknown, , , , , ,Y, , , , , ,Stopped,No,Yes,Unknown,0, , , , ,Y, ,Y, , , , , , , , ,Y, , , , ,No,, ,No,, ,, ,, ,Unknown, ,"The customer was stopped at an intersection when a vehicle rear-ended him, causing the customer to hit the vehicle in front of him. The customer alleges that the Lane Keep Assist System and Adaptive Cruise Control were engaged.",
13781-1599,1,"Tesla, Inc.",1-Day,,,NOV-2021,5YJYGDEE4MF, ,N/A,Tesla,Model Y, ,2021, ,582d39a9033d38a,7771, ,Consumer,"[REDACTED, MAY CONTAIN CONFIDENTIAL BUSINESS INFORMATION]", ,Y,, , ,, , ,, , ,,, , ,,,No,ADAS,, , ,Y, , , , , ,,NOV-2021, ,NOV-2021,01:20, ,85cfc80a21463a2,[MAY CONTAIN PERSONALLY IDENTIFIABLE INFORMATION], ,[MAY CONTAIN PERSONALLY IDENTIFIABLE INFORMATION], ,[MAY CONTAIN PERSONALLY IDENTIFIABLE INFORMATION], ,Portsmouth, ,NH ,[MAY CONTAIN PERSONALLY IDENTIFIABLE INFORMATION], ,Unknown,Unknown,Unknown,,Y,Unknown, , , , , , ,Y, ,,Unknown,Unknown,Unknown,Unknown,Unknown,Unknown, , , , , , , , , , ,Y,Unknown,Yes,Unknown,Unknown,,Y, , , , , , , , , , ,Y,Y, , , , , , , ,Unknown,,Y,Unknown,,Y,,Y,,Y,"[REDACTED, MAY CONTAIN CONFIDENTIAL BUSINESS INFORMATION]",Y,"[REDACTED, MAY CONTAIN CONFIDENTIAL BUSINESS INFORMATION]",Y
13781-1598,1,"Tesla, Inc.",1-Day,,,NOV-2021,5YJSA1H1XEF, ,N/A,Tesla,Model S, ,2014, ,74a8e5a4b19a550,58411, ,Consumer,"[REDACTED, MAY CONTAIN CONFIDENTIAL BUSINESS INFORMATION]", ,Y,, , ,, , ,, , ,,, , ,,,No,ADAS,, , ,Y, , , , , ,,NOV-2021, ,NOV-2021,14:54, ,cbc9bcd98044093,[MAY CONTAIN PERSONALLY IDENTIFIABLE INFORMATION], ,[MAY CONTAIN PERSONALLY IDENTIFIABLE INFORMATION], ,[MAY CONTAIN PERSONALLY IDENTIFIABLE INFORMATION], ,San Clemente, ,CA ,[MAY CONTAIN PERSONALLY IDENTIFIABLE INFORMATION], ,Unknown,Unknown,Unknown,,Y,Unknown, , , , , , ,Y, ,,Unknown,Unknown,Unknown,Unknown,Unknown,Unknown, , , , , , , , , , ,Y,Unknown,Yes,Unknown,Unknown,,Y, , , , , , , , , , ,Y,Y, , , , , , , ,Unknown,,Y,Unknown,,Y,,Y,,Y,"[REDACTED, MAY CONTAIN CONFIDENTIAL BUSINESS INFORMATION]",Y,"[REDACTED, MAY CONTAIN CONFIDENTIAL BUSINESS INFORMATION]",Y
988-1596,1,PACCAR Incorporated,No New or Updated Incident Reports,10,2021,NOV-2021,, ,,,, ,, , ,, ,,, , ,, , ,, , ,, , ,,, , ,,,,,, , , , , , , , ,,, ,,, , ,, ,, ,, ,, ,,, ,,,,, ,, , , , , , , , ,,,,,,,, , , , , , , , , , , ,,,,,, , , , , , , , , , , , , , , , , , ,, ,,, ,,, ,, ,, ,, ,,
10561-1595,1,APTIV,1-Day,,,NOV-2021,1C4RJKEGXM8, ,N/A,Jeep,Grand Cherokee, ,2021, ,b1622ef286d26bf,23168, ,In-Vehicle (Commercial / Test),"[REDACTED, MAY CONTAIN CONFIDENTIAL BUSINESS INFORMATION]", ,Y,, , ,, , ,, , ,,, , ,,,No,ADAS,Aptiv, , , ,Y,Y, , , ,,NOV-2021, ,NOV-2021,16:00, ,d3825fdba7cadca,,Y,,Y,[MAY CONTAIN PERSONALLY IDENTIFIABLE INFORMATION], ,Lincolnwood, ,IL ,[MAY CONTAIN PERSONALLY IDENTIFIABLE INFORMATION], ,Highway / Freeway,Dry,No Unusual Conditions,,Y,Daylight,Y, , , , , , , ,,Pickup Truck,Unknown,No,Lane / Road Departure,Yes,Yes, ,Y,Y, , , , , , , , ,Proceeding Straight,No,Yes,Yes,,Y, , , , , , ,Y,Y,Y, , , ,Y, , , , , , ,Unknown,Illinois State Police, ,Unknown,[MAY CONTAIN PERSONALLY IDENTIFIABLE INFORMATION], ,,Y,,Y,"[REDACTED, MAY CONTAIN CONFIDENTIAL BUSINESS INFORMATION]",Y,"[REDACTED, MAY CONTAIN CONFIDENTIAL BUSINESS INFORMATION]",Y
30550-1594,1,Intel Corporation,No New or Updated Incident Reports,10,2021,NOV-2021,, ,,,, ,, , ,, ,,, , ,, , ,, , ,, , ,,, , ,,,,,, , , , , , , , ,,, ,,, , ,, ,, ,, ,, ,,, ,,,,, ,, , , , , , , , ,,,,,,,, , , , , , , , , , , ,,,,,, , , , , , , , , , , , , , , , , , ,, ,,, ,,, ,, ,, ,, ,,
30413-1593,1,May Mobility,No New or Updated Incident Reports,10,2021,NOV-2021,, ,,,, ,, , ,, ,,, , ,, , ,, , ,, , ,,, , ,,,,,, , , , , , , , ,,, ,,, , ,, ,, ,, ,, ,,, ,,,,, ,, , , , , , , , ,,,,,,,, , , , , , , , , , , ,,,,,, , , , , , , , , , , , , , , , , , ,, ,,, ,,, ,, ,, ,, ,,
30411-1592,1,Pronto AI,No New or Updated Incident Reports,11,2021,NOV-2021,, ,,,, ,, , ,, ,,, , ,, , ,, , ,, , ,,, , ,,,,,, , , , , , , , ,,, ,,, , ,, ,, ,, ,, ,,, ,,,,, ,, , , , , , , , ,,,,,,,, , , , , , , , , , , ,,,,,, , , , , , , , , , , , , , , , , , ,, ,,, ,,, ,, ,, ,, ,,
10039-1548,4,"BMW of North America, LLC",10-Day Update,,,NOV-2021,WBA53BH03MC, ,N/A,BMW,530i, ,2021, ,b04a9a933304ad0,,Y,Consumer,,Y, ,, , ,, , ,, , ,,, , ,,,No,ADAS,, ,Y, , , , , , ,,,Y,OCT-2021,,Y, ,,Y,,Y,,Y,Houston, ,TX ,,Y,Highway / Freeway,"Other, see Narrative","Other, see Narrative",,Y,"Other, see Narrative", , , , , , , ,Y,Hurricane Ida,Other Fixed Object,No Injuries Reported,Unknown,,,, , , , , , , , , , , ,"Other, see Narrative",Unknown,Yes,Yes,,Y, , , , , , , , , , ,Y, , , , , , , ,Y,No,, ,Unknown,, ,, ,, ,"[REDACTED, MAY CONTAIN CONFIDENTIAL BUSINESS INFORMATION]",Y,"As of November [XXX], 2021, there is no update. 
According to the customer, [REDACTED, MAY CONTAIN CONFIDENTIAL BUSINESS INFORMATION]",Y
62-1591,1,Honda (American Honda Motor Co.),1-Day,,,NOV-2021,1HGCR2F56HA, ,n/a,Honda,Accord, ,2017, ,1036b3259ace8ca,,Y,Consumer,,Y, ,, , ,, , ,, , ,,, , ,,,No,ADAS,, ,Y, , , , , , ,,NOV-2021, ,NOV-2021,,Y,7d320f5607aa249,,Y,,Y,,Y,Fort Lauderdale, ,FL ,,Y,Parking Lot,Unknown,Unknown,,Y,Unknown, , , , , , ,Y, ,,Pole / Tree,Moderate,Unknown,,,, , , , , , , , , , , ,"Other, see Narrative",Yes,Yes,Unknown,,Y, , , , , , , , , , ,Y, , , ,Y, , , , ,No,, ,No,, ,, ,, ,Unknown, ,"The customer was leaving an apartment complex when she drove over a speed bump, causing her to lose control and hit a tree. Customer alleges that both the Lane Keep Assist System and Adaptive Cruise Control were engaged.",
62-1590,1,Honda (American Honda Motor Co.),1-Day,,,NOV-2021,5FNRL6H90JB, ,N/A,Honda,Odyssey, ,2018, ,e731c92c7bd8363,,Y,Consumer,,Y, ,, , ,, , ,, , ,,, , ,,,No,ADAS,, ,Y, , , , , , ,,OCT-2021, ,NOV-2021,,Y,93584ba02779625,,Y,,Y,,Y,Marion, ,IL ,,Y,Unknown,Unknown,Unknown,,Y,Unknown, , , , , , ,Y, ,,Animal,Minor,Unknown,Unknown,,, , , , , , , , , , , ,Unknown,Yes,Yes,Unknown,60, , ,Y, , , , , , , , , , , , ,Y, , , , ,No,, ,No,, ,, ,, ,Unknown, ,Customer was driving at 60 miles per hour and hit a deer on the driver's side. Customer alleges that the Lane Keep Assist System and Adaptive Cruise Control were engaged.,
13781-1589,1,"Tesla, Inc.",1-Day,,,NOV-2021,5YJ3E1EB2MF, ,N/A,Tesla,Model 3, ,2021, ,9fdeaaafe2fee5d,24021, ,Consumer,"[REDACTED, MAY CONTAIN CONFIDENTIAL BUSINESS INFORMATION]", ,Y,, , ,, , ,, , ,,, , ,,,No,ADAS,, , ,Y, , , , , ,,OCT-2021, ,NOV-2021,17:18, ,6029b5a02bd1508,[MAY CONTAIN PERSONALLY IDENTIFIABLE INFORMATION], ,[MAY CONTAIN PERSONALLY IDENTIFIABLE INFORMATION], ,[MAY CONTAIN PERSONALLY IDENTIFIABLE INFORMATION], ,Culpeper, ,VA ,[MAY CONTAIN PERSONALLY IDENTIFIABLE INFORMATION], ,Unknown,Unknown,Unknown,,Y,Unknown, , , , , , ,Y, ,,Unknown,Unknown,Unknown,Unknown,Unknown,Unknown, , , , , , , , , , ,Y,Unknown,Yes,Unknown,Unknown,,Y, , , , , , , , , , ,Y,Y, , , , , , , ,Unknown,,Y,Unknown,,Y,,Y,,Y,"[REDACTED, MAY CONTAIN CONFIDENTIAL BUSINESS INFORMATION]",Y,"[REDACTED, MAY CONTAIN CONFIDENTIAL BUSINESS INFORMATION]",Y
30411-1588,1,Pronto AI,No New or Updated Incident Reports,10,2021,NOV-2021,, ,,,, ,, , ,, ,,, , ,, , ,, , ,, , ,,, , ,,,,,, , , , , , , , ,,, ,,, , ,, ,, ,, ,, ,,, ,,,,, ,, , , , , , , , ,,,,,,,, , , , , , , , , , , ,,,,,, , , , , , , , , , , , , , , , , , ,, ,,, ,,, ,, ,, ,, ,,
62-1587,1,Honda (American Honda Motor Co.),1-Day,,,NOV-2021,2HGFC1F76MH, ,N/A,Honda,Civic, ,2021, ,fb7944e6a684ab1,,Y,Consumer,,Y, ,, , ,, , ,, , ,,, , ,,,No,ADAS,, ,Y, , , , , , ,,NOV-2021, ,NOV-2021,,Y,c396cfd34b7abca,,Y,,Y,,Y,,Y,FL ,,Y,Intersection,Unknown,Unknown,,Y,Unknown, , , , , , ,Y, ,,Heavy Truck,Unknown,Unknown,Proceeding Straight,Unknown,Unknown, , , , , ,Y, , , , , ,Stopped,No,Yes,Unknown,,Y, , , ,Y, ,Y, , , , , , , , ,Y, , , , ,No,, ,No,, ,, ,, ,Unknown, ,"The customer was stopped at an intersection when a dump truck rear-ended the customer's vehicle, causing it to hit the vehicle in front of the customer. The customer alleges that both the Lane Keep Assist System and Adaptive Cruise Control were engaged.",
31099-1586,1,"Telenav, Inc.",No New or Updated Incident Reports,11,2021,NOV-2021,, ,,,, ,, , ,, ,,, , ,, , ,, , ,, , ,,, , ,,,,,, , , , , , , , ,,, ,,, , ,, ,, ,, ,, ,,, ,,,,, ,, , , , , , , , ,,,,,,,, , , , , , , , , , , ,,,,,, , , , , , , , , , , , , , , , , , ,, ,,, ,,, ,, ,, ,, ,,
1243-1582,1,"Subaru of America, Inc.",1-Day,,,NOV-2021,JF2SKARCXMH, ,N/A,Subaru,Forester, ,2021, ,531df7c2eb50fe4,23375, ,Consumer,,Y, ,, , ,, , ,, , ,,, , ,,,No,ADAS,, ,Y,Y, , , , , ,,OCT-2021, ,NOV-2021,07:20, ,7796765cf6c9f3f,[MAY CONTAIN PERSONALLY IDENTIFIABLE INFORMATION], ,[MAY CONTAIN PERSONALLY IDENTIFIABLE INFORMATION], ,[MAY CONTAIN PERSONALLY IDENTIFIABLE INFORMATION], ,Dog Town, ,CA ,[MAY CONTAIN PERSONALLY IDENTIFIABLE INFORMATION], ,Highway / Freeway,Dry,No Unusual Conditions,65, ,Dawn / Dusk,Y, , , , , , , ,,Animal,Minor,No,Unknown,,, , , , , , , , , , , ,Proceeding Straight,Yes,Yes,Yes,70, , , , , , , , , , , ,Y, , , ,Y, , , , ,Unknown,,Y,Unknown,,Y,,Y,,Y,Unknown, ,"[REDACTED, MAY CONTAIN CONFIDENTIAL BUSINESS INFORMATION]",Y
13781-1585,1,"Tesla, Inc.",1-Day,,,NOV-2021,5YJ3E1EA7JF, ,N/A,Tesla,Model 3, ,2018, ,408cfb841a62199,51009, ,Consumer,"[REDACTED, MAY CONTAIN CONFIDENTIAL BUSINESS INFORMATION]", ,Y,, , ,, , ,, , ,,, , ,,,No,ADAS,, , ,Y, , , , , ,,NOV-2021, ,NOV-2021,02:58, ,a68ec6b56e6f607,[MAY CONTAIN PERSONALLY IDENTIFIABLE INFORMATION], ,[MAY CONTAIN PERSONALLY IDENTIFIABLE INFORMATION], ,[MAY CONTAIN PERSONALLY IDENTIFIABLE INFORMATION], ,Sierra Vista, ,AZ ,[MAY CONTAIN PERSONALLY IDENTIFIABLE INFORMATION], ,Unknown,Unknown,Unknown,,Y,Unknown, , , , , , ,Y, ,,Unknown,Unknown,Unknown,Unknown,Unknown,Unknown, , , , , , , , , , ,Y,Unknown,Yes,Unknown,Unknown,,Y, , , , , , , , , , ,Y,Y, , , , , , , ,Unknown,,Y,Unknown,,Y,,Y,,Y,"[REDACTED, MAY CONTAIN CONFIDENTIAL BUSINESS INFORMATION]",Y,"[REDACTED, MAY CONTAIN CONFIDENTIAL BUSINESS INFORMATION]",Y
13781-1584,1,"Tesla, Inc.",1-Day,,,NOV-2021,5YJSA1E2XGF, ,N/A,Tesla,Model S, ,2016, ,a00905cd720949d,117685, ,Consumer,"[REDACTED, MAY CONTAIN CONFIDENTIAL BUSINESS INFORMATION]", ,Y,, , ,, , ,, , ,,, , ,,,No,ADAS,, , ,Y, , , , , ,,NOV-2021, ,NOV-2021,18:45, ,c5de22c22ec7353,[MAY CONTAIN PERSONALLY IDENTIFIABLE INFORMATION], ,[MAY CONTAIN PERSONALLY IDENTIFIABLE INFORMATION], ,[MAY CONTAIN PERSONALLY IDENTIFIABLE INFORMATION], ,Ottawa, ,IL ,[MAY CONTAIN PERSONALLY IDENTIFIABLE INFORMATION], ,Unknown,Unknown,Unknown,,Y,Unknown, , , , , , ,Y, ,,Unknown,Unknown,Unknown,Unknown,Unknown,Unknown, , , , , , , , , , ,Y,Unknown,Yes,Unknown,Unknown,,Y, , , , , , , , , , ,Y,Y, , , , , , , ,Unknown,,Y,Unknown,,Y,,Y,,Y,"[REDACTED, MAY CONTAIN CONFIDENTIAL BUSINESS INFORMATION]",Y,"[REDACTED, MAY CONTAIN CONFIDENTIAL BUSINESS INFORMATION]",Y
62-1581,1,Honda (American Honda Motor Co.),1-Day,,,NOV-2021,SHHFK7G41MU, ,N/A,Honda,Civic, ,2021, ,0b6f9b4e4516206,,Y,Consumer,,Y, ,, , ,, , ,, , ,,, , ,,,No,ADAS,, ,Y, , , , , , ,,SEP-2021, ,NOV-2021,,Y,aeda49547720093,,Y,,Y,,Y,Schroon, ,NY ,,Y,Highway / Freeway,Unknown,Unknown,,Y,Unknown, , , , , , ,Y, ,,Animal,No Injuries Reported,Unknown,Unknown,,, , , , , , , , , , , ,Proceeding Straight,Yes,Yes,Unknown,75, , , ,Y, , ,Y, , , , , , , , ,Y, , , , ,No,, ,No,, ,, ,, ,Unknown, ,"Customer was driving on a highway and hit a deer. Customer stated that the 'seat belt airbags' deployed in the accident, as well as Lane Keep Assist System and Adaptive Cruise Control.",
30391-1580,1,Kodiak Robotics,No New or Updated Incident Reports,10,2021,NOV-2021,, ,,,, ,, , ,, ,,, , ,, , ,, , ,, , ,,, , ,,,,,, , , , , , , , ,,, ,,, , ,, ,, ,, ,, ,,, ,,,,, ,, , , , , , , , ,,,,,,,, , , , , , , , , , , ,,,,,, , , , , , , , , , , , , , , , , , ,, ,,, ,,, ,, ,, ,, ,,
62-1578,1,Honda (American Honda Motor Co.),1-Day,,,NOV-2021,5FPYK3F72KB, ,N/A,Honda,Ridgeline, ,2019, ,9b2b037d22d8052,,Y,Consumer,,Y, ,, , ,, , ,, , ,,, , ,,,No,ADAS,, ,Y, , , , , , ,,NOV-2021, ,NOV-2021,,Y,56587e390ad44d6,,Y,,Y,,Y,Story City, ,IA ,,Y,Highway / Freeway,Unknown,Unknown,,Y,Unknown, , , , , , ,Y, ,,Animal,No Injuries Reported,Unknown,Unknown,,, , , , , , , , , , , ,Proceeding Straight,No,Yes,Unknown,,Y, , , , , , , , , , ,Y, , , ,Y, , , , ,No,, ,No,, ,, ,, ,Unknown, ,Customer was driving on a highway and hit a deer.,