Report ID,Report Version,Reporting Entity,Report Type,Report Month,Report Year,Report Submission Date,VIN,VIN - Unknown,Serial Number,Make,Model,Model - Unknown,Model Year,Model Year - Unknown,Same Vehicle ID,Mileage,Mileage - Unknown,Driver / Operator Type,ADAS/ADS System Version,ADAS/ADS System Version - Unk,ADAS/ADS System Version CBI,ADAS/ADS Hardware Version,ADAS/ADS Hardware Version - Unk,ADAS/ADS Hardware Version CBI,ADAS/ADS Software Version,ADAS/ADS Software Version - Unk,ADAS/ADS Software Version CBI,Other Reporting Entities?,Other Reporting Entities? - Unk,Other Reporting Entities? - NA,Federal Regulatory Exemption?,Other Federal Reg. Exemption,Federal Reg. Exemption - Unk,Federal Reg. Exemption - No,State or Local Permit?,State or Local Permit,ADS Equipped?,Automation System Engaged?,Operating Entity,Operating Entity - Unknown,Source - Complaint/Claim,Source - Telematics,Source - Law Enforcement,Source - Field Report,Source - Testing,Source - Media,Source - Other,Source - Other Text,Incident Date,Incident Date - Unknown,Notice Received Date,Incident Time (24:00),Incident Time - Unknown,Same Incident ID,Latitude,Latitude - Unknown,Longitude,Longitude - Unknown,Address,Address - Unknown,City,City - Unknown,State,Zip Code,Zip Code - Unknown,Roadway Type,Roadway Surface,Roadway Description,Posted Speed Limit (MPH),Posted Speed Limit - Unknown,Lighting,Weather - Clear,Weather - Snow,Weather - Cloudy,Weather - Fog/Smoke,Weather - Rain,Weather - Severe Wind,Weather - Unknown,Weather - Other,Weather - Other Text,Crash With,Highest Injury Severity Alleged,Property Damage?,CP Pre-Crash Movement,CP Any Air Bags Deployed?,CP Was Vehicle Towed?,CP Contact Area - Rear Left,CP Contact Area - Left,CP Contact Area - Front Left,CP Contact Area - Rear,CP Contact Area - Top,CP Contact Area - Front,CP Contact Area - Rear Right,CP Contact Area - Right,CP Contact Area - Front Right,CP Contact Area - Bottom,CP Contact Area - Unknown,SV Pre-Crash Movement,SV Any Air Bags Deployed?,SV Was Vehicle Towed?,SV Were All Passengers Belted?,SV Precrash Speed (MPH),SV Pre-crash Speed - Unknown,SV Contact Area - Rear Left,SV Contact Area - Left,SV Contact Area - Front Left,SV Contact Area - Rear,SV Contact Area - Top,SV Contact Area - Front,SV Contact Area - Rear Right,SV Contact Area - Right,SV Contact Area - Front Right,SV Contact Area - Bottom,SV Contact Area - Unknown,Data Availability - EDR,Data Availability - Police Rpt,Data Availability - Telematics,Data Availability - Complaints,Data Availability - Video,Data Availability - Other,Data Availability - No Data,Data Availability - Unknown,Law Enforcement Investigating?,Investigating Agency,Investigating Agency - Unknown,Rep Ent Or Mfr Investigating?,Investigating Officer Name,Inv. Officer Name - Unknown,Investigating Officer Phone,Inv. Officer Phone - Unknown,Investigating Officer Email,Inv. Officer Email - Unknown,Within ODD?,Within ODD? - CBI,Narrative,Narrative - CBI?
13781-1388,1,"Tesla, Inc.",1-Day,,,OCT-2021,5YJ3E1EA6LF, ,N/A,Tesla,Model 3, ,2020, ,6fbbff90bbb8e5c,38808, ,Consumer,"[REDACTED, MAY CONTAIN CONFIDENTIAL BUSINESS INFORMATION]", ,Y,, , ,, , ,, , ,,, , ,,,No,ADAS,, , ,Y, , , , , ,,OCT-2021, ,OCT-2021,07:14, ,95f23d4056845e4,[MAY CONTAIN PERSONALLY IDENTIFIABLE INFORMATION], ,[MAY CONTAIN PERSONALLY IDENTIFIABLE INFORMATION], ,[MAY CONTAIN PERSONALLY IDENTIFIABLE INFORMATION], ,Torrance, ,CA ,[MAY CONTAIN PERSONALLY IDENTIFIABLE INFORMATION], ,Unknown,Unknown,Unknown,,Y,Unknown, , , , , , ,Y, ,,Unknown,Unknown,Unknown,Unknown,Unknown,Unknown, , , , , , , , , , ,Y,Unknown,Yes,Unknown,Unknown,,Y, , , , , , , , , , ,Y,Y, , , , , , , ,Unknown,,Y,Unknown,,Y,,Y,,Y,"[REDACTED, MAY CONTAIN CONFIDENTIAL BUSINESS INFORMATION]",Y,"[REDACTED, MAY CONTAIN CONFIDENTIAL BUSINESS INFORMATION]",Y
62-1386,1,Honda (American Honda Motor Co.),1-Day,,,OCT-2021,SHHFK7H49MU, ,N/A,Honda,Civic, ,2021, ,343824a3b964046,,Y,Consumer,,Y, ,, , ,, , ,, , ,,, , ,,,No,ADAS,, , , , , , , ,Y,Customer Praise,OCT-2021, ,OCT-2021,,Y,d0bda2653193751,,Y,,Y,,Y,Oneonta, ,AL ,,Y,Highway / Freeway,Unknown,Unknown,,Y,Unknown, , , , , , ,Y, ,,Unknown,Unknown,Unknown,Proceeding Straight,Unknown,Unknown, , , , , , , , , , ,Y,Proceeding Straight,Yes,Yes,Yes,,Y, , , , , , , , , , ,Y, , , , , , , ,Y,Unknown,,Y,No,,Y,,Y,,Y,Unknown, ,Customer contacted Honda to praise her vehicle's safety systems. Customer was driving on a highway when another driver from the opposite direction merged into the customer's lane to cause the crash.,
29771-1385,1,BorgWarner,No New or Updated Incident Reports,10,2021,OCT-2021,, ,,,, ,, , ,, ,,, , ,, , ,, , ,, , ,,, , ,,,,,, , , , , , , , ,,, ,,, , ,, ,, ,, ,, ,,, ,,,,, ,, , , , , , , , ,,,,,,,, , , , , , , , , , , ,,,,,, , , , , , , , , , , , , , , , , , ,, ,,, ,,, ,, ,, ,, ,,
669-1350,2,Hyundai Motor America,10-Day Update,,,OCT-2021,KM8R5DHEXMU, ,N/A,HYUNDAI,PALISADE, ,2021, ,920c6567f5d9516,,Y,Consumer,Highway Drive Assist, , ,, , ,, , ,, , ,,, , ,,,No,ADAS,, ,Y, , , , , , ,,JUL-2021, ,SEP-2021,,Y,edaa26f10eca5bc,[MAY CONTAIN PERSONALLY IDENTIFIABLE INFORMATION], ,[MAY CONTAIN PERSONALLY IDENTIFIABLE INFORMATION], ,[MAY CONTAIN PERSONALLY IDENTIFIABLE INFORMATION], ,,Y,TX ,,Y,Highway / Freeway,Unknown,No Unusual Conditions,,Y,Unknown, , , , , , ,Y, ,,SUV,Unknown,Unknown,Lane / Road Departure,Yes,Yes, ,Y,Y,Y,Y,Y, ,Y,Y, , ,Lane / Road Departure,Yes,Yes,Unknown,,Y, ,Y,Y,Y,Y,Y, ,Y,Y, , , , , , , , , ,Y,Unknown,,Y,Yes,,Y,,Y,,Y,Unknown, ,"According to the customer's email, the vehicle was being driven on a two-lane highway at an unspecified speed. The customer did indicate the Highway Drive Assist mode was on.  The customer alleges that that the vehicle left the lane of travel when driving a steep curved road, initiating a crash.  Hyundai notes that the ODD of the Highway Drive Assist system is limited by certain environmental factors, such as weather and curvatures in the path of travel, requiring the driver to remain engaged at all times while operating the vehicle.  Hyundai is attempting to inspect the incident vehicle and download the EDR report for further analysis.",
1243-1379,1,"Subaru of America, Inc.",1-Day,,,OCT-2021,JF2GTAECXM8, ,N/A,Subaru,Crosstrek, ,2021, ,2d8be67244886ea,4000, ,Consumer,,Y, ,, , ,, , ,, , ,,, , ,,,No,ADAS,, ,Y, , , , , , ,,AUG-2021, ,OCT-2021,08:00, ,47c8f9f110f99a7,,Y,,Y,[MAY CONTAIN PERSONALLY IDENTIFIABLE INFORMATION], ,,Y,NY ,,Y,Highway / Freeway,Dry,No Unusual Conditions,,Y,Daylight,Y, , , , , , , ,,Unknown,Minor,Unknown,Unknown,Unknown,Unknown, , , , , , , , , , ,Y,Proceeding Straight,Yes,Yes,Yes,65, , , , , , , , , , , ,Y, , , , , , , ,Y,Unknown,,Y,Unknown,,Y,,Y,,Y,Unknown, ,"[REDACTED, MAY CONTAIN CONFIDENTIAL BUSINESS INFORMATION]",Y
13781-1383,1,"Tesla, Inc.",1-Day,,,OCT-2021,5YJSA1H44FF, ,N/A,Tesla,Model S, ,2015, ,04b136579715d39,15218, ,Consumer,"[REDACTED, MAY CONTAIN CONFIDENTIAL BUSINESS INFORMATION]", ,Y,, , ,, , ,, , ,,, , ,,,No,ADAS,, , ,Y, , , , , ,,OCT-2021, ,OCT-2021,15:51, ,7eddfc0717ec0fc,[MAY CONTAIN PERSONALLY IDENTIFIABLE INFORMATION], ,[MAY CONTAIN PERSONALLY IDENTIFIABLE INFORMATION], ,[MAY CONTAIN PERSONALLY IDENTIFIABLE INFORMATION], ,Sunnyvale, ,CA ,[MAY CONTAIN PERSONALLY IDENTIFIABLE INFORMATION], ,Unknown,Unknown,Unknown,,Y,Unknown, , , , , , ,Y, ,,Unknown,Unknown,Unknown,Unknown,Unknown,Unknown, , , , , , , , , , ,Y,Unknown,Yes,Unknown,Unknown,,Y, , , , , , , , , , ,Y,Y, , , , , , , ,Unknown,,Y,Unknown,,Y,,Y,,Y,"[REDACTED, MAY CONTAIN CONFIDENTIAL BUSINESS INFORMATION]",Y,"[REDACTED, MAY CONTAIN CONFIDENTIAL BUSINESS INFORMATION]",Y
30531-1382,1,Transdev Alternative Services,1-Day,,,OCT-2021,SADHW2S13M1, ,N/A,Jaguar,I-Pace, ,2021, ,db1aad21cae0c5d,10779, ,In-Vehicle (Commercial / Test),,Y, ,, , ,, , ,, , ,,, , ,,,Yes,ADS,Waymo LLC, , , , ,Y, , , ,,OCT-2021, ,OCT-2021,15:51, ,2be0d6e1e9a8d23,,Y,,Y,[MAY CONTAIN PERSONALLY IDENTIFIABLE INFORMATION], ,San Francisco, ,CA ,[MAY CONTAIN PERSONALLY IDENTIFIABLE INFORMATION], ,Intersection,Dry,No Unusual Conditions,30, ,Daylight,Y, , , , , , , ,,SUV,No Injuries Reported,Yes,Proceeding Straight,No,No, , , , , ,Y, , , , , ,Stopped,No,No,Yes,0, , , , ,Y, , , , , , , , , ,Y, ,Y, , , ,No,, ,Yes,, ,, ,, ,Yes, ,"On October [XXX], 2021 at 3:51 PM PDT a Waymo Autonomous Vehicle ('Waymo AV') operating in San Francisco, California was in a collision involving an SUV at [XXX] at [XXX]. 
The Waymo AV was traveling in autonomous mode westbound on [XXX] / [XXX] when it stopped for pedestrians who were in a crosswalk and between the westbound and eastbound lanes of [XXX]. An SUV following behind the Waymo AV struck the rear of the Waymo AV. The Waymo AV sustained minor damage to its rear bumper and trunk, and the SUV sustained minor damage to its front bumper and hood. 
Transdev Alternative Services is reporting this crash under Request No. 1 of Standing General Order 2021-01 because the Waymo AV was stopped for pedestrians when the impact occurred. Transdev may supplement or correct its reporting with additional information as it may become available. This report is a duplicate to Waymo LLC report: WaymoLLC-202110[XXX]-0 (rev.202110[XXXX]172410).",
30432-1381,1,Apex.AI Inc.,No New or Updated Incident Reports,10,2021,OCT-2021,, ,,,, ,, , ,, ,,, , ,, , ,, , ,, , ,,, , ,,,,,, , , , , , , , ,,, ,,, , ,, ,, ,, ,, ,,, ,,,,, ,, , , , , , , , ,,,,,,,, , , , , , , , , , , ,,,,,, , , , , , , , , , , , , , , , , , ,, ,,, ,,, ,, ,, ,, ,,
30550-1380,1,Intel Corporation,No New or Updated Incident Reports,9,2021,OCT-2021,, ,,,, ,, , ,, ,,, , ,, , ,, , ,, , ,,, , ,,,,,, , , , , , , , ,,, ,,, , ,, ,, ,, ,, ,,, ,,,,, ,, , , , , , , , ,,,,,,,, , , , , , , , , , , ,,,,,, , , , , , , , , , , , , , , , , , ,, ,,, ,,, ,, ,, ,, ,,
1306-1376,1,Toyota Motor Engineering & Manufacturing,1-Day,,,OCT-2021,4T1G11AK3MU, ,N/A,Toyota,Camry, ,2021, ,e631d5e01d7073b,16500, ,Consumer,TSS 2.5+, , ,, , ,, , ,, , ,,, , ,,,No,"Unknown, see Narrative",, ,Y, , , , , , ,,SEP-2021, ,OCT-2021,09:45, ,4a57ce4beb4f505,,Y,,Y,[MAY CONTAIN PERSONALLY IDENTIFIABLE INFORMATION], ,Orange Grove, ,TX ,[MAY CONTAIN PERSONALLY IDENTIFIABLE INFORMATION], ,Unknown,Unknown,Unknown,,Y,Unknown, , , , , , ,Y, ,,Other Fixed Object,Unknown,Yes,,,, , , , , , , , , , , ,Unknown,Yes,Yes,Yes,55, , , , , , , , , , , ,Y, , , , , , , ,Y,Yes,Dept of Public Safety of Texas, ,Yes,,Y,,Y,,Y,Unknown, ,"In this report, the entries above are based on unconfirmed allegations.  Toyota was contacted by Enterprise Rental Car claims regarding this case. According to communications between Toyota and the Enterprise Rental Car claims handler, the rental driver alleged that they were driving 55~70mph with the cruise control engaged when the ""Lane assist jerked him off the road and he lost control of veh causing him to hit a guard rail"". The driver alleges they suffered burns on both shins from airbag deployment.",
30411-1125,1,Pronto AI,No New or Updated Incident Reports,8,2021,OCT-2021,, ,,,, ,, , ,, ,,, , ,, , ,, , ,, , ,,, , ,,,,,, , , , , , , , ,,, ,,, , ,, ,, ,, ,, ,,, ,,,,, ,, , , , , , , , ,,,,,,,, , , , , , , , , , , ,,,,,, , , , , , , , , , , , , , , , , , ,, ,,, ,,, ,, ,, ,, ,,
30411-1378,1,Pronto AI,No New or Updated Incident Reports,9,2021,OCT-2021,, ,,,, ,, , ,, ,,, , ,, , ,, , ,, , ,,, , ,,,,,, , , , , , , , ,,, ,,, , ,, ,, ,, ,, ,,, ,,,,, ,, , , , , , , , ,,,,,,,, , , , , , , , , , , ,,,,,, , , , , , , , , , , , , , , , , , ,, ,,, ,,, ,, ,, ,, ,,
31099-1377,1,"Telenav, Inc.",No New or Updated Incident Reports,10,2021,OCT-2021,, ,,,, ,, , ,, ,,, , ,, , ,, , ,, , ,,, , ,,,,,, , , , , , , , ,,, ,,, , ,, ,, ,, ,, ,,, ,,,,, ,, , , , , , , , ,,,,,,,, , , , , , , , , , , ,,,,,, , , , , , , , , , , , , , , , , , ,, ,,, ,,, ,, ,, ,, ,,
13781-1375,1,"Tesla, Inc.",1-Day,,,OCT-2021,5YJYGDEE0LF, ,N/A,Tesla,Model Y, ,2020, ,39c878ddb7cef4a,13988, ,Consumer,"[REDACTED, MAY CONTAIN CONFIDENTIAL BUSINESS INFORMATION]", ,Y,, , ,, , ,, , ,,, , ,,,No,ADAS,, , ,Y, , , , , ,,OCT-2021, ,OCT-2021,7:37, ,a0b0bebd0520205,[MAY CONTAIN PERSONALLY IDENTIFIABLE INFORMATION], ,[MAY CONTAIN PERSONALLY IDENTIFIABLE INFORMATION], ,[MAY CONTAIN PERSONALLY IDENTIFIABLE INFORMATION], ,North Hills, ,CA ,[MAY CONTAIN PERSONALLY IDENTIFIABLE INFORMATION], ,Unknown,Unknown,Unknown,,Y,Unknown, , , , , , ,Y, ,,Unknown,Unknown,Unknown,Unknown,Unknown,Unknown, , , , , , , , , , ,Y,Unknown,Unknown,Unknown,Unknown,,Y, , , , , , , , , , ,Y,Y, , , , , , , ,Unknown,,Y,Unknown,,Y,,Y,,Y,"[REDACTED, MAY CONTAIN CONFIDENTIAL BUSINESS INFORMATION]",Y,"[REDACTED, MAY CONTAIN CONFIDENTIAL BUSINESS INFORMATION]",Y
13781-1374,1,"Tesla, Inc.",1-Day,,,OCT-2021,5YJ3E1EB6JF, ,N/A,Tesla,Model 3, ,2018, ,7ed9448ae8c92a6,16115, ,Consumer,"[REDACTED, MAY CONTAIN CONFIDENTIAL BUSINESS INFORMATION]", ,Y,, , ,, , ,, , ,,, , ,,,No,ADAS,, , ,Y, , , , , ,,SEP-2021, ,OCT-2021,2:41, ,342474f980afa03,[MAY CONTAIN PERSONALLY IDENTIFIABLE INFORMATION], ,[MAY CONTAIN PERSONALLY IDENTIFIABLE INFORMATION], ,[MAY CONTAIN PERSONALLY IDENTIFIABLE INFORMATION], ,Westminster, ,CO ,[MAY CONTAIN PERSONALLY IDENTIFIABLE INFORMATION], ,Unknown,Unknown,Unknown,,Y,Unknown, , , , , , ,Y, ,,Unknown,Unknown,Unknown,Unknown,Unknown,Unknown, , , , , , , , , , ,Y,Unknown,Yes,Unknown,Unknown,,Y, , , , , , , , , , ,Y,Y, , , , , , , ,Unknown,,Y,Unknown,,Y,,Y,,Y,"[REDACTED, MAY CONTAIN CONFIDENTIAL BUSINESS INFORMATION]",Y,"[REDACTED, MAY CONTAIN CONFIDENTIAL BUSINESS INFORMATION]",Y
62-1373,1,Honda (American Honda Motor Co.),1-Day,,,OCT-2021,2HKRW2H51HH, ,N/A,Honda,CRV, ,2017, ,763ebd20ae221aa,,Y,Consumer,,Y, ,, , ,, , ,, , ,,, , ,,,No,ADAS,, ,Y, , , , , , ,,OCT-2021, ,OCT-2021,,Y,efa7a0893492745,,Y,,Y,,Y,,Y,NY ,,Y,Highway / Freeway,Unknown,Unknown,,Y,Unknown, , , , , , ,Y, ,,Passenger Car,Moderate,Unknown,Stopped,Unknown,Unknown, , , , , , ,Y, , , , ,Proceeding Straight,Yes,No,Unknown,50, , , ,Y, , , , , , , , , , , , , , , ,Y,No,, ,Unknown,, ,, ,, ,Unknown, ,Customer was driving on a highway at 50 miles per hour and rear-ended the car in front of her that stopped suddenly.,
855-1341,2,"Mercedes-Benz USA, LLC",10-Day Update,,,OCT-2021,W1K6G7GB3MA, ,N/A,Mercedes-Benz,S580 4Matic, ,2021, ,96539e67fd1b15d,976, ,Consumer,Distronic with Active Steering Assist, , ,, , ,, , ,, , ,,, , ,,,No,"Unknown, see Narrative",, ,Y, , , , , , ,,SEP-2021, ,SEP-2021,,Y,4ad7d7dddd47356,,Y,,Y,,Y,I35 btw San Antonio and Austin, ,TX ,,Y,Street,Unknown,Unknown,,Y,Unknown, , , , , , ,Y, ,,"Other, see Narrative",Unknown,Unknown,Unknown,Unknown,Unknown, , , , , , , , , , ,Y,Unknown,No,Yes,Unknown,,Y, , ,Y, , ,Y, , ,Y, , , , , , , , , ,Y,Unknown,,Y,Yes,,Y,,Y,,Y,Unknown, ,"855-1341-1: Customer contacted the MBUSA Customer Assistance Center requesting [REDACTED CONFIDENTIAL BUSINESS INFORMATION] to investigate and inspect [REDACTED CONFIDENTIAL BUSINESS INFORMATION] the subject vehicle. The customer stated the vehicle was in an accident while Cruise Control was engaged.  The customer alleges the vehicle sped up to 82 MPH without input by the driver. The customer alleges the crash involved a head on collision and the airbag did not deploy.  [REDACTED CONFIDENTIAL BUSINESS INFORMATION] Note this is based entirely on the customer's report and allegations, and MBUSA has not confirmed any of this information. In an abundance of caution, MBUSA is reporting this allegation, although we do not have sufficient info to conclusively determine whether this is a reportable incident under the SGO.
10/4 Update to 855-1341-1: The MBUSA Customer Assistance Center (""CAC"") reached out to the customer and noted the following. Customer was allegedly heading [REDACTED CONFIDENTIAL BUSINESS INFORMATION] No injuries were reported. Further to the customer allegation reported from Report ID 855-1341-1, ""The customer alleges the vehicle sped up to 82 MPH without input by the driver and hit a stopped vehicle."" The customer alleged that at ""75 to 25 yards red symbols and hands came up"" in the instrument cluster. The vehicle was towed to an authorized Mercedes-Benz dealership.  [REDACTED CONFIDENTIAL BUSINESS INFORMATION]",Y
13781-1372,1,"Tesla, Inc.",1-Day,,,OCT-2021,5YJ3E1EBXMF, ,N/A,Tesla,Model 3, ,2021, ,34738293223d957,1733, ,Consumer,"[REDACTED, MAY CONTAIN CONFIDENTIAL BUSINESS INFORMATION]", ,Y,, , ,, , ,, , ,,, , ,,,No,ADAS,, , ,Y, , , , , ,,OCT-2021, ,OCT-2021,17:20, ,51f9bec2751359a,[MAY CONTAIN PERSONALLY IDENTIFIABLE INFORMATION], ,[MAY CONTAIN PERSONALLY IDENTIFIABLE INFORMATION], ,[MAY CONTAIN PERSONALLY IDENTIFIABLE INFORMATION], ,Lisle, ,IL ,[MAY CONTAIN PERSONALLY IDENTIFIABLE INFORMATION], ,Unknown,Unknown,Unknown,,Y,Unknown, , , , , , ,Y, ,,Unknown,Unknown,Unknown,Unknown,Unknown,Unknown, , , , , , , , , , ,Y,Unknown,Yes,Unknown,Unknown,,Y, , , , , , , , , , ,Y,Y, , , , , , , ,Unknown,,Y,Unknown,,Y,,Y,,Y,"[REDACTED, MAY CONTAIN CONFIDENTIAL BUSINESS INFORMATION]",Y,"[REDACTED, MAY CONTAIN CONFIDENTIAL BUSINESS INFORMATION]",Y
62-1370,1,Honda (American Honda Motor Co.),1-Day,,,OCT-2021,5J6RW2H89LL, ,[MAY CONTAIN PERSONALLY IDENTIFIABLE INFORMATION],Honda,CRV, ,2020, ,e0c03ba2fe062e6,,Y,Consumer,,Y, ,, , ,, , ,, , ,,, , ,,,No,ADAS,, ,Y, , , , , , ,,AUG-2021, ,OCT-2021,,Y,045cf7934115d4b,,Y,,Y,,Y,,Y,UNK,,Y,Intersection,Unknown,Unknown,,Y,Unknown, , , , , , ,Y, ,,Unknown,No Injuries Reported,Unknown,Unknown,Unknown,Unknown, , , , , , , , , , ,Y,Proceeding Straight,No,Yes,Unknown,,Y, , , , , , , , , , ,Y, , , , , , , ,Y,No,, ,No,, ,, ,, ,Unknown, ,Customer drove through an intersection and another vehicle crashed into them.,
1263-1361,1,"Suzuki Motor USA, LLC",No New or Updated Incident Reports,10,2021,OCT-2021,, ,,,, ,, , ,, ,,, , ,, , ,, , ,, , ,,, , ,,,,,, , , , , , , , ,,, ,,, , ,, ,, ,, ,, ,,, ,,,,, ,, , , , , , , , ,,,,,,,, , , , , , , , , , , ,,,,,, , , , , , , , , , , , , , , , , , ,, ,,, ,,, ,, ,, ,, ,,
30631-1360,1,"Locomation, Inc.",No New or Updated Incident Reports,9,2021,OCT-2021,, ,,,, ,, , ,, ,,, , ,, , ,, , ,, , ,,, , ,,,,,, , , , , , , , ,,, ,,, , ,, ,, ,, ,, ,,, ,,,,, ,, , , , , , , , ,,,,,,,, , , , , , , , , , , ,,,,,, , , , , , , , , , , , , , , , , , ,, ,,, ,,, ,, ,, ,, ,,
62-1358,1,Honda (American Honda Motor Co.),1-Day,,,SEP-2021,1HGCV3F98MA, ,N/A,Honda,Accord, ,2021, ,4b7292da3b2d49a,,Y,Consumer,,Y, ,, , ,, , ,, , ,,, , ,,,No,ADAS,, ,Y, , , , , , ,,AUG-2021, ,SEP-2021,,Y,97e12f41820e555,,Y,,Y,,Y,Chesterfield, ,NJ ,,Y,Street,Unknown,Unknown,,Y,Unknown, , , , , , ,Y, ,,Pole / Tree,No Injuries Reported,Unknown,,,, , , , , , , , , , , ,"Other, see Narrative",No,Yes,Unknown,40, , , , , , , , , , , ,Y, , , , , , , ,Y,No,, ,No,, ,, ,, ,Unknown, ,"Customer was driving at 40 miles per hour and swerved to avoid hitting a deer. As a result, the customer hit a tree. Customer alleges that while the Lane Keep Assist (LKAS) and the Adaptive Cruise Control (ACC) were engaged, and the Collision Mitigation Braking System did not engage.",
13781-1357,1,"Tesla, Inc.",1-Day,,,SEP-2021,5YJYGDEE5LF, ,N/A,Tesla,Model Y, ,2020, ,b7fa0dbb4123d4b,12570, ,Consumer,"[REDACTED, MAY CONTAIN CONFIDENTIAL BUSINESS INFORMATION]", ,Y,, , ,, , ,, , ,,, , ,,,No,ADAS,, , ,Y, , , , , ,,SEP-2021, ,SEP-2021,04:58, ,e6c8558386723f1,[MAY CONTAIN PERSONALLY IDENTIFIABLE INFORMATION], ,[MAY CONTAIN PERSONALLY IDENTIFIABLE INFORMATION], ,[MAY CONTAIN PERSONALLY IDENTIFIABLE INFORMATION], ,Petaluma, ,CA ,[MAY CONTAIN PERSONALLY IDENTIFIABLE INFORMATION], ,Unknown,Unknown,Unknown,,Y,Unknown, , , , , , ,Y, ,,Unknown,Unknown,Unknown,Unknown,Unknown,Unknown, , , , , , , , , , ,Y,Unknown,Yes,Unknown,Unknown,,Y, , , , , , , , , , ,Y,Y, , , , , , , ,Unknown,,Y,Unknown,,Y,,Y,,Y,"[REDACTED, MAY CONTAIN CONFIDENTIAL BUSINESS INFORMATION]",Y,"[REDACTED, MAY CONTAIN CONFIDENTIAL BUSINESS INFORMATION]",Y
13781-1356,1,"Tesla, Inc.",1-Day,,,SEP-2021,5YJSA1H20FF, ,N/A,Tesla,Model S, ,2015, ,5efd909a49ab2d5,63152, ,Consumer,"[REDACTED, MAY CONTAIN CONFIDENTIAL BUSINESS INFORMATION]", ,Y,, , ,, , ,, , ,,, , ,,,No,ADAS,, , ,Y, , , , , ,,SEP-2021, ,SEP-2021,13:43, ,86316df360cd024,[MAY CONTAIN PERSONALLY IDENTIFIABLE INFORMATION], ,[MAY CONTAIN PERSONALLY IDENTIFIABLE INFORMATION], ,[MAY CONTAIN PERSONALLY IDENTIFIABLE INFORMATION], ,Lincoln, ,NE ,[MAY CONTAIN PERSONALLY IDENTIFIABLE INFORMATION], ,Unknown,Unknown,Unknown,,Y,Unknown, , , , , , ,Y, ,,Unknown,Unknown,Unknown,Unknown,Unknown,Unknown, , , , , , , , , , ,Y,Unknown,Yes,Unknown,Unknown,,Y, , , , , , , , , , ,Y,Y, , , , , , , ,Unknown,,Y,Unknown,,Y,,Y,,Y,"[REDACTED, MAY CONTAIN CONFIDENTIAL BUSINESS INFORMATION]",Y,"[REDACTED, MAY CONTAIN CONFIDENTIAL BUSINESS INFORMATION]",Y
13781-1355,1,"Tesla, Inc.",1-Day,,,SEP-2021,5YJSA1E23GF, ,N/A,Tesla,Model S, ,2016, ,a9efc873ac969e9,61112, ,Consumer,"[REDACTED, MAY CONTAIN CONFIDENTIAL BUSINESS INFORMATION]", ,Y,, , ,, , ,, , ,,, , ,,,No,ADAS,, , ,Y, , , , , ,,SEP-2021, ,SEP-2021,00:30, ,22d0ea4227aabee,[MAY CONTAIN PERSONALLY IDENTIFIABLE INFORMATION], ,[MAY CONTAIN PERSONALLY IDENTIFIABLE INFORMATION], ,[MAY CONTAIN PERSONALLY IDENTIFIABLE INFORMATION], ,San Francisco, ,CA ,[MAY CONTAIN PERSONALLY IDENTIFIABLE INFORMATION], ,Unknown,Unknown,Unknown,,Y,Unknown, , , , , , ,Y, ,,Unknown,Unknown,Unknown,Unknown,Unknown,Unknown, , , , , , , , , , ,Y,Unknown,Yes,Unknown,Unknown,,Y, , , , , , , , , , ,Y,Y, , , , , , , ,Unknown,,Y,Unknown,,Y,,Y,,Y,"[REDACTED, MAY CONTAIN CONFIDENTIAL BUSINESS INFORMATION]",Y,"[REDACTED, MAY CONTAIN CONFIDENTIAL BUSINESS INFORMATION]",Y
62-1354,1,Honda (American Honda Motor Co.),1-Day,,,SEP-2021,JH4KC1F55JC, ,N/A,Acura,RLX, ,2018, ,0923b339644cff7,,Y,Consumer,,Y, ,, , ,, , ,, , ,,, , ,,,No,ADAS,, ,Y, , , , , , ,,SEP-2021, ,SEP-2021,06:20, ,5870cc72e7b0bba,,Y,,Y,,Y,Carmichael, ,CA ,,Y,Street,Unknown,Unknown,,Y,Unknown, , , , , , ,Y, ,,Unknown,Moderate,Unknown,Unknown,Unknown,Unknown, , , , , , , , , , ,Y,Proceeding Straight,No,Yes,Unknown,,Y, , , ,Y, , , , , , , , , , , , , , ,Y,No,, ,No,, ,, ,, ,Unknown, ,"Customer states that she was driving down the street and the vehicle shut off when she accelerated. As a result, another vehicle hit the customer from behind.",