Report ID,Report Version,Reporting Entity,Report Type,Report Month,Report Year,Report Submission Date,VIN,VIN - Unknown,Serial Number,Make,Model,Model - Unknown,Model Year,Model Year - Unknown,Same Vehicle ID,Mileage,Mileage - Unknown,Driver / Operator Type,ADAS/ADS System Version,ADAS/ADS System Version - Unk,ADAS/ADS System Version CBI,ADAS/ADS Hardware Version,ADAS/ADS Hardware Version - Unk,ADAS/ADS Hardware Version CBI,ADAS/ADS Software Version,ADAS/ADS Software Version - Unk,ADAS/ADS Software Version CBI,Other Reporting Entities?,Other Reporting Entities? - Unk,Other Reporting Entities? - NA,Federal Regulatory Exemption?,Other Federal Reg. Exemption,Federal Reg. Exemption - Unk,Federal Reg. Exemption - No,State or Local Permit?,State or Local Permit,ADS Equipped?,Automation System Engaged?,Operating Entity,Operating Entity - Unknown,Source - Complaint/Claim,Source - Telematics,Source - Law Enforcement,Source - Field Report,Source - Testing,Source - Media,Source - Other,Source - Other Text,Incident Date,Incident Date - Unknown,Notice Received Date,Incident Time (24:00),Incident Time - Unknown,Same Incident ID,Latitude,Latitude - Unknown,Longitude,Longitude - Unknown,Address,Address - Unknown,City,City - Unknown,State,Zip Code,Zip Code - Unknown,Roadway Type,Roadway Surface,Roadway Description,Posted Speed Limit (MPH),Posted Speed Limit - Unknown,Lighting,Weather - Clear,Weather - Snow,Weather - Cloudy,Weather - Fog/Smoke,Weather - Rain,Weather - Severe Wind,Weather - Unknown,Weather - Other,Weather - Other Text,Crash With,Highest Injury Severity Alleged,Property Damage?,CP Pre-Crash Movement,CP Any Air Bags Deployed?,CP Was Vehicle Towed?,CP Contact Area - Rear Left,CP Contact Area - Left,CP Contact Area - Front Left,CP Contact Area - Rear,CP Contact Area - Top,CP Contact Area - Front,CP Contact Area - Rear Right,CP Contact Area - Right,CP Contact Area - Front Right,CP Contact Area - Bottom,CP Contact Area - Unknown,SV Pre-Crash Movement,SV Any Air Bags Deployed?,SV Was Vehicle Towed?,SV Were All Passengers Belted?,SV Precrash Speed (MPH),SV Pre-crash Speed - Unknown,SV Contact Area - Rear Left,SV Contact Area - Left,SV Contact Area - Front Left,SV Contact Area - Rear,SV Contact Area - Top,SV Contact Area - Front,SV Contact Area - Rear Right,SV Contact Area - Right,SV Contact Area - Front Right,SV Contact Area - Bottom,SV Contact Area - Unknown,Data Availability - EDR,Data Availability - Police Rpt,Data Availability - Telematics,Data Availability - Complaints,Data Availability - Video,Data Availability - Other,Data Availability - No Data,Data Availability - Unknown,Law Enforcement Investigating?,Investigating Agency,Investigating Agency - Unknown,Rep Ent Or Mfr Investigating?,Investigating Officer Name,Inv. Officer Name - Unknown,Investigating Officer Phone,Inv. Officer Phone - Unknown,Investigating Officer Email,Inv. Officer Email - Unknown,Within ODD?,Within ODD? - CBI,Narrative,Narrative - CBI?
10039-8,2,"BMW of North America, LLC",10-Day Update,,,JUL-2021,5UXCR6C5XKL, ,,BMW,X5 xDrive40i, ,2019, ,7ea3214c83e06a5,30673, ,Consumer,,Y, ,, , ,, , ,, , ,,, , ,,,No,ADAS,, ,Y, , , , , , ,,JUL-2021, ,JUL-2021,03:01, ,1caf6655a0d623e,[MAY CONTAIN PERSONALLY IDENTIFIABLE INFORMATION], ,[MAY CONTAIN PERSONALLY IDENTIFIABLE INFORMATION], ,[MAY CONTAIN PERSONALLY IDENTIFIABLE INFORMATION], ,Miami, ,FL ,[MAY CONTAIN PERSONALLY IDENTIFIABLE INFORMATION], ,Highway / Freeway,Unknown,Unknown,,Y,"Other, see Narrative", , , , , , , ,Y,sunny,"Other, see Narrative",Minor,No,"Other, see Narrative",Not Applicable,Not Applicable, , , , , , , , , , ,Y,Changing Lanes,Yes,Yes,Yes,57, , , , , , , ,Y,Y,Y, , ,Y, , , , ,Y, , ,No,, ,Yes,, ,, ,, ,Unknown, ,This is the 10-day update to Report ID: BMWofNorth-202107[XXX]-0 (rev.202107[XXX]153909).  There is no option under "Report Type" to select 10-day so 1-Day was selected. [REDACTED CONFIDENTIAL BUSINESS INFORMATION] Customer narrative: [REDACTED CONFIDENTIAL BUSINESS INFORMATION],Y
13781-21,1,"Tesla, Inc.",1-Day,,,JUL-2021,5YJYGDEEXMF, ,,Tesla,Model Y, ,2021, ,e484ba019fd219b,,Y,Consumer,"[REDACTED, MAY CONTAIN CONFIDENTIAL BUSINESS INFORMATION]",Y,Y,, , ,, , ,, , ,,, , ,,,No,ADAS,, , , ,Y, , , , ,,JUL-2021, ,JUL-2021,04:09, ,ec246513f5a48c7,,Y,,Y,[MAY CONTAIN PERSONALLY IDENTIFIABLE INFORMATION], ,,Y,NY ,,Y,Unknown,Unknown,Unknown,,Y,Unknown, , , , , , ,Y, ,,Non-Motorist: Pedestrian,Fatality,Unknown,Unknown,Unknown,Unknown, , , , , , , , , , , ,Unknown,Unknown,Unknown,Unknown,,Y, , , , , , , , , , ,Y, ,Y, , , , , , ,Yes,NYPD Highway Patrol, ,Unknown,[MAY CONTAIN PERSONALLY IDENTIFIABLE INFORMATION], ,[MAY CONTAIN PERSONALLY IDENTIFIABLE INFORMATION], ,[MAY CONTAIN PERSONALLY IDENTIFIABLE INFORMATION], ,"[REDACTED, MAY CONTAIN CONFIDENTIAL BUSINESS INFORMATION]",Y,"[REDACTED, MAY CONTAIN CONFIDENTIAL BUSINESS INFORMATION]",Y
540-20,1,"General Motors, LLC",1-Day,,,JUL-2021,5G21A6P01L4, ,,Cruise,AV, ,2020, ,c25b8fa9390e19b,31980, ,In-Vehicle (Commercial / Test),, , ,, , ,, , ,, , ,,, , ,,,,,Cruise , , , , , , , , ,,JAN-1900, ,JAN-1900,00:00, , ,, ,, ,, ,, ,,, ,,,,, ,, , , , , , , , ,,,,,,,, , , , , , , , , , , ,,,,,, , , , , , , , , , , , , , , , , , , , ,,, ,,, ,, ,, ,, ,"On July [XXX], 2021, GM Cruise Holdings LLC (""Cruise"") filed an Incident Report under the Standing General Order 2021-01 dated June 29, 2021 (the ""Order"").  General Motors LLC (""GM"") manufactured the Cruise-owned and operated motor vehicle involved in the alleged incident summarized in the Incident Report.  Because GM is also a Reporting Entity under the Order, GM is submitting today, based on guidance from NHTSA to file a duplicate copy, a duplicate copy of the as-filed redacted public report submitted by Cruise(Reference file: CruiseLLC-202107[XXX]-0 (rev.202107[XXX]135146)).  See attached.  GM has not investigated the alleged incident and has no independent knowledge of the facts in the Incident Report.   ",
13781-19,1,"Tesla, Inc.",1-Day,,,JUL-2021,5YJYGDEE0LF, ,,Tesla,Model Y, ,2020, ,c9bd08c1061fb89,14365, ,Consumer,"[REDACTED, MAY CONTAIN CONFIDENTIAL BUSINESS INFORMATION]", ,Y,, , ,, , ,, , ,,, , ,,,No,ADAS,, , ,Y, , , , , ,,JUN-2021, ,JUL-2021,01:28, ,8f7c4ce2a552807,[MAY CONTAIN PERSONALLY IDENTIFIABLE INFORMATION], ,[MAY CONTAIN PERSONALLY IDENTIFIABLE INFORMATION], ,[MAY CONTAIN PERSONALLY IDENTIFIABLE INFORMATION], ,Santa Cruz, ,CA ,[MAY CONTAIN PERSONALLY IDENTIFIABLE INFORMATION], ,Unknown,Unknown,Unknown,,Y,Unknown, , , , , , ,Y, ,,Unknown,Unknown,Unknown,Unknown,Unknown,Unknown, , , , , , , , , , ,Y,Unknown,Yes,Unknown,Unknown,,Y, , , , , , , , , , ,Y,Y, , , , , , , ,Yes,California Highway Patrol, ,Unknown,[MAY CONTAIN PERSONALLY IDENTIFIABLE INFORMATION], ,[MAY CONTAIN PERSONALLY IDENTIFIABLE INFORMATION], ,[MAY CONTAIN PERSONALLY IDENTIFIABLE INFORMATION], ,"[REDACTED, MAY CONTAIN CONFIDENTIAL BUSINESS INFORMATION]",Y,"[REDACTED, MAY CONTAIN CONFIDENTIAL BUSINESS INFORMATION]",Y
502-18,1,Ford Motor Company,1-Day,,,JUL-2021,3FA6P0MU3KR, ,,Ford,Fusion, ,2019, ,2ad07e63259f51d,10722, ,In-Vehicle (Commercial / Test),"[REDACTED, MAY CONTAIN CONFIDENTIAL BUSINESS INFORMATION]", ,Y,, , ,, , ,, , ,,, , ,,,Yes,ADS,Argo AI, , , , ,Y,Y, , ,,JUL-2021, ,JUL-2021,09:26, ,f700288ccb3ad35,[MAY CONTAIN PERSONALLY IDENTIFIABLE INFORMATION], ,[MAY CONTAIN PERSONALLY IDENTIFIABLE INFORMATION], ,[MAY CONTAIN PERSONALLY IDENTIFIABLE INFORMATION], ,Washington DC, ,DC ,[MAY CONTAIN PERSONALLY IDENTIFIABLE INFORMATION], ,Street,Dry,No Unusual Conditions,25, ,Daylight,Y, , , , , , , ,,Pickup Truck,Minor,Yes,Proceeding Straight,No,No, , , , , ,Y, , , , , ,Stopped,No,Yes,Yes,0, , , , ,Y, , , , , , , , ,Y, , ,Y,Y, , ,Yes,Washington DC Metropolitan Police Department, ,Yes,[MAY CONTAIN PERSONALLY IDENTIFIABLE INFORMATION], ,[MAY CONTAIN PERSONALLY IDENTIFIABLE INFORMATION], ,[MAY CONTAIN PERSONALLY IDENTIFIABLE INFORMATION], ,"[REDACTED, MAY CONTAIN CONFIDENTIAL BUSINESS INFORMATION]",Y,"[REDACTED, MAY CONTAIN CONFIDENTIAL BUSINESS INFORMATION]",Y
30412-16,1,Cruise LLC,1-Day,,,JUL-2021,5G21A6P01L4, ,,Cruise,AV, ,2020, ,c25b8fa9390e19b,31980, ,In-Vehicle (Commercial / Test),"[REDACTED, MAY CONTAIN CONFIDENTIAL BUSINESS INFORMATION]", ,Y,, , ,, , ,, , ,,, , ,,,Yes,ADS,Cruise , , , , , ,Y, , ,,JUL-2021, ,JUL-2021,13:15, ,3759781d335193e,[MAY CONTAIN PERSONALLY IDENTIFIABLE INFORMATION], ,[MAY CONTAIN PERSONALLY IDENTIFIABLE INFORMATION], ,[MAY CONTAIN PERSONALLY IDENTIFIABLE INFORMATION], ,San Francisco, ,CA ,[MAY CONTAIN PERSONALLY IDENTIFIABLE INFORMATION], ,Street,Dry,Work Zone,25, ,Daylight,Y, , , , , , , ,,Non-Motorist: Other,Minor,Yes,Proceeding Straight,Not Applicable,No, , , , , , , , , , ,Y,Making Left Turn,No,No,Yes,13, , , , , , , ,Y,Y, , , ,Y,Y,Y, ,Y,Y, , ,Unknown,,Y,Yes,,Y,,Y,,Y,"[REDACTED, MAY CONTAIN CONFIDENTIAL BUSINESS INFORMATION]",Y,"A Cruise autonomous vehicle (Cruise AV), operating in autonomous mode, was traveling northbound on [XXX] Street and yielding to oncoming traffic before making a left turn onto westbound [XXX] Street. The Cruise AV was yielding to an oncoming electric scooterist when the light turned from green to yellow. The driver of the Cruise AV disengaged from autonomous mode to make the left turn and, shortly thereafter, the electric scooterist made contact with the right side of the Cruise AV, damaging the Cruise AVs front and rear passenger doors. The electric scooterist reported soreness and bruising and the San Francisco police were called. It is unknown at this time whether an investigation is being conducted by law enforcement. [REDACTED, MAY CONTAIN CONFIDENTIAL BUSINESS INFORMATION] The police report from the San Francisco Police Department was received after the original incident report was submitted.",Y
30290-15,1,Argo AI,1-Day,,,JUL-2021,3FA6P0MU3KR, ,,Ford,Fusion, ,2019, ,2ad07e63259f51d,10722, ,In-Vehicle (Commercial / Test),"[REDACTED, MAY CONTAIN CONFIDENTIAL BUSINESS INFORMATION]", ,Y,, , ,, , ,, , ,,, , ,,,Yes,ADS,Argo AI, , , , ,Y,Y, , ,,JUL-2021, ,JUL-2021,09:26, ,f700288ccb3ad35,[MAY CONTAIN PERSONALLY IDENTIFIABLE INFORMATION], ,[MAY CONTAIN PERSONALLY IDENTIFIABLE INFORMATION], ,[MAY CONTAIN PERSONALLY IDENTIFIABLE INFORMATION], ,Washington DC, ,DC ,[MAY CONTAIN PERSONALLY IDENTIFIABLE INFORMATION], ,Street,Dry,No Unusual Conditions,25, ,Daylight,Y, , , , , , , ,,Pickup Truck,Minor,Yes,Proceeding Straight,No,No, , , , , ,Y, , , , , ,Stopped,No,Yes,Yes,0, , , , ,Y, , , , , , , , ,Y, , ,Y,Y, , ,Yes,Washington DC Metropolitan Police Department, ,Yes,[MAY CONTAIN PERSONALLY IDENTIFIABLE INFORMATION], ,[MAY CONTAIN PERSONALLY IDENTIFIABLE INFORMATION], ,[MAY CONTAIN PERSONALLY IDENTIFIABLE INFORMATION], ,"[REDACTED, MAY CONTAIN CONFIDENTIAL BUSINESS INFORMATION]",Y,"[REDACTED, MAY CONTAIN CONFIDENTIAL BUSINESS INFORMATION]",Y
13781-14,1,"Tesla, Inc.",1-Day,,,JUL-2021,5YJ3E1EB7LF, ,,Tesla,Model 3, ,2020, ,1c98f3adb711969,41096, ,Consumer,"[REDACTED, MAY CONTAIN CONFIDENTIAL BUSINESS INFORMATION]", ,Y,, , ,, , ,, , ,,, , ,,,No,ADAS,, , ,Y, , , , , ,,JUL-2021, ,JUL-2021,00:35, ,4e93be0edb6fa3a,[MAY CONTAIN PERSONALLY IDENTIFIABLE INFORMATION], ,[MAY CONTAIN PERSONALLY IDENTIFIABLE INFORMATION], ,[MAY CONTAIN PERSONALLY IDENTIFIABLE INFORMATION], ,San Antonio, ,TX ,[MAY CONTAIN PERSONALLY IDENTIFIABLE INFORMATION], ,Unknown,Unknown,Unknown,,Y,Unknown, , , , , , ,Y, ,,Unknown,Unknown,Unknown,Unknown,Unknown,Unknown, , , , , , , , , , ,Y,Unknown,Yes,Unknown,Unknown,,Y, , , , , , , , , , ,Y,Y, , , , , , , ,Unknown,,Y,Unknown,,Y,,Y,,Y,"[REDACTED, MAY CONTAIN CONFIDENTIAL BUSINESS INFORMATION]",Y,"[REDACTED, MAY CONTAIN CONFIDENTIAL BUSINESS INFORMATION]",Y
13781-13,1,"Tesla, Inc.",1-Day,,,JUL-2021,5YJ3E1EB0MF, ,,Tesla,Model 3, ,2021, ,fd22515bcd5632b,442, ,Consumer,"[REDACTED, MAY CONTAIN CONFIDENTIAL BUSINESS INFORMATION]", ,Y,, , ,, , ,, , ,,, , ,,,No,ADAS,, , ,Y, , , , , ,,JUL-2021, ,JUL-2021,08:17, ,aa20644d3f75e3a,[MAY CONTAIN PERSONALLY IDENTIFIABLE INFORMATION], ,[MAY CONTAIN PERSONALLY IDENTIFIABLE INFORMATION], ,[MAY CONTAIN PERSONALLY IDENTIFIABLE INFORMATION], ,Mountain View, ,CA ,[MAY CONTAIN PERSONALLY IDENTIFIABLE INFORMATION], ,Unknown,Unknown,Unknown,,Y,Unknown, , , , , , ,Y, ,,Unknown,Unknown,Unknown,Unknown,Unknown,Unknown, , , , , , , , , , ,Y,Unknown,Yes,Unknown,Unknown,,Y, , , , , , , , , , ,Y,Y, , , , , , , ,Unknown,,Y,Unknown,,Y,,Y,,Y,"[REDACTED, MAY CONTAIN CONFIDENTIAL BUSINESS INFORMATION]",Y,"[REDACTED, MAY CONTAIN CONFIDENTIAL BUSINESS INFORMATION]",Y
30531-6,2,Transdev Alternative Services,10-Day Update,,,JUL-2021,SADHW2S14M1, ,,Jaguar,I-Pace, ,2021, ,fcbda73e579f03e,1232, ,"Other, see Narrative",,Y, ,, , ,, , ,, , ,,, , ,,,Yes,ADS,"Waymo, LLC ", , , , ,Y, , , ,,JUL-2021, ,JUL-2021,16:47, ,271d12d94b19ecc,,Y,,Y,[MAY CONTAIN PERSONALLY IDENTIFIABLE INFORMATION], ,San Francisco, ,CA ,[MAY CONTAIN PERSONALLY IDENTIFIABLE INFORMATION], ,Street,Dry,No Unusual Conditions,25, ,Daylight,Y, , , , , , , ,,Passenger Car,No Injuries Reported,Yes,"Other, see Narrative",Unknown,No, , , , , , , , , , ,Y,Proceeding Straight,No,Yes,Yes,18, , ,Y, ,Y, , ,Y, , , , , ,Y, , ,Y, , , ,Yes,San Francisco Police Dept., ,Yes,,Y,,Y,,Y,Yes, ,"No update to narrative. Please refer to Transdev report - TransdevAl-202107[XXX]-0 (rev.202107[XXX]223447) submitted on July, [XXX], 2021.",
30531-2,2,Transdev Alternative Services,10-Day Update,,,JUL-2021,2C4RC1K76HR, ,,Chrysler,Pacifica, ,2017, ,27a8308e4525a57,34996, ,In-Vehicle (Commercial / Test),,Y, ,, , ,, , ,, , ,,, , ,,,Yes,ADS,Waymo LLC , , , , ,Y, , , ,,JUL-2021, ,JUL-2021,15:10, ,c26d492ac568c12,,Y,,Y,[MAY CONTAIN PERSONALLY IDENTIFIABLE INFORMATION], ,San Francisco, ,CA ,,Y,Intersection,Dry,No Unusual Conditions,25, ,Daylight, , ,Y, , , , , ,,Van,No Injuries Reported,Yes,Proceeding Straight,No,No, , , , , , , , ,Y, , ,Making Left Turn,No,Yes,Yes,,Y, , , , , , ,Y, , , , , , , , ,Y,Y, , ,No,, ,Yes,, ,, ,, ,Yes, ,"No update to narrative. Please refer to Transdev report - TransdevAl-202107[XXX]-0 (rev.202107[XXX]225225) submitted on July, [XXX], 2021.",
10039-8,1,"BMW of North America, LLC",1-Day,,,JUL-2021,5UXCR6C5XKL, ,,BMW,X5 xDrive40i, ,2019, ,7ea3214c83e06a5,,Y,Consumer,,Y, ,, , ,, , ,, , ,,, , ,,,No,ADAS,, ,Y, , , , , , ,,JUL-2021, ,JUL-2021,00:00,Y,1caf6655a0d623e,,Y,,Y,[MAY CONTAIN PERSONALLY IDENTIFIABLE INFORMATION], ,St. Petersburg, ,FL ,,Y,Highway / Freeway,Unknown,Unknown,,Y,"Other, see Narrative", , , , , , , ,Y,sunny,"Other, see Narrative",Minor,No,"Other, see Narrative",Not Applicable,Not Applicable, , , , , , , , , , ,Y,Proceeding Straight,Yes,Yes,Unknown,,Y, , , , , , , , , , ,Y, , , , , ,Y, , ,No,, ,Yes,, ,, ,, ,Unknown, ,"Customer narrative: [REDACTED, MAY CONTAIN CONFIDENTIAL BUSINESS INFORMATION] Vehicle inspection to be scheduled. ",Y
30351-7,1,comma.ai,No New or Updated Incident Reports,7,2021,JUL-2021,n/a, ,,n/a,n/a, ,, ,b75bb8bbfe64703,, ,,, , ,, , ,, , ,, , ,,, , ,,,,,, , , , , , , ,Y,No Incidents,, ,,, , ,, ,, ,, ,, ,,, ,,,,, ,, , , , , , , , ,,,,,,,, , , , , , , , , , , ,,,,,, , , , , , , , , , , , , , , , , , , , ,,, ,,, ,, ,, ,, ,"Without agreeing with NHTSA's interpretations or conceding that comma is obligated to respond to the General Order, per General Order Request No. 4, comma confirms that it has no reportable incident information. ",
30531-6,1,Transdev Alternative Services,1-Day,,,JUL-2021,SADHW2S14M1, ,,Jaguar,I-Pace, ,2021, ,fcbda73e579f03e,1232, ,"Other, see Narrative",,Y, ,, , ,, , ,, , ,,, , ,,,Yes,ADS,Waymo LLC, , , , ,Y, , , ,,JUL-2021, ,JUL-2021,16:47, ,271d12d94b19ecc,,Y,,Y,[MAY CONTAIN PERSONALLY IDENTIFIABLE INFORMATION], ,San Francisco, ,CA ,[MAY CONTAIN PERSONALLY IDENTIFIABLE INFORMATION], ,Street,Dry,No Unusual Conditions,25, ,Daylight,Y, , , , , , , ,,Passenger Car,No Injuries Reported,Yes,"Other, see Narrative",Unknown,No, , , , , , , , , , ,Y,Proceeding Straight,No,Yes,Yes,18, , ,Y, ,Y, , ,Y, , , , , , , , ,Y,Y, , ,Yes,San Francisco Police Department, ,Yes,,Y,,Y,,Y,Yes, ,"On July [XXX], 2021 at 4:47 PM PDT, a Waymo Autonomous Vehicle (""Waymo AV"") was proceeding straight westbound on [XXX] in San Francisco, when a passenger vehicle struck the Waymo AV from behind two times. The passenger vehicle then struck the Waymo AV a third time, on the left side of the Waymo AV, as it passed on the left, then immediately fled the scene. The San Francisco Police Department is investigating the event as a criminal act. At the time of the impact, the Waymo AV's Level 4 ADS was engaged in autonomous mode, and a test driver was present (in the driver's seating position). Transdev Alternative Services is reporting this crash under Request No. 1 of Standing General Order 2021-01 because the Waymo AV was towed away. Transdev may supplement or correct its report pursuant to Standing General Order 2021-01. Note: This report is a Transdev duplicate associated with Waymo's recent report: WaymoLLC-202107[XXX]-0 (rev.202107[XXX]170340). ",
30570-5,1,QCraft.ai,No New or Updated Incident Reports,7,2021,JUL-2021,, ,,,, ,, , ,, ,,, , ,, , ,, , ,, , ,,, , ,,,,,, , , , , , , , ,,, ,,, , ,, ,, ,, ,, ,,, ,,,,, ,, , , , , , , , ,,,,,,,, , , , , , , , , , , ,,,,,, , , , , , , , , , , , , , , , , , , , ,,, ,,, ,, ,, ,, ,,
30270-4,1,Waymo LLC,1-Day,,,JUL-2021,SADHW2S14M1, ,,Jaguar,I-Pace, ,2021, ,fcbda73e579f03e,1232, ,"Other, see Narrative",5th Generation ADS, , ,, , ,, , ,, , ,,, , ,,,Yes,ADS,Waymo LLC, , ,Y, , , , , ,,JUL-2021, ,JUL-2021,16:47, ,271d12d94b19ecc,[MAY CONTAIN PERSONALLY IDENTIFIABLE INFORMATION], ,[MAY CONTAIN PERSONALLY IDENTIFIABLE INFORMATION], ,[MAY CONTAIN PERSONALLY IDENTIFIABLE INFORMATION], ,San Francisco, ,CA ,[MAY CONTAIN PERSONALLY IDENTIFIABLE INFORMATION], ,Street,Dry,No Unusual Conditions,25, ,Daylight,Y, , , , , , , ,,Passenger Car,No Injuries Reported,Yes,"Other, see Narrative",Unknown,No, , , , , , , , , , ,Y,Proceeding Straight,No,Yes,Yes,18, , ,Y, ,Y, , ,Y, , , , , , ,Y, ,Y,Y, , ,Yes,San Francisco Police Department, ,Yes,,Y,,Y,,Y,Yes, ,"On July [XXX], 2021 at 4:47 PM PDT, a Waymo Autonomous Vehicle (""Waymo AV"") was proceeding straight westbound on [XXX] in San Francisco, when a passenger vehicle struck the Waymo AV from behind two times. The passenger vehicle then struck the Waymo AV a third time, on the left side of the Waymo AV, as it passed on the left, then immediately fled the scene. The San Francisco Police Department is investigating the event as a criminal act. At the time of the impact, the Waymo AV's Level 4 ADS was engaged in autonomous mode, and a test driver was present (in the driver's seating position). Waymo is reporting this crash under Request No. 1 of Standing General Order 2021-01 because the Waymo AV was towed away. Waymo may supplement or correct its report pursuant to Standing General Order 2021-01. ",
30510-3,1,"Cyngn, Inc",No New or Updated Incident Reports,7,2021,JUL-2021,, ,,,, ,, , ,, ,,, , ,, , ,, , ,, , ,,, , ,,,,,, , , , , , , , ,,, ,,, , ,, ,, ,, ,, ,,, ,,,,, ,, , , , , , , , ,,,,,,,, , , , , , , , , , , ,,,,,, , , , , , , , , , , , , , , , , , , , ,,, ,,, ,, ,, ,, ,,
30531-2,1,Transdev Alternative Services,1-Day,,,JUL-2021,2C4RC1K76HR, ,,Chrysler,Pacifica, ,2017, ,27a8308e4525a57,34996, ,In-Vehicle (Commercial / Test),,Y, ,, , ,, , ,, , ,,, , ,,,Yes,ADS,Waymo LLC, , , , ,Y, , , ,,JUL-2021, ,JUL-2021,15:10, ,c26d492ac568c12,,Y,,Y,[MAY CONTAIN PERSONALLY IDENTIFIABLE INFORMATION], ,San Francisco, ,CA ,,Y,Intersection,Dry,No Unusual Conditions,25, ,Daylight, , ,Y, , , , , ,,Van,No Injuries Reported,Yes,Proceeding Straight,No,No, , , , , , , , ,Y, , ,Making Left Turn,No,Yes,Yes,,Y, , , , , , ,Y, , , , , , , , ,Y,Y, , ,No,, ,Yes,, ,, ,, ,Yes, ,"On July [XXX], 2021 at 3:10 PM PDT, a Waymo Autonomous Vehicle (""Waymo AV"") operating in San Francisco was in a collision involving a van at [XXX] and [XXX]. The Waymo AV, while in autonomous mode, was waiting to make a left turn and yielding to oncoming traffic, when the test driver (in the driver's seating position) transitioned to manual mode and proceeded with a left turn manually. During the left turn, an approaching van struck the right side of the Waymo AV. At the time of the impact, the Waymo AV was in manual mode. Waymo is reporting this crash under Request No. 1 of Standing General Order 2021-01 because a vehicle involved was towed away. Waymo may supplement or correct its report pursuant to Standing General Order 2021-01. This report is a duplicate report in reference to [XXX] (Waymo LLC Report - 202107[XXX]-0 (rev.202107[XXX]170406).pdf submitted by Waymo LLC.",
30270-1,1,Waymo LLC,1-Day,,,JUL-2021,2C4RC1K76HR, ,,Chrysler,Pacifica, ,2017, ,27a8308e4525a57,34996, ,In-Vehicle (Commercial / Test),4th Generation ADS, , ,, , ,, , ,, , ,,, , ,,,Yes,ADS,Waymo LLC, , ,Y, , , , , ,,JUL-2021, ,JUL-2021,15:10, ,c26d492ac568c12,[MAY CONTAIN PERSONALLY IDENTIFIABLE INFORMATION], ,[MAY CONTAIN PERSONALLY IDENTIFIABLE INFORMATION], ,[MAY CONTAIN PERSONALLY IDENTIFIABLE INFORMATION], ,San Francisco, ,CA ,,Y,Intersection,Dry,No Unusual Conditions,25, ,Daylight, , ,Y, , , , , ,,Van,No Injuries Reported,Yes,Proceeding Straight,No,No, , , , , , , , ,Y, , ,Making Left Turn,No,Yes,Yes,,Y, , , , , , ,Y, , , , , , ,Y, ,Y,Y, , ,No,, ,Yes,, ,, ,, ,Yes, ,"On July [XXX], 2021 at 3:10 PM PDT, a Waymo Autonomous Vehicle (""Waymo AV"") operating in San Francisco was in a collision involving a van at [XXX] and [XXX]. The Waymo AV, while in autonomous mode, was waiting to make a left turn and yielding to oncoming traffic, when the test driver (in the driver's seating position) transitioned to manual mode and proceeded with a left turn manually. During the left turn, an approaching van struck the right side of the Waymo AV. At the time of the impact, the Waymo AV was in manual mode. Waymo is reporting this crash under Request No. 1 of Standing General Order 2021-01 because a vehicle involved was towed away. Waymo may supplement or correct its report pursuant to Standing General Order 2021-01. ",